This file contains any messages produced by compilers while
running configure, to aid debugging if configure makes a mistake.

It was created by curl configure -, which was
generated by GNU Autoconf 2.71.  Invocation command line was

  $ ./configure --prefix=/home/alex/dev/OmniAmp/1.0.3/modules/http-deps --disable-shared --enable-static --with-openssl=/home/alex/dev/OmniAmp/1.0.3/modules/http-deps --without-libpsl --without-zlib --without-brotli --without-zstd --without-libidn2 --without-libssh2

## --------- ##
## Platform. ##
## --------- ##

hostname = alex-linux
uname -m = x86_64
uname -r = 6.8.0-138-generic
uname -s = Linux
uname -v = #138-Ubuntu SMP PREEMPT_DYNAMIC Fri Jul 31 22:41:49 UTC 2026

/usr/bin/uname -p = x86_64
/bin/uname -X     = unknown

/bin/arch              = x86_64
/usr/bin/arch -k       = unknown
/usr/convex/getsysinfo = unknown
/usr/bin/hostinfo      = unknown
/bin/machine           = unknown
/usr/bin/oslevel       = unknown
/bin/universe          = unknown

PATH: /home/alex/bin/
PATH: /home/alex/dev/scripts/
PATH: /home/alex/.local/bin/
PATH: /home/alex/bin/
PATH: /usr/local/sbin/
PATH: /usr/local/bin/
PATH: /usr/sbin/
PATH: /usr/bin/
PATH: /sbin/
PATH: /bin/
PATH: /usr/games/
PATH: /usr/local/games/
PATH: /snap/bin/


## ----------- ##
## Core tests. ##
## ----------- ##

configure:3377: looking for aux files: ltmain.sh config.guess config.sub missing compile install-sh
configure:3390:  trying ./
configure:3419:   ./ltmain.sh found
configure:3419:   ./config.guess found
configure:3419:   ./config.sub found
configure:3419:   ./missing found
configure:3419:   ./compile found
configure:3401:   ./install-sh found
configure:3545: checking whether to enable maintainer-specific portions of Makefiles
configure:3555: result: no
configure:3580: checking whether make supports nested variables
configure:3598: result: yes
configure:3613: checking whether to enable curl debug features (for developing curl)
configure:3633: result: no
configure:3647: checking whether to enable compiler optimizer
configure:3669: result: (assumed) yes
configure:3684: checking whether to enable strict compiler warnings
configure:3704: result: no
configure:3709: checking whether to enable compiler warnings as errors
configure:3729: result: no
configure:3734: checking whether to enable hiding of library internal symbols
configure:3751: result: yes
configure:3763: checking whether to enable c-ares for DNS lookups
configure:3786: result: no
configure:3791: checking whether to disable dependency on -lrt
configure:3808: result: (assumed no)
configure:3819: checking whether to enable HTTPSRR support
configure:3838: result: no
configure:3850: checking whether to enable ECH support
configure:3869: result: no
configure:3881: checking whether to enable SSL session export support
configure:3900: result: no
configure:3911: checking whether to enable HTTP/3 proxy support
configure:3930: result: no
configure:3980: checking for path separator
configure:3982: result: :
configure:4002: checking for sed
configure:4026: found /usr/bin/sed
configure:4039: result: /usr/bin/sed
configure:4056: checking for grep
configure:4080: found /usr/bin/grep
configure:4093: result: /usr/bin/grep
configure:4108: checking that grep -E works
configure:4112: result: yes
configure:4224: checking for ar
configure:4248: found /usr/bin/ar
configure:4260: result: /usr/bin/ar
configure:4487: checking for a BSD-compatible install
configure:4560: result: /usr/bin/install -c
configure:4637: checking for gcc
configure:4658: found /usr/bin/gcc
configure:4669: result: gcc
configure:5022: checking for C compiler version
configure:5031: gcc --version >&5
gcc (Ubuntu 13.3.0-6ubuntu2~24.04.1) 13.3.0
Copyright (C) 2023 Free Software Foundation, Inc.
This is free software; see the source for copying conditions.  There is NO
warranty; not even for MERCHANTABILITY or FITNESS FOR A PARTICULAR PURPOSE.

configure:5042: $? = 0
configure:5031: gcc -v >&5
Using built-in specs.
COLLECT_GCC=gcc
COLLECT_LTO_WRAPPER=/usr/libexec/gcc/x86_64-linux-gnu/13/lto-wrapper
OFFLOAD_TARGET_NAMES=nvptx-none:amdgcn-amdhsa
OFFLOAD_TARGET_DEFAULT=1
Target: x86_64-linux-gnu
Configured with: ../src/configure -v --with-pkgversion='Ubuntu 13.3.0-6ubuntu2~24.04.1' --with-bugurl=file:///usr/share/doc/gcc-13/README.Bugs --enable-languages=c,ada,c++,go,d,fortran,objc,obj-c++,m2 --prefix=/usr --with-gcc-major-version-only --program-suffix=-13 --program-prefix=x86_64-linux-gnu- --enable-shared --enable-linker-build-id --libexecdir=/usr/libexec --without-included-gettext --enable-threads=posix --libdir=/usr/lib --enable-nls --enable-bootstrap --enable-clocale=gnu --enable-libstdcxx-debug --enable-libstdcxx-time=yes --with-default-libstdcxx-abi=new --enable-libstdcxx-backtrace --enable-gnu-unique-object --disable-vtable-verify --enable-plugin --enable-default-pie --with-system-zlib --enable-libphobos-checking=release --with-target-system-zlib=auto --enable-objc-gc=auto --enable-multiarch --disable-werror --enable-cet --with-arch-32=i686 --with-abi=m64 --with-multilib-list=m32,m64,mx32 --enable-multilib --with-tune=generic --enable-offload-targets=nvptx-none=/build/gcc-13-EldibY/gcc-13-13.3.0/debian/tmp-nvptx/usr,amdgcn-amdhsa=/build/gcc-13-EldibY/gcc-13-13.3.0/debian/tmp-gcn/usr --enable-offload-defaulted --without-cuda-driver --enable-checking=release --build=x86_64-linux-gnu --host=x86_64-linux-gnu --target=x86_64-linux-gnu --with-build-config=bootstrap-lto-lean --enable-link-serialization=2
Thread model: posix
Supported LTO compression algorithms: zlib zstd
gcc version 13.3.0 (Ubuntu 13.3.0-6ubuntu2~24.04.1) 
... rest of stderr output deleted ...
configure:5042: $? = 0
configure:5031: gcc -V >&5
gcc: error: unrecognized command-line option '-V'
gcc: fatal error: no input files
compilation terminated.
configure:5042: $? = 1
configure:5031: gcc -qversion >&5
gcc: error: unrecognized command-line option '-qversion'; did you mean '--version'?
gcc: fatal error: no input files
compilation terminated.
configure:5042: $? = 1
configure:5031: gcc -version >&5
gcc: error: unrecognized command-line option '-version'
gcc: fatal error: no input files
compilation terminated.
configure:5042: $? = 1
configure:5060: checking whether the C compiler works
configure:5082: gcc  -I/home/alex/dev/OmniAmp/1.0.3/modules/http-deps/include -L/home/alex/dev/OmniAmp/1.0.3/modules/http-deps/lib conftest.c  >&5
configure:5086: $? = 0
configure:5136: result: yes
configure:5139: checking for C compiler default output file name
configure:5141: result: a.out
configure:5147: checking for suffix of executables
configure:5154: gcc -o conftest  -I/home/alex/dev/OmniAmp/1.0.3/modules/http-deps/include -L/home/alex/dev/OmniAmp/1.0.3/modules/http-deps/lib conftest.c  >&5
configure:5158: $? = 0
configure:5181: result: 
configure:5201: checking whether we are cross compiling
configure:5209: gcc -o conftest  -I/home/alex/dev/OmniAmp/1.0.3/modules/http-deps/include -L/home/alex/dev/OmniAmp/1.0.3/modules/http-deps/lib conftest.c  >&5
configure:5213: $? = 0
configure:5220: ./conftest
configure:5224: $? = 0
configure:5239: result: no
configure:5244: checking for suffix of object files
configure:5265: gcc -c  -I/home/alex/dev/OmniAmp/1.0.3/modules/http-deps/include conftest.c >&5
configure:5269: $? = 0
configure:5291: result: o
configure:5295: checking whether the compiler supports GNU C
configure:5313: gcc -c  -I/home/alex/dev/OmniAmp/1.0.3/modules/http-deps/include conftest.c >&5
configure:5313: $? = 0
configure:5323: result: yes
configure:5334: checking whether gcc accepts -g
configure:5353: gcc -c -g -I/home/alex/dev/OmniAmp/1.0.3/modules/http-deps/include conftest.c >&5
configure:5353: $? = 0
configure:5393: result: yes
configure:5413: checking for gcc option to enable C11 features
configure:5428: gcc  -c -g -O2 -I/home/alex/dev/OmniAmp/1.0.3/modules/http-deps/include conftest.c >&5
configure:5428: $? = 0
configure:5446: result: none needed
configure:5562: checking whether gcc understands -c and -o together
configure:5583: gcc -c conftest.c -o conftest2.o
configure:5586: $? = 0
configure:5583: gcc -c conftest.c -o conftest2.o
configure:5586: $? = 0
configure:5598: result: yes
configure:5621: checking how to run the C preprocessor
configure:5647: gcc -E -I/home/alex/dev/OmniAmp/1.0.3/modules/http-deps/include conftest.c
configure:5647: $? = 0
configure:5662: gcc -E -I/home/alex/dev/OmniAmp/1.0.3/modules/http-deps/include conftest.c
conftest.c:9:10: fatal error: ac_nonexistent.h: No such file or directory
    9 | #include <ac_nonexistent.h>
      |          ^~~~~~~~~~~~~~~~~~
compilation terminated.
configure:5662: $? = 1
configure: failed program was:
| /* confdefs.h */
| #define PACKAGE_NAME "curl"
| #define PACKAGE_TARNAME "curl"
| #define PACKAGE_VERSION "-"
| #define PACKAGE_STRING "curl -"
| #define PACKAGE_BUGREPORT "a suitable curl mailing list: https://curl.se/mail/"
| #define PACKAGE_URL ""
| /* end confdefs.h.  */
| #include <ac_nonexistent.h>
configure:5689: result: gcc -E
configure:5703: gcc -E -I/home/alex/dev/OmniAmp/1.0.3/modules/http-deps/include conftest.c
configure:5703: $? = 0
configure:5718: gcc -E -I/home/alex/dev/OmniAmp/1.0.3/modules/http-deps/include conftest.c
conftest.c:9:10: fatal error: ac_nonexistent.h: No such file or directory
    9 | #include <ac_nonexistent.h>
      |          ^~~~~~~~~~~~~~~~~~
compilation terminated.
configure:5718: $? = 1
configure: failed program was:
| /* confdefs.h */
| #define PACKAGE_NAME "curl"
| #define PACKAGE_TARNAME "curl"
| #define PACKAGE_VERSION "-"
| #define PACKAGE_STRING "curl -"
| #define PACKAGE_BUGREPORT "a suitable curl mailing list: https://curl.se/mail/"
| #define PACKAGE_URL ""
| /* end confdefs.h.  */
| #include <ac_nonexistent.h>
configure:5787: checking for stdio.h
configure:5787: gcc -c  -I/home/alex/dev/OmniAmp/1.0.3/modules/http-deps/include conftest.c >&5
configure:5787: $? = 0
configure:5787: result: yes
configure:5787: checking for stdlib.h
configure:5787: gcc -c  -I/home/alex/dev/OmniAmp/1.0.3/modules/http-deps/include conftest.c >&5
configure:5787: $? = 0
configure:5787: result: yes
configure:5787: checking for string.h
configure:5787: gcc -c  -I/home/alex/dev/OmniAmp/1.0.3/modules/http-deps/include conftest.c >&5
configure:5787: $? = 0
configure:5787: result: yes
configure:5787: checking for inttypes.h
configure:5787: gcc -c  -I/home/alex/dev/OmniAmp/1.0.3/modules/http-deps/include conftest.c >&5
configure:5787: $? = 0
configure:5787: result: yes
configure:5787: checking for stdint.h
configure:5787: gcc -c  -I/home/alex/dev/OmniAmp/1.0.3/modules/http-deps/include conftest.c >&5
configure:5787: $? = 0
configure:5787: result: yes
configure:5787: checking for strings.h
configure:5787: gcc -c  -I/home/alex/dev/OmniAmp/1.0.3/modules/http-deps/include conftest.c >&5
configure:5787: $? = 0
configure:5787: result: yes
configure:5787: checking for sys/stat.h
configure:5787: gcc -c  -I/home/alex/dev/OmniAmp/1.0.3/modules/http-deps/include conftest.c >&5
configure:5787: $? = 0
configure:5787: result: yes
configure:5787: checking for sys/types.h
configure:5787: gcc -c  -I/home/alex/dev/OmniAmp/1.0.3/modules/http-deps/include conftest.c >&5
configure:5787: $? = 0
configure:5787: result: yes
configure:5787: checking for unistd.h
configure:5787: gcc -c  -I/home/alex/dev/OmniAmp/1.0.3/modules/http-deps/include conftest.c >&5
configure:5787: $? = 0
configure:5787: result: yes
configure:5815: checking for stdatomic.h
configure:5815: gcc -c  -I/home/alex/dev/OmniAmp/1.0.3/modules/http-deps/include conftest.c >&5
configure:5815: $? = 0
configure:5815: result: yes
configure:5820: checking if _Atomic is available
configure:5839: gcc -o conftest  -I/home/alex/dev/OmniAmp/1.0.3/modules/http-deps/include -L/home/alex/dev/OmniAmp/1.0.3/modules/http-deps/lib conftest.c  >&5
configure:5839: $? = 0
configure:5842: result: yes
configure:5866: checking whether build environment is sane
configure:5921: result: yes
configure:6076: checking for a race-free mkdir -p
configure:6120: result: /usr/bin/mkdir -p
configure:6127: checking for gawk
configure:6148: found /usr/bin/gawk
configure:6159: result: gawk
configure:6170: checking whether make sets $(MAKE)
configure:6193: result: yes
configure:6215: checking whether make supports the include directive
configure:6230: make -f confmf.GNU && cat confinc.out
this is the am__doit target
configure:6233: $? = 0
configure:6252: result: yes (GNU style)
configure:6352: checking dependency style of gcc
configure:6464: result: gcc3
configure:6544: checking curl version
configure:6546: result: 8.22.0
configure:6726: checking for perl
configure:6750: found /usr/bin/perl
configure:6762: result: /usr/bin/perl
configure:6869: checking for apxs
configure:6907: result: no
configure:6913: apache2-dev not installed, httpd tests disabled
configure:7105: checking for danted
configure:7143: result: no
configure:7151: checking for danted
configure:7189: result: no
configure:7228: checking for sshd
configure:7266: result: no
configure:7274: checking for sshd
configure:7312: result: no
configure:7341: checking for sftp-server
configure:7379: result: no
configure:7387: checking for sftp-server
configure:7425: result: no
configure:7441: checking for nghttpx
configure:7480: result: no
configure:7493: checking for caddy
configure:7531: result: no
configure:7571: checking build system type
configure:7586: result: x86_64-pc-linux-gnu
configure:7606: checking host system type
configure:7620: result: x86_64-pc-linux-gnu
configure:7648: checking for grep that handles long lines and -e
configure:7712: result: /usr/bin/grep
configure:7717: checking for egrep
configure:7785: result: /usr/bin/grep -E
configure:7794: checking if OS is AIX (to define _ALL_SOURCE)
configure:7815: result: no
configure:7826: checking if _THREAD_SAFE is already defined
configure:7847: gcc -c  -I/home/alex/dev/OmniAmp/1.0.3/modules/http-deps/include conftest.c >&5
conftest.c: In function 'main':
conftest.c:34:10: error: #error force compilation error
   34 |         #error force compilation error
      |          ^~~~~
configure:7847: $? = 1
configure: failed program was:
| /* confdefs.h */
| #define PACKAGE_NAME "curl"
| #define PACKAGE_TARNAME "curl"
| #define PACKAGE_VERSION "-"
| #define PACKAGE_STRING "curl -"
| #define PACKAGE_BUGREPORT "a suitable curl mailing list: https://curl.se/mail/"
| #define PACKAGE_URL ""
| #define HAVE_STDIO_H 1
| #define HAVE_STDLIB_H 1
| #define HAVE_STRING_H 1
| #define HAVE_INTTYPES_H 1
| #define HAVE_STDINT_H 1
| #define HAVE_STRINGS_H 1
| #define HAVE_SYS_STAT_H 1
| #define HAVE_SYS_TYPES_H 1
| #define HAVE_UNISTD_H 1
| #define STDC_HEADERS 1
| #define HAVE_STDATOMIC_H 1
| #define HAVE_ATOMIC 1
| #define PACKAGE "curl"
| #define VERSION "-"
| #define CURL_OS "x86_64-pc-linux-gnu"
| /* end confdefs.h.  */
| 
| 
| 
| int main(void)
| {
| 
|       #ifdef _THREAD_SAFE
|         int dummy = 1;
|         (void)dummy;
|       #else
|         #error force compilation error
|       #endif
| 
|   return 0;
| }
| 
configure:7856: result: no
configure:7864: checking if _THREAD_SAFE is actually needed
configure:7883: result: no
configure:7888: checking if _THREAD_SAFE is onwards defined
configure:7905: result: no
configure:7912: checking if _REENTRANT is already defined
configure:7933: gcc -c  -I/home/alex/dev/OmniAmp/1.0.3/modules/http-deps/include conftest.c >&5
conftest.c: In function 'main':
conftest.c:34:10: error: #error force compilation error
   34 |         #error force compilation error
      |          ^~~~~
configure:7933: $? = 1
configure: failed program was:
| /* confdefs.h */
| #define PACKAGE_NAME "curl"
| #define PACKAGE_TARNAME "curl"
| #define PACKAGE_VERSION "-"
| #define PACKAGE_STRING "curl -"
| #define PACKAGE_BUGREPORT "a suitable curl mailing list: https://curl.se/mail/"
| #define PACKAGE_URL ""
| #define HAVE_STDIO_H 1
| #define HAVE_STDLIB_H 1
| #define HAVE_STRING_H 1
| #define HAVE_INTTYPES_H 1
| #define HAVE_STDINT_H 1
| #define HAVE_STRINGS_H 1
| #define HAVE_SYS_STAT_H 1
| #define HAVE_SYS_TYPES_H 1
| #define HAVE_UNISTD_H 1
| #define STDC_HEADERS 1
| #define HAVE_STDATOMIC_H 1
| #define HAVE_ATOMIC 1
| #define PACKAGE "curl"
| #define VERSION "-"
| #define CURL_OS "x86_64-pc-linux-gnu"
| /* end confdefs.h.  */
| 
| 
| 
| int main(void)
| {
| 
|       #ifdef _REENTRANT
|         int dummy = 1;
|         (void)dummy;
|       #else
|         #error force compilation error
|       #endif
| 
|   return 0;
| }
| 
configure:7942: result: no
configure:7950: checking if _REENTRANT is actually needed
configure:7980: gcc -c  -I/home/alex/dev/OmniAmp/1.0.3/modules/http-deps/include conftest.c >&5
configure:7980: $? = 0
configure:8012: gcc -c  -I/home/alex/dev/OmniAmp/1.0.3/modules/http-deps/include conftest.c >&5
configure:8012: $? = 0
configure:8084: gcc -o conftest  -I/home/alex/dev/OmniAmp/1.0.3/modules/http-deps/include -L/home/alex/dev/OmniAmp/1.0.3/modules/http-deps/lib conftest.c  >&5
configure:8084: $? = 0
configure:8165: gcc -o conftest  -I/home/alex/dev/OmniAmp/1.0.3/modules/http-deps/include -L/home/alex/dev/OmniAmp/1.0.3/modules/http-deps/lib conftest.c  >&5
configure:8165: $? = 0
configure:8246: gcc -o conftest  -I/home/alex/dev/OmniAmp/1.0.3/modules/http-deps/include -L/home/alex/dev/OmniAmp/1.0.3/modules/http-deps/lib conftest.c  >&5
configure:8246: $? = 0
configure:8327: gcc -o conftest  -I/home/alex/dev/OmniAmp/1.0.3/modules/http-deps/include -L/home/alex/dev/OmniAmp/1.0.3/modules/http-deps/lib conftest.c  >&5
configure:8327: $? = 0
configure:8408: gcc -o conftest  -I/home/alex/dev/OmniAmp/1.0.3/modules/http-deps/include -L/home/alex/dev/OmniAmp/1.0.3/modules/http-deps/lib conftest.c  >&5
configure:8408: $? = 0
configure:8467: result: no
configure:8472: checking if _REENTRANT is onwards defined
configure:8489: result: no
configure:8502: checking for special C compiler options needed for large files
configure:8548: result: no
configure:8554: checking for _FILE_OFFSET_BITS value needed for large files
configure:8578: gcc -c  -I/home/alex/dev/OmniAmp/1.0.3/modules/http-deps/include conftest.c >&5
configure:8578: $? = 0
configure:8610: result: no
configure:8736: checking how to print strings
configure:8763: result: printf
configure:8784: checking for a sed that does not truncate output
configure:8854: result: /usr/bin/sed
configure:8872: checking for fgrep
configure:8940: result: /usr/bin/grep -F
configure:8976: checking for ld used by gcc
configure:9044: result: /usr/bin/ld
configure:9051: checking if the linker (/usr/bin/ld) is GNU ld
configure:9067: result: yes
configure:9079: checking for BSD- or MS-compatible name lister (nm)
configure:9134: result: /usr/bin/nm -B
configure:9274: checking the name lister (/usr/bin/nm -B) interface
configure:9282: gcc -c  -I/home/alex/dev/OmniAmp/1.0.3/modules/http-deps/include conftest.c >&5
configure:9285: /usr/bin/nm -B "conftest.o"
configure:9288: output
0000000000000000 B some_variable
configure:9295: result: BSD nm
configure:9298: checking whether ln -s works
configure:9302: result: yes
configure:9310: checking the maximum length of command line arguments
configure:9442: result: 3145728
configure:9490: checking how to convert x86_64-pc-linux-gnu file names to x86_64-pc-linux-gnu format
configure:9531: result: func_convert_file_noop
configure:9538: checking how to convert x86_64-pc-linux-gnu file names to toolchain format
configure:9559: result: func_convert_file_noop
configure:9566: checking for /usr/bin/ld option to reload object files
configure:9574: result: -r
configure:9653: checking for file
configure:9674: found /usr/bin/file
configure:9685: result: file
configure:9761: checking for objdump
configure:9782: found /usr/bin/objdump
configure:9793: result: objdump
configure:9822: checking how to recognize dependent libraries
configure:10023: result: pass_all
configure:10113: checking for dlltool
configure:10148: result: no
configure:10175: checking how to associate runtime and link libraries
configure:10203: result: printf %s\n
configure:10353: checking for archiver @FILE support
configure:10369: gcc -c  -I/home/alex/dev/OmniAmp/1.0.3/modules/http-deps/include conftest.c >&5
configure:10369: $? = 0
configure:10373: /usr/bin/ar cr libconftest.a @conftest.lst >&5
configure:10376: $? = 0
configure:10381: /usr/bin/ar cr libconftest.a @conftest.lst >&5
/usr/bin/ar: conftest.o: No such file or directory
configure:10384: $? = 1
configure:10396: result: @
configure:10459: checking for strip
configure:10480: found /usr/bin/strip
configure:10491: result: strip
configure:10568: checking for ranlib
configure:10589: found /usr/bin/ranlib
configure:10600: result: ranlib
configure:10702: checking command to parse /usr/bin/nm -B output from gcc object
configure:10856: gcc -c  -I/home/alex/dev/OmniAmp/1.0.3/modules/http-deps/include conftest.c >&5
configure:10859: $? = 0
configure:10863: /usr/bin/nm -B conftest.o | /usr/bin/sed -n -e 's/^.*[	 ]\([ABCDGIRSTW][ABCDGIRSTW]*\)[	 ][	 ]*\([_A-Za-z][_A-Za-z0-9]*\)$/\1 \2 \2/p' | /usr/bin/sed '/ __gnu_lto/d' > conftest.nm
configure:10929: gcc -o conftest  -I/home/alex/dev/OmniAmp/1.0.3/modules/http-deps/include -L/home/alex/dev/OmniAmp/1.0.3/modules/http-deps/lib conftest.c conftstm.o >&5
configure:10932: $? = 0
configure:10970: result: ok
configure:11017: checking for sysroot
configure:11048: result: no
configure:11055: checking for a working dd
configure:11099: result: /usr/bin/dd
configure:11103: checking how to truncate binary pipes
configure:11119: result: /usr/bin/dd bs=4096 count=1
configure:11256: gcc -c  -I/home/alex/dev/OmniAmp/1.0.3/modules/http-deps/include conftest.c >&5
configure:11259: $? = 0
configure:11454: checking for mt
configure:11475: found /usr/bin/mt
configure:11486: result: mt
configure:11509: checking if mt is a manifest tool
configure:11516: mt '-?'
configure:11524: result: no
configure:12243: checking for dlfcn.h
configure:12243: gcc -c  -I/home/alex/dev/OmniAmp/1.0.3/modules/http-deps/include conftest.c >&5
configure:12243: $? = 0
configure:12243: result: yes
configure:12914: checking for objdir
configure:12930: result: .libs
configure:13194: checking if gcc supports -fno-rtti -fno-exceptions
configure:13213: gcc -c  -I/home/alex/dev/OmniAmp/1.0.3/modules/http-deps/include -fno-rtti -fno-exceptions conftest.c >&5
cc1: warning: command-line option '-fno-rtti' is valid for C++/D/ObjC++ but not for C
configure:13217: $? = 0
configure:13230: result: no
configure:13594: checking for gcc option to produce PIC
configure:13602: result: -fPIC -DPIC
configure:13610: checking if gcc PIC flag -fPIC -DPIC works
configure:13629: gcc -c  -I/home/alex/dev/OmniAmp/1.0.3/modules/http-deps/include -fPIC -DPIC -DPIC conftest.c >&5
configure:13633: $? = 0
configure:13646: result: yes
configure:13675: checking if gcc static flag -static works
configure:13704: result: yes
configure:13719: checking if gcc supports -c -o file.o
configure:13741: gcc -c  -I/home/alex/dev/OmniAmp/1.0.3/modules/http-deps/include -o out/conftest2.o conftest.c >&5
configure:13745: $? = 0
configure:13767: result: yes
configure:13775: checking if gcc supports -c -o file.o
configure:13823: result: yes
configure:13856: checking whether the gcc linker (/usr/bin/ld -m elf_x86_64) supports shared libraries
configure:15126: result: yes
configure:15367: checking dynamic linker characteristics
configure:15947: gcc -o conftest  -I/home/alex/dev/OmniAmp/1.0.3/modules/http-deps/include -L/home/alex/dev/OmniAmp/1.0.3/modules/http-deps/lib -Wl,-rpath -Wl,/foo conftest.c  >&5
configure:15947: $? = 0
configure:16198: result: GNU/Linux ld.so
configure:16320: checking how to hardcode library paths into programs
configure:16345: result: immediate
configure:16892: checking whether stripping libraries is possible
configure:16901: result: yes
configure:16943: checking if libtool supports shared libraries
configure:16945: result: yes
configure:16948: checking whether to build shared libraries
configure:16973: result: no
configure:16976: checking whether to build static libraries
configure:16980: result: yes
configure:17054: checking whether to build shared libraries with -version-info
configure:17065: result: yes
configure:17075: checking whether to build shared libraries with -no-undefined
configure:17088: result: no
configure:17098: checking whether to build shared libraries with -mimpure-text
configure:17108: result: no
configure:17138: checking whether to build shared libraries with PIC
configure:17140: result: yes
configure:17142: checking whether to build static libraries with PIC
configure:17144: result: yes
configure:17154: checking whether to build shared libraries only
configure:17162: result: no
configure:17168: checking whether to build static libraries only
configure:17176: result: yes
configure:17240: checking for windres
configure:17275: result: no
configure:17431: checking if cpp -P is needed
configure:17449: result: yes
configure:17453: checking if cpp -P works
configure:17473: result: yes
configure:17502: checking if compiler is DEC/Compaq/HP C
configure:17528: gcc -E -I/home/alex/dev/OmniAmp/1.0.3/modules/http-deps/include -P conftest.c
configure:17528: $? = 0
configure:17577: gcc -E -I/home/alex/dev/OmniAmp/1.0.3/modules/http-deps/include -P conftest.c
configure:17577: $? = 0
configure:17612: result: no
configure:17617: checking if compiler is HP-UX C
configure:17643: gcc -E -I/home/alex/dev/OmniAmp/1.0.3/modules/http-deps/include -P conftest.c
configure:17643: $? = 0
configure:17677: result: no
configure:17682: checking if compiler is IBM C
configure:17708: gcc -E -I/home/alex/dev/OmniAmp/1.0.3/modules/http-deps/include -P conftest.c
configure:17708: $? = 0
configure:17750: result: no
configure:17756: checking if compiler is Intel C
configure:17782: gcc -E -I/home/alex/dev/OmniAmp/1.0.3/modules/http-deps/include -P conftest.c
configure:17782: $? = 0
configure:17879: result: no
configure:17885: checking if compiler is clang
configure:17911: gcc -E -I/home/alex/dev/OmniAmp/1.0.3/modules/http-deps/include -P conftest.c
configure:17911: $? = 0
configure:18050: result: no
configure:18057: checking if compiler is GNU C
configure:18083: gcc -E -I/home/alex/dev/OmniAmp/1.0.3/modules/http-deps/include -P conftest.c
configure:18083: $? = 0
configure:18110: result: yes
configure:18113: checking compiler version
configure:18124: result: gcc '1300' (raw: '13')
configure:18423: checking if compiler is SunPro C
configure:18449: gcc -E -I/home/alex/dev/OmniAmp/1.0.3/modules/http-deps/include -P conftest.c
configure:18449: $? = 0
configure:18483: result: no
configure:18488: checking if compiler is Tiny C
configure:18514: gcc -E -I/home/alex/dev/OmniAmp/1.0.3/modules/http-deps/include -P conftest.c
configure:18514: $? = 0
configure:18548: result: no
configure:18572: checking for code coverage support
configure:18588: result: no
configure:18757: checking whether build target is a native Windows one
configure:18783: gcc -c  -I/home/alex/dev/OmniAmp/1.0.3/modules/http-deps/include conftest.c >&5
conftest.c: In function 'main':
conftest.c:36:12: error: #error Not a native Windows build target.
   36 |           #error Not a native Windows build target.
      |            ^~~~~
configure:18783: $? = 1
configure: failed program was:
| /* confdefs.h */
| #define PACKAGE_NAME "curl"
| #define PACKAGE_TARNAME "curl"
| #define PACKAGE_VERSION "-"
| #define PACKAGE_STRING "curl -"
| #define PACKAGE_BUGREPORT "a suitable curl mailing list: https://curl.se/mail/"
| #define PACKAGE_URL ""
| #define HAVE_STDIO_H 1
| #define HAVE_STDLIB_H 1
| #define HAVE_STRING_H 1
| #define HAVE_INTTYPES_H 1
| #define HAVE_STDINT_H 1
| #define HAVE_STRINGS_H 1
| #define HAVE_SYS_STAT_H 1
| #define HAVE_SYS_TYPES_H 1
| #define HAVE_UNISTD_H 1
| #define STDC_HEADERS 1
| #define HAVE_STDATOMIC_H 1
| #define HAVE_ATOMIC 1
| #define PACKAGE "curl"
| #define VERSION "-"
| #define CURL_OS "x86_64-pc-linux-gnu"
| #define HAVE_DLFCN_H 1
| #define LT_OBJDIR ".libs/"
| /* end confdefs.h.  */
| 
| 
| 
| int main(void)
| {
| 
|         #ifdef _WIN32
|           int dummy = 1;
|           (void)dummy;
|         #else
|           #error Not a native Windows build target.
|         #endif
| 
|   return 0;
| }
| 
configure:18796: result: no
configure:18949: checking if compiler accepts some basic options
configure:18972: gcc -c -Werror-implicit-function-declaration -I/home/alex/dev/OmniAmp/1.0.3/modules/http-deps/include conftest.c >&5
configure:18972: $? = 0
configure:19002: gcc -o conftest -Werror-implicit-function-declaration -I/home/alex/dev/OmniAmp/1.0.3/modules/http-deps/include -L/home/alex/dev/OmniAmp/1.0.3/modules/http-deps/lib conftest.c  >&5
configure:19002: $? = 0
configure:19093: sh ./run-compiler -o conftest -Werror-implicit-function-declaration -I/home/alex/dev/OmniAmp/1.0.3/modules/http-deps/include -L/home/alex/dev/OmniAmp/1.0.3/modules/http-deps/lib conftest.c  >&5
configure:19093: $? = 0
configure:19093: ./conftest
configure:19093: $? = 0
configure:19116: result: yes
configure:19118: compiler options added: -Werror-implicit-function-declaration 
configure:19184: checking if compiler optimizer assumed setting might be used
configure:19222: result: yes
configure:19270: checking if compiler accepts optimizer enabling options
configure:19305: gcc -c -Werror-implicit-function-declaration -O2 -I/home/alex/dev/OmniAmp/1.0.3/modules/http-deps/include conftest.c >&5
configure:19305: $? = 0
configure:19335: gcc -o conftest -Werror-implicit-function-declaration -O2 -I/home/alex/dev/OmniAmp/1.0.3/modules/http-deps/include -L/home/alex/dev/OmniAmp/1.0.3/modules/http-deps/lib conftest.c  >&5
configure:19335: $? = 0
configure:19426: sh ./run-compiler -o conftest -Werror-implicit-function-declaration -O2 -I/home/alex/dev/OmniAmp/1.0.3/modules/http-deps/include -L/home/alex/dev/OmniAmp/1.0.3/modules/http-deps/lib conftest.c  >&5
configure:19426: $? = 0
configure:19426: ./conftest
configure:19426: $? = 0
configure:19449: result: yes
configure:19451: compiler options added: -O2
configure:22064: checking if compiler accepts strict warning options
configure:22087: gcc -c -Werror-implicit-function-declaration -O2 -Wno-system-headers -I/home/alex/dev/OmniAmp/1.0.3/modules/http-deps/include conftest.c >&5
configure:22087: $? = 0
configure:22117: gcc -o conftest -Werror-implicit-function-declaration -O2 -Wno-system-headers -I/home/alex/dev/OmniAmp/1.0.3/modules/http-deps/include -L/home/alex/dev/OmniAmp/1.0.3/modules/http-deps/lib conftest.c  >&5
configure:22117: $? = 0
configure:22208: sh ./run-compiler -o conftest -Werror-implicit-function-declaration -O2 -Wno-system-headers -I/home/alex/dev/OmniAmp/1.0.3/modules/http-deps/include -L/home/alex/dev/OmniAmp/1.0.3/modules/http-deps/lib conftest.c  >&5
configure:22208: $? = 0
configure:22208: ./conftest
configure:22208: $? = 0
configure:22231: result: yes
configure:22233: compiler options added: -Wno-system-headers 
configure:22289: checking if compiler halts on compilation errors
configure:22305: gcc -c -Werror-implicit-function-declaration -O2 -Wno-system-headers -I/home/alex/dev/OmniAmp/1.0.3/modules/http-deps/include conftest.c >&5
conftest.c: In function 'main':
conftest.c:32:8: error: #error force compilation error
   32 |       #error force compilation error
      |        ^~~~~
configure:22305: $? = 1
configure: failed program was:
| /* confdefs.h */
| #define PACKAGE_NAME "curl"
| #define PACKAGE_TARNAME "curl"
| #define PACKAGE_VERSION "-"
| #define PACKAGE_STRING "curl -"
| #define PACKAGE_BUGREPORT "a suitable curl mailing list: https://curl.se/mail/"
| #define PACKAGE_URL ""
| #define HAVE_STDIO_H 1
| #define HAVE_STDLIB_H 1
| #define HAVE_STRING_H 1
| #define HAVE_INTTYPES_H 1
| #define HAVE_STDINT_H 1
| #define HAVE_STRINGS_H 1
| #define HAVE_SYS_STAT_H 1
| #define HAVE_SYS_TYPES_H 1
| #define HAVE_UNISTD_H 1
| #define STDC_HEADERS 1
| #define HAVE_STDATOMIC_H 1
| #define HAVE_ATOMIC 1
| #define PACKAGE "curl"
| #define VERSION "-"
| #define CURL_OS "x86_64-pc-linux-gnu"
| #define HAVE_DLFCN_H 1
| #define LT_OBJDIR ".libs/"
| /* end confdefs.h.  */
| 
| 
| 
| int main(void)
| {
| 
|       #error force compilation error
| 
|   return 0;
| }
| 
configure:22314: result: yes
configure:22322: checking if compiler halts on negative sized arrays
configure:22340: gcc -c -Werror-implicit-function-declaration -O2 -Wno-system-headers -I/home/alex/dev/OmniAmp/1.0.3/modules/http-deps/include conftest.c >&5
conftest.c:28:20: error: size of array 'bad_t' is negative
   28 |       typedef char bad_t[sizeof(char) == sizeof(int) ? -1 : -1];
      |                    ^~~~~
configure:22340: $? = 1
configure: failed program was:
| /* confdefs.h */
| #define PACKAGE_NAME "curl"
| #define PACKAGE_TARNAME "curl"
| #define PACKAGE_VERSION "-"
| #define PACKAGE_STRING "curl -"
| #define PACKAGE_BUGREPORT "a suitable curl mailing list: https://curl.se/mail/"
| #define PACKAGE_URL ""
| #define HAVE_STDIO_H 1
| #define HAVE_STDLIB_H 1
| #define HAVE_STRING_H 1
| #define HAVE_INTTYPES_H 1
| #define HAVE_STDINT_H 1
| #define HAVE_STRINGS_H 1
| #define HAVE_SYS_STAT_H 1
| #define HAVE_SYS_TYPES_H 1
| #define HAVE_UNISTD_H 1
| #define STDC_HEADERS 1
| #define HAVE_STDATOMIC_H 1
| #define HAVE_ATOMIC 1
| #define PACKAGE "curl"
| #define VERSION "-"
| #define CURL_OS "x86_64-pc-linux-gnu"
| #define HAVE_DLFCN_H 1
| #define LT_OBJDIR ".libs/"
| /* end confdefs.h.  */
| 
| 
|       typedef char bad_t[sizeof(char) == sizeof(int) ? -1 : -1];
| 
| int main(void)
| {
| 
|       bad_t dummy;
|       (void)dummy;
| 
|   return 0;
| }
| 
configure:22349: result: yes
configure:22357: checking if compiler halts on function prototype mismatch
configure:22385: gcc -c -Werror-implicit-function-declaration -O2 -Wno-system-headers -I/home/alex/dev/OmniAmp/1.0.3/modules/http-deps/include conftest.c >&5
conftest.c:29:11: error: conflicting types for 'rand'; have 'int(int)'
   29 |       int rand(int n);
      |           ^~~~
In file included from conftest.c:28:
/usr/include/stdlib.h:573:12: note: previous declaration of 'rand' with type 'int(void)'
  573 | extern int rand (void) __THROW;
      |            ^~~~
conftest.c:30:11: error: conflicting types for 'rand'; have 'int(int)'
   30 |       int rand(int n)
      |           ^~~~
/usr/include/stdlib.h:573:12: note: previous declaration of 'rand' with type 'int(void)'
  573 | extern int rand (void) __THROW;
      |            ^~~~
configure:22385: $? = 1
configure: failed program was:
| /* confdefs.h */
| #define PACKAGE_NAME "curl"
| #define PACKAGE_TARNAME "curl"
| #define PACKAGE_VERSION "-"
| #define PACKAGE_STRING "curl -"
| #define PACKAGE_BUGREPORT "a suitable curl mailing list: https://curl.se/mail/"
| #define PACKAGE_URL ""
| #define HAVE_STDIO_H 1
| #define HAVE_STDLIB_H 1
| #define HAVE_STRING_H 1
| #define HAVE_INTTYPES_H 1
| #define HAVE_STDINT_H 1
| #define HAVE_STRINGS_H 1
| #define HAVE_SYS_STAT_H 1
| #define HAVE_SYS_TYPES_H 1
| #define HAVE_UNISTD_H 1
| #define STDC_HEADERS 1
| #define HAVE_STDATOMIC_H 1
| #define HAVE_ATOMIC 1
| #define PACKAGE "curl"
| #define VERSION "-"
| #define CURL_OS "x86_64-pc-linux-gnu"
| #define HAVE_DLFCN_H 1
| #define LT_OBJDIR ".libs/"
| /* end confdefs.h.  */
| 
| 
|       #include <stdlib.h>
|       int rand(int n);
|       int rand(int n)
|       {
|         if(n)
|           return ++n;
|         else
|           return n;
|       }
| 
| int main(void)
| {
| 
|       int i[2] ={ 0, 0 };
|       int j = rand(i[0]);
|       if(j)
|         return j;
| 
|   return 0;
| }
| 
configure:22394: result: yes
configure:22403: checking if compiler supports hiding library internal symbols
configure:22496: gcc -c -Werror-implicit-function-declaration -O2 -Wno-system-headers -fvisibility=hidden -I/home/alex/dev/OmniAmp/1.0.3/modules/http-deps/include conftest.c >&5
configure:22496: $? = 0
configure:22520: result: yes
configure:22577: checking whether build target supports Win32 crypto API
configure:22623: result: no
configure:22716: checking whether to build libcurl and curl in "unity" mode
configure:22733: result: no
configure:22752: checking whether to support http
configure:22794: result: yes
configure:22799: checking whether to support ftp
configure:22819: result: yes
configure:22824: checking whether to support file
configure:22844: result: yes
configure:22849: checking whether to support IPFS
configure:22875: result: yes
configure:22885: checking whether to support ldap
configure:22911: result: yes
configure:22916: checking whether to support ldaps
configure:22958: result: yes
configure:22969: checking whether to support rtsp
configure:22995: result: yes
configure:23006: checking whether to support proxies
configure:23027: result: yes
configure:23033: checking whether to support dict
configure:23053: result: yes
configure:23059: checking whether to support telnet
configure:23079: result: yes
configure:23092: checking whether to support tftp
configure:23112: result: yes
configure:23118: checking whether to support pop3
configure:23138: result: yes
configure:23144: checking whether to support imap
configure:23164: result: yes
configure:23170: checking whether to support smb
configure:23190: result: no
configure:23196: checking whether to support smtp
configure:23216: result: yes
configure:23222: checking whether to support gopher
configure:23242: result: yes
configure:23248: checking whether to support mqtt
configure:23268: result: no
configure:23274: checking enable curl_global_init_mem debug build
configure:23294: result: no
configure:23301: checking whether to provide built-in manual
configure:23318: result: yes
configure:23326: checking whether to build documentation
configure:23346: result: yes
configure:23358: checking whether to enable generation of C code
configure:23378: result: yes
configure:23385: checking whether to use libgcc
configure:23402: result: no
configure:23408: checking whether to use libbacktrace
configure:23429: result: no
configure:23436: checking if X/Open network library is required
configure:23455: gcc -c -Werror-implicit-function-declaration -O2 -Wno-system-headers -I/home/alex/dev/OmniAmp/1.0.3/modules/http-deps/include -D_GNU_SOURCE conftest.c >&5
conftest.c: In function 'main':
conftest.c:34:10: error: #error force compilation error
   34 |         #error force compilation error
      |          ^~~~~
configure:23455: $? = 1
configure: failed program was:
| /* confdefs.h */
| #define PACKAGE_NAME "curl"
| #define PACKAGE_TARNAME "curl"
| #define PACKAGE_VERSION "-"
| #define PACKAGE_STRING "curl -"
| #define PACKAGE_BUGREPORT "a suitable curl mailing list: https://curl.se/mail/"
| #define PACKAGE_URL ""
| #define HAVE_STDIO_H 1
| #define HAVE_STDLIB_H 1
| #define HAVE_STRING_H 1
| #define HAVE_INTTYPES_H 1
| #define HAVE_STDINT_H 1
| #define HAVE_STRINGS_H 1
| #define HAVE_SYS_STAT_H 1
| #define HAVE_SYS_TYPES_H 1
| #define HAVE_UNISTD_H 1
| #define STDC_HEADERS 1
| #define HAVE_STDATOMIC_H 1
| #define HAVE_ATOMIC 1
| #define PACKAGE "curl"
| #define VERSION "-"
| #define CURL_OS "x86_64-pc-linux-gnu"
| #define HAVE_DLFCN_H 1
| #define LT_OBJDIR ".libs/"
| #define HAVE_LDAP_SSL 1
| /* end confdefs.h.  */
| 
| 
|       int main(void)
|       {
|       #if defined(__hpux) && defined(_XOPEN_SOURCE) && (_XOPEN_SOURCE >= 600)
|       #elif defined(__hpux) && defined(_XOPEN_SOURCE_EXTENDED)
|       #else
|         #error force compilation error
|       #endif
|         return 0;
|       }
| 
| 
configure:23463: result: no
configure:23467: checking for gethostbyname
configure:23467: gcc -o conftest -Werror-implicit-function-declaration -O2 -Wno-system-headers -I/home/alex/dev/OmniAmp/1.0.3/modules/http-deps/include -D_GNU_SOURCE -L/home/alex/dev/OmniAmp/1.0.3/modules/http-deps/lib conftest.c  >&5
configure:23467: $? = 0
configure:23467: result: yes
configure:23889: checking whether build target is a native Windows one
configure:23928: result: no
configure:23958: checking for proto/bsdsocket.h
configure:23958: gcc -c -Werror-implicit-function-declaration -O2 -Wno-system-headers -I/home/alex/dev/OmniAmp/1.0.3/modules/http-deps/include -D_GNU_SOURCE conftest.c >&5
conftest.c:44:10: fatal error: proto/bsdsocket.h: No such file or directory
   44 | #include <proto/bsdsocket.h>
      |          ^~~~~~~~~~~~~~~~~~~
compilation terminated.
configure:23958: $? = 1
configure: failed program was:
| /* confdefs.h */
| #define PACKAGE_NAME "curl"
| #define PACKAGE_TARNAME "curl"
| #define PACKAGE_VERSION "-"
| #define PACKAGE_STRING "curl -"
| #define PACKAGE_BUGREPORT "a suitable curl mailing list: https://curl.se/mail/"
| #define PACKAGE_URL ""
| #define HAVE_STDIO_H 1
| #define HAVE_STDLIB_H 1
| #define HAVE_STRING_H 1
| #define HAVE_INTTYPES_H 1
| #define HAVE_STDINT_H 1
| #define HAVE_STRINGS_H 1
| #define HAVE_SYS_STAT_H 1
| #define HAVE_SYS_TYPES_H 1
| #define HAVE_UNISTD_H 1
| #define STDC_HEADERS 1
| #define HAVE_STDATOMIC_H 1
| #define HAVE_ATOMIC 1
| #define PACKAGE "curl"
| #define VERSION "-"
| #define CURL_OS "x86_64-pc-linux-gnu"
| #define HAVE_DLFCN_H 1
| #define LT_OBJDIR ".libs/"
| #define HAVE_LDAP_SSL 1
| /* end confdefs.h.  */
| /* includes start */
| #ifdef HAVE_PROTO_BSDSOCKET_H
| #  define __NO_NET_API
| #  define __USE_INLINE__
| #  include <proto/bsdsocket.h>
| #  ifdef HAVE_SYS_IOCTL_H
| #    include <sys/ioctl.h>
| #  endif
| #  ifdef __amigaos4__
| struct SocketIFace *ISocket = NULL;
| #  else
| struct Library *SocketBase = NULL;
| #  endif
| #  define select(a, b, c, d, e)  WaitSelect(a, b, c, d, e, 0)
| #endif
| /* includes end */
| 
| #include <proto/bsdsocket.h>
configure:23958: result: no
configure:23970: checking for connect in libraries
configure:23997: gcc -o conftest -Werror-implicit-function-declaration -O2 -Wno-system-headers -I/home/alex/dev/OmniAmp/1.0.3/modules/http-deps/include -D_GNU_SOURCE -L/home/alex/dev/OmniAmp/1.0.3/modules/http-deps/lib conftest.c   >&5
configure:23997: $? = 0
configure:24016: result: yes
configure:24028: checking for sys/types.h
configure:24028: result: yes
configure:24035: checking for monotonic clock_gettime
configure:24061: gcc -c -Werror-implicit-function-declaration -O2 -Wno-system-headers -I/home/alex/dev/OmniAmp/1.0.3/modules/http-deps/include -D_GNU_SOURCE conftest.c >&5
configure:24061: $? = 0
configure:24064: result: yes
configure:24083: checking for clock_gettime in libraries
configure:24119: gcc -o conftest -Werror-implicit-function-declaration -O2 -Wno-system-headers -I/home/alex/dev/OmniAmp/1.0.3/modules/http-deps/include -D_GNU_SOURCE -L/home/alex/dev/OmniAmp/1.0.3/modules/http-deps/lib conftest.c  >&5
configure:24119: $? = 0
configure:24141: result: no additional lib required
configure:24165: checking if monotonic clock_gettime works
configure:24259: sh ./run-compiler -o conftest -Werror-implicit-function-declaration -O2 -Wno-system-headers -I/home/alex/dev/OmniAmp/1.0.3/modules/http-deps/include -D_GNU_SOURCE -L/home/alex/dev/OmniAmp/1.0.3/modules/http-deps/lib conftest.c  >&5
configure:24259: $? = 0
configure:24259: ./conftest
configure:24259: $? = 0
configure:24261: result: yes
configure:24295: checking for sys/types.h
configure:24295: result: yes
configure:24302: checking for raw monotonic clock_gettime
configure:24328: gcc -c -Werror-implicit-function-declaration -O2 -Wno-system-headers -I/home/alex/dev/OmniAmp/1.0.3/modules/http-deps/include -D_GNU_SOURCE conftest.c >&5
configure:24328: $? = 0
configure:24331: result: yes
configure:24363: WARNING: zlib disabled
configure:25764: checking whether to enable IPv6
configure:25807: gcc -c -Werror-implicit-function-declaration -O2 -Wno-system-headers -I/home/alex/dev/OmniAmp/1.0.3/modules/http-deps/include -D_GNU_SOURCE conftest.c >&5
configure:25807: $? = 0
configure:25809: result: yes
configure:25830: checking if struct sockaddr_in6 has sin6_scope_id member
configure:25858: gcc -c -Werror-implicit-function-declaration -O2 -Wno-system-headers -I/home/alex/dev/OmniAmp/1.0.3/modules/http-deps/include -D_GNU_SOURCE conftest.c >&5
configure:25858: $? = 0
configure:25861: result: yes
configure:25877: checking if argv can be written to
configure:25947: sh ./run-compiler -o conftest -Werror-implicit-function-declaration -O2 -Wno-system-headers -I/home/alex/dev/OmniAmp/1.0.3/modules/http-deps/include -D_GNU_SOURCE -L/home/alex/dev/OmniAmp/1.0.3/modules/http-deps/lib conftest.c  >&5
configure:25947: $? = 0
configure:25947: ./conftest
configure:25947: $? = 0
configure:25972: result: yes
configure:26063: checking if GSS-API support is requested
configure:26609: result: no
configure:27270: checking whether to enable Windows native SSL/TLS
configure:27297: result: no
configure:27302: checking whether to enable Amiga native SSL/TLS (AmiSSL 5)
configure:27392: result: no
configure:27777: checking for HMAC_Update in -lcrypto
configure:27799: gcc -o conftest -Werror-implicit-function-declaration -O2 -Wno-system-headers -I/home/alex/dev/OmniAmp/1.0.3/modules/http-deps/include -D_GNU_SOURCE -I/home/alex/dev/OmniAmp/1.0.3/modules/http-deps/include -L/home/alex/dev/OmniAmp/1.0.3/modules/http-deps/lib -L/home/alex/dev/OmniAmp/1.0.3/modules/http-deps/lib conftest.c -lcrypto   >&5
configure:27799: $? = 0
configure:27809: result: yes
configure:27945: checking for SSL_connect in -lssl
configure:27967: gcc -o conftest -Werror-implicit-function-declaration -O2 -Wno-system-headers -I/home/alex/dev/OmniAmp/1.0.3/modules/http-deps/include -D_GNU_SOURCE -I/home/alex/dev/OmniAmp/1.0.3/modules/http-deps/include -L/home/alex/dev/OmniAmp/1.0.3/modules/http-deps/lib -L/home/alex/dev/OmniAmp/1.0.3/modules/http-deps/lib conftest.c -lssl  -lcrypto  >&5
configure:27967: $? = 0
configure:27977: result: yes
configure:27992: checking for openssl/rsa.h
configure:27992: gcc -c -Werror-implicit-function-declaration -O2 -Wno-system-headers -I/home/alex/dev/OmniAmp/1.0.3/modules/http-deps/include -D_GNU_SOURCE -I/home/alex/dev/OmniAmp/1.0.3/modules/http-deps/include conftest.c >&5
configure:27992: $? = 0
configure:27992: result: yes
configure:27992: checking for openssl/crypto.h
configure:27992: gcc -c -Werror-implicit-function-declaration -O2 -Wno-system-headers -I/home/alex/dev/OmniAmp/1.0.3/modules/http-deps/include -D_GNU_SOURCE -I/home/alex/dev/OmniAmp/1.0.3/modules/http-deps/include conftest.c >&5
configure:27992: $? = 0
configure:27992: result: yes
configure:27992: checking for openssl/pem.h
configure:27992: gcc -c -Werror-implicit-function-declaration -O2 -Wno-system-headers -I/home/alex/dev/OmniAmp/1.0.3/modules/http-deps/include -D_GNU_SOURCE -I/home/alex/dev/OmniAmp/1.0.3/modules/http-deps/include conftest.c >&5
configure:27992: $? = 0
configure:27992: result: yes
configure:27992: checking for openssl/ssl.h
configure:27992: gcc -c -Werror-implicit-function-declaration -O2 -Wno-system-headers -I/home/alex/dev/OmniAmp/1.0.3/modules/http-deps/include -D_GNU_SOURCE -I/home/alex/dev/OmniAmp/1.0.3/modules/http-deps/include conftest.c >&5
configure:27992: $? = 0
configure:27992: result: yes
configure:27992: checking for openssl/err.h
configure:27992: gcc -c -Werror-implicit-function-declaration -O2 -Wno-system-headers -I/home/alex/dev/OmniAmp/1.0.3/modules/http-deps/include -D_GNU_SOURCE -I/home/alex/dev/OmniAmp/1.0.3/modules/http-deps/include conftest.c >&5
configure:27992: $? = 0
configure:27992: result: yes
configure:28017: checking for AWS-LC
configure:28036: gcc -c -Werror-implicit-function-declaration -O2 -Wno-system-headers -I/home/alex/dev/OmniAmp/1.0.3/modules/http-deps/include -D_GNU_SOURCE -I/home/alex/dev/OmniAmp/1.0.3/modules/http-deps/include conftest.c >&5
conftest.c:47:18: fatal error: openssl/base.h: No such file or directory
   47 |         #include <openssl/base.h>
      |                  ^~~~~~~~~~~~~~~~
compilation terminated.
configure:28036: $? = 1
configure: failed program was:
| /* confdefs.h */
| #define PACKAGE_NAME "curl"
| #define PACKAGE_TARNAME "curl"
| #define PACKAGE_VERSION "-"
| #define PACKAGE_STRING "curl -"
| #define PACKAGE_BUGREPORT "a suitable curl mailing list: https://curl.se/mail/"
| #define PACKAGE_URL ""
| #define HAVE_STDIO_H 1
| #define HAVE_STDLIB_H 1
| #define HAVE_STRING_H 1
| #define HAVE_INTTYPES_H 1
| #define HAVE_STDINT_H 1
| #define HAVE_STRINGS_H 1
| #define HAVE_SYS_STAT_H 1
| #define HAVE_SYS_TYPES_H 1
| #define HAVE_UNISTD_H 1
| #define STDC_HEADERS 1
| #define HAVE_STDATOMIC_H 1
| #define HAVE_ATOMIC 1
| #define PACKAGE "curl"
| #define VERSION "-"
| #define CURL_OS "x86_64-pc-linux-gnu"
| #define HAVE_DLFCN_H 1
| #define LT_OBJDIR ".libs/"
| #define HAVE_LDAP_SSL 1
| #define HAVE_SYS_TYPES_H 1
| #define HAVE_CLOCK_GETTIME_MONOTONIC 1
| #define HAVE_SYS_TYPES_H 1
| #define HAVE_CLOCK_GETTIME_MONOTONIC_RAW 1
| #define USE_IPV6 1
| #define HAVE_SOCKADDR_IN6_SIN6_SCOPE_ID 1
| #define HAVE_WRITABLE_ARGV 1
| #define HAVE_LIBSSL 1
| #define HAVE_OPENSSL_RSA_H 1
| #define USE_OPENSSL 1
| #define HAVE_OPENSSL_CRYPTO_H 1
| #define USE_OPENSSL 1
| #define HAVE_OPENSSL_PEM_H 1
| #define USE_OPENSSL 1
| #define HAVE_OPENSSL_SSL_H 1
| #define USE_OPENSSL 1
| #define HAVE_OPENSSL_ERR_H 1
| #define USE_OPENSSL 1
| /* end confdefs.h.  */
| 
| 
|         #include <openssl/base.h>
| 
| int main(void)
| {
| 
|         #ifndef OPENSSL_IS_AWSLC
|         #error not AWS-LC
|         #endif
| 
|   return 0;
| }
| 
configure:28046: result: no
configure:28052: checking for BoringSSL
configure:28071: gcc -c -Werror-implicit-function-declaration -O2 -Wno-system-headers -I/home/alex/dev/OmniAmp/1.0.3/modules/http-deps/include -D_GNU_SOURCE -I/home/alex/dev/OmniAmp/1.0.3/modules/http-deps/include conftest.c >&5
conftest.c:47:18: fatal error: openssl/base.h: No such file or directory
   47 |         #include <openssl/base.h>
      |                  ^~~~~~~~~~~~~~~~
compilation terminated.
configure:28071: $? = 1
configure: failed program was:
| /* confdefs.h */
| #define PACKAGE_NAME "curl"
| #define PACKAGE_TARNAME "curl"
| #define PACKAGE_VERSION "-"
| #define PACKAGE_STRING "curl -"
| #define PACKAGE_BUGREPORT "a suitable curl mailing list: https://curl.se/mail/"
| #define PACKAGE_URL ""
| #define HAVE_STDIO_H 1
| #define HAVE_STDLIB_H 1
| #define HAVE_STRING_H 1
| #define HAVE_INTTYPES_H 1
| #define HAVE_STDINT_H 1
| #define HAVE_STRINGS_H 1
| #define HAVE_SYS_STAT_H 1
| #define HAVE_SYS_TYPES_H 1
| #define HAVE_UNISTD_H 1
| #define STDC_HEADERS 1
| #define HAVE_STDATOMIC_H 1
| #define HAVE_ATOMIC 1
| #define PACKAGE "curl"
| #define VERSION "-"
| #define CURL_OS "x86_64-pc-linux-gnu"
| #define HAVE_DLFCN_H 1
| #define LT_OBJDIR ".libs/"
| #define HAVE_LDAP_SSL 1
| #define HAVE_SYS_TYPES_H 1
| #define HAVE_CLOCK_GETTIME_MONOTONIC 1
| #define HAVE_SYS_TYPES_H 1
| #define HAVE_CLOCK_GETTIME_MONOTONIC_RAW 1
| #define USE_IPV6 1
| #define HAVE_SOCKADDR_IN6_SIN6_SCOPE_ID 1
| #define HAVE_WRITABLE_ARGV 1
| #define HAVE_LIBSSL 1
| #define HAVE_OPENSSL_RSA_H 1
| #define USE_OPENSSL 1
| #define HAVE_OPENSSL_CRYPTO_H 1
| #define USE_OPENSSL 1
| #define HAVE_OPENSSL_PEM_H 1
| #define USE_OPENSSL 1
| #define HAVE_OPENSSL_SSL_H 1
| #define USE_OPENSSL 1
| #define HAVE_OPENSSL_ERR_H 1
| #define USE_OPENSSL 1
| /* end confdefs.h.  */
| 
| 
|         #include <openssl/base.h>
| 
| int main(void)
| {
| 
|         #ifndef OPENSSL_IS_BORINGSSL
|         #error not BoringSSL
|         #endif
| 
|   return 0;
| }
| 
configure:28081: result: no
configure:28087: checking for LibreSSL
configure:28105: gcc -c -Werror-implicit-function-declaration -O2 -Wno-system-headers -I/home/alex/dev/OmniAmp/1.0.3/modules/http-deps/include -D_GNU_SOURCE -I/home/alex/dev/OmniAmp/1.0.3/modules/http-deps/include conftest.c >&5
conftest.c: In function 'main':
conftest.c:52:21: error: 'LIBRESSL_VERSION_NUMBER' undeclared (first use in this function); did you mean 'OPENSSL_VERSION_NUMBER'?
   52 |         int dummy = LIBRESSL_VERSION_NUMBER;
      |                     ^~~~~~~~~~~~~~~~~~~~~~~
      |                     OPENSSL_VERSION_NUMBER
conftest.c:52:21: note: each undeclared identifier is reported only once for each function it appears in
configure:28105: $? = 1
configure: failed program was:
| /* confdefs.h */
| #define PACKAGE_NAME "curl"
| #define PACKAGE_TARNAME "curl"
| #define PACKAGE_VERSION "-"
| #define PACKAGE_STRING "curl -"
| #define PACKAGE_BUGREPORT "a suitable curl mailing list: https://curl.se/mail/"
| #define PACKAGE_URL ""
| #define HAVE_STDIO_H 1
| #define HAVE_STDLIB_H 1
| #define HAVE_STRING_H 1
| #define HAVE_INTTYPES_H 1
| #define HAVE_STDINT_H 1
| #define HAVE_STRINGS_H 1
| #define HAVE_SYS_STAT_H 1
| #define HAVE_SYS_TYPES_H 1
| #define HAVE_UNISTD_H 1
| #define STDC_HEADERS 1
| #define HAVE_STDATOMIC_H 1
| #define HAVE_ATOMIC 1
| #define PACKAGE "curl"
| #define VERSION "-"
| #define CURL_OS "x86_64-pc-linux-gnu"
| #define HAVE_DLFCN_H 1
| #define LT_OBJDIR ".libs/"
| #define HAVE_LDAP_SSL 1
| #define HAVE_SYS_TYPES_H 1
| #define HAVE_CLOCK_GETTIME_MONOTONIC 1
| #define HAVE_SYS_TYPES_H 1
| #define HAVE_CLOCK_GETTIME_MONOTONIC_RAW 1
| #define USE_IPV6 1
| #define HAVE_SOCKADDR_IN6_SIN6_SCOPE_ID 1
| #define HAVE_WRITABLE_ARGV 1
| #define HAVE_LIBSSL 1
| #define HAVE_OPENSSL_RSA_H 1
| #define USE_OPENSSL 1
| #define HAVE_OPENSSL_CRYPTO_H 1
| #define USE_OPENSSL 1
| #define HAVE_OPENSSL_PEM_H 1
| #define USE_OPENSSL 1
| #define HAVE_OPENSSL_SSL_H 1
| #define USE_OPENSSL 1
| #define HAVE_OPENSSL_ERR_H 1
| #define USE_OPENSSL 1
| /* end confdefs.h.  */
| 
| 
|         #include <openssl/opensslv.h>
| 
| int main(void)
| {
| 
|         int dummy = LIBRESSL_VERSION_NUMBER;
|         (void)dummy;
| 
|   return 0;
| }
| 
configure:28115: result: no
configure:28122: checking for OpenSSL >= 3
configure:28143: gcc -c -Werror-implicit-function-declaration -O2 -Wno-system-headers -I/home/alex/dev/OmniAmp/1.0.3/modules/http-deps/include -D_GNU_SOURCE -I/home/alex/dev/OmniAmp/1.0.3/modules/http-deps/include conftest.c >&5
configure:28143: $? = 0
configure:28158: checking for SSL_set_quic_use_legacy_codepoint
configure:28158: gcc -o conftest -Werror-implicit-function-declaration -O2 -Wno-system-headers -I/home/alex/dev/OmniAmp/1.0.3/modules/http-deps/include -D_GNU_SOURCE -I/home/alex/dev/OmniAmp/1.0.3/modules/http-deps/include -L/home/alex/dev/OmniAmp/1.0.3/modules/http-deps/lib -L/home/alex/dev/OmniAmp/1.0.3/modules/http-deps/lib conftest.c -lssl -lcrypto  >&5
/usr/bin/ld: /tmp/ccs6OOYR.o: in function `main':
conftest.c:(.text.startup+0xb): undefined reference to `SSL_set_quic_use_legacy_codepoint'
collect2: error: ld returned 1 exit status
configure:28158: $? = 1
configure: failed program was:
| /* confdefs.h */
| #define PACKAGE_NAME "curl"
| #define PACKAGE_TARNAME "curl"
| #define PACKAGE_VERSION "-"
| #define PACKAGE_STRING "curl -"
| #define PACKAGE_BUGREPORT "a suitable curl mailing list: https://curl.se/mail/"
| #define PACKAGE_URL ""
| #define HAVE_STDIO_H 1
| #define HAVE_STDLIB_H 1
| #define HAVE_STRING_H 1
| #define HAVE_INTTYPES_H 1
| #define HAVE_STDINT_H 1
| #define HAVE_STRINGS_H 1
| #define HAVE_SYS_STAT_H 1
| #define HAVE_SYS_TYPES_H 1
| #define HAVE_UNISTD_H 1
| #define STDC_HEADERS 1
| #define HAVE_STDATOMIC_H 1
| #define HAVE_ATOMIC 1
| #define PACKAGE "curl"
| #define VERSION "-"
| #define CURL_OS "x86_64-pc-linux-gnu"
| #define HAVE_DLFCN_H 1
| #define LT_OBJDIR ".libs/"
| #define HAVE_LDAP_SSL 1
| #define HAVE_SYS_TYPES_H 1
| #define HAVE_CLOCK_GETTIME_MONOTONIC 1
| #define HAVE_SYS_TYPES_H 1
| #define HAVE_CLOCK_GETTIME_MONOTONIC_RAW 1
| #define USE_IPV6 1
| #define HAVE_SOCKADDR_IN6_SIN6_SCOPE_ID 1
| #define HAVE_WRITABLE_ARGV 1
| #define HAVE_LIBSSL 1
| #define HAVE_OPENSSL_RSA_H 1
| #define USE_OPENSSL 1
| #define HAVE_OPENSSL_CRYPTO_H 1
| #define USE_OPENSSL 1
| #define HAVE_OPENSSL_PEM_H 1
| #define USE_OPENSSL 1
| #define HAVE_OPENSSL_SSL_H 1
| #define USE_OPENSSL 1
| #define HAVE_OPENSSL_ERR_H 1
| #define USE_OPENSSL 1
| /* end confdefs.h.  */
| 
| #define SSL_set_quic_use_legacy_codepoint innocuous_SSL_set_quic_use_legacy_codepoint
| #ifdef __STDC__
| #  include <limits.h>
| #else
| #  include <assert.h>
| #endif
| #undef SSL_set_quic_use_legacy_codepoint
| #ifdef __cplusplus
| extern "C"
| #endif
| char SSL_set_quic_use_legacy_codepoint ();
| #if defined __stub_SSL_set_quic_use_legacy_codepoint || defined __stub___SSL_set_quic_use_legacy_codepoint
| #error force compilation error
| #endif
| 
| int main(void)
| {
| return SSL_set_quic_use_legacy_codepoint ();
|   return 0;
| }
configure:28158: result: no
configure:28173: checking for SSL_set_quic_tls_cbs
configure:28173: gcc -o conftest -Werror-implicit-function-declaration -O2 -Wno-system-headers -I/home/alex/dev/OmniAmp/1.0.3/modules/http-deps/include -D_GNU_SOURCE -I/home/alex/dev/OmniAmp/1.0.3/modules/http-deps/include -L/home/alex/dev/OmniAmp/1.0.3/modules/http-deps/lib -L/home/alex/dev/OmniAmp/1.0.3/modules/http-deps/lib conftest.c -lssl -lcrypto  >&5
configure:28173: $? = 0
configure:28173: result: yes
configure:28182: OpenSSL with QUIC APIv2
configure:28196: Added /home/alex/dev/OmniAmp/1.0.3/modules/http-deps/lib to CURL_LIBRARY_PATH
configure:28216: checking for DES support in OpenSSL
configure:28236: gcc -o conftest -Werror-implicit-function-declaration -O2 -Wno-system-headers -I/home/alex/dev/OmniAmp/1.0.3/modules/http-deps/include -D_GNU_SOURCE -I/home/alex/dev/OmniAmp/1.0.3/modules/http-deps/include -L/home/alex/dev/OmniAmp/1.0.3/modules/http-deps/lib -L/home/alex/dev/OmniAmp/1.0.3/modules/http-deps/lib conftest.c -lssl -lcrypto  >&5
configure:28236: $? = 0
configure:28239: result: yes
configure:30479: checking whether to enable Apple OS native certificate validation
configure:30530: result: no
configure:30550: built with one SSL backend
configure:30589: checking whether to use native CA store
configure:30609: result: no
configure:30619: checking default CA cert bundle/path
configure:30700: want unset CA /etc/ssl/certs/ca-certificates.crt
configure:30741: result: /etc/ssl/certs/ca-certificates.crt
configure:30749: result: /etc/ssl/certs (capath)
configure:30757: checking whether to use OpenSSL's built-in CA store
configure:30772: result: no
configure:30785: checking CA cert bundle path to embed in the curl tool
configure:30817: result: no
configure:32415: checking for lber.h
configure:32453: gcc -c -Werror-implicit-function-declaration -O2 -Wno-system-headers -I/home/alex/dev/OmniAmp/1.0.3/modules/http-deps/include -D_GNU_SOURCE -I/home/alex/dev/OmniAmp/1.0.3/modules/http-deps/include conftest.c >&5
conftest.c:65:18: fatal error: lber.h: No such file or directory
   65 |         #include <lber.h>
      |                  ^~~~~~~~
compilation terminated.
configure:32453: $? = 1
configure: failed program was:
| /* confdefs.h */
| #define PACKAGE_NAME "curl"
| #define PACKAGE_TARNAME "curl"
| #define PACKAGE_VERSION "-"
| #define PACKAGE_STRING "curl -"
| #define PACKAGE_BUGREPORT "a suitable curl mailing list: https://curl.se/mail/"
| #define PACKAGE_URL ""
| #define HAVE_STDIO_H 1
| #define HAVE_STDLIB_H 1
| #define HAVE_STRING_H 1
| #define HAVE_INTTYPES_H 1
| #define HAVE_STDINT_H 1
| #define HAVE_STRINGS_H 1
| #define HAVE_SYS_STAT_H 1
| #define HAVE_SYS_TYPES_H 1
| #define HAVE_UNISTD_H 1
| #define STDC_HEADERS 1
| #define HAVE_STDATOMIC_H 1
| #define HAVE_ATOMIC 1
| #define PACKAGE "curl"
| #define VERSION "-"
| #define CURL_OS "x86_64-pc-linux-gnu"
| #define HAVE_DLFCN_H 1
| #define LT_OBJDIR ".libs/"
| #define HAVE_LDAP_SSL 1
| #define HAVE_SYS_TYPES_H 1
| #define HAVE_CLOCK_GETTIME_MONOTONIC 1
| #define HAVE_SYS_TYPES_H 1
| #define HAVE_CLOCK_GETTIME_MONOTONIC_RAW 1
| #define USE_IPV6 1
| #define HAVE_SOCKADDR_IN6_SIN6_SCOPE_ID 1
| #define HAVE_WRITABLE_ARGV 1
| #define HAVE_LIBSSL 1
| #define HAVE_OPENSSL_RSA_H 1
| #define USE_OPENSSL 1
| #define HAVE_OPENSSL_CRYPTO_H 1
| #define USE_OPENSSL 1
| #define HAVE_OPENSSL_PEM_H 1
| #define USE_OPENSSL 1
| #define HAVE_OPENSSL_SSL_H 1
| #define USE_OPENSSL 1
| #define HAVE_OPENSSL_ERR_H 1
| #define USE_OPENSSL 1
| #define HAVE_SSL_SET_QUIC_TLS_CBS 1
| #define HAVE_DES_ECB_ENCRYPT 1
| #define CURL_CA_BUNDLE "/etc/ssl/certs/ca-certificates.crt"
| #define CURL_CA_PATH "/etc/ssl/certs"
| /* end confdefs.h.  */
| 
| 
|         #undef inline
|         #ifdef _WIN32
|         #ifndef WIN32_LEAN_AND_MEAN
|         #define WIN32_LEAN_AND_MEAN
|         #endif
|         #include <windows.h>
|         #else
|         #ifdef HAVE_SYS_TYPES_H
|         #include <sys/types.h>
|         #endif
|         #endif
|         #ifndef NULL
|         #define NULL (void *)0
|         #endif
|         #include <lber.h>
| 
| int main(void)
| {
| 
|         BerValue *bvp = NULL;
|         BerElement *bep = ber_init(bvp);
|         ber_free(bep, 1);
| 
|   return 0;
| }
| 
configure:32466: result: no
configure:32530: checking for ldap.h
configure:32571: gcc -c -Werror-implicit-function-declaration -O2 -Wno-system-headers -I/home/alex/dev/OmniAmp/1.0.3/modules/http-deps/include -D_GNU_SOURCE -I/home/alex/dev/OmniAmp/1.0.3/modules/http-deps/include conftest.c >&5
conftest.c:68:18: fatal error: ldap.h: No such file or directory
   68 |         #include <ldap.h>
      |                  ^~~~~~~~
compilation terminated.
configure:32571: $? = 1
configure: failed program was:
| /* confdefs.h */
| #define PACKAGE_NAME "curl"
| #define PACKAGE_TARNAME "curl"
| #define PACKAGE_VERSION "-"
| #define PACKAGE_STRING "curl -"
| #define PACKAGE_BUGREPORT "a suitable curl mailing list: https://curl.se/mail/"
| #define PACKAGE_URL ""
| #define HAVE_STDIO_H 1
| #define HAVE_STDLIB_H 1
| #define HAVE_STRING_H 1
| #define HAVE_INTTYPES_H 1
| #define HAVE_STDINT_H 1
| #define HAVE_STRINGS_H 1
| #define HAVE_SYS_STAT_H 1
| #define HAVE_SYS_TYPES_H 1
| #define HAVE_UNISTD_H 1
| #define STDC_HEADERS 1
| #define HAVE_STDATOMIC_H 1
| #define HAVE_ATOMIC 1
| #define PACKAGE "curl"
| #define VERSION "-"
| #define CURL_OS "x86_64-pc-linux-gnu"
| #define HAVE_DLFCN_H 1
| #define LT_OBJDIR ".libs/"
| #define HAVE_LDAP_SSL 1
| #define HAVE_SYS_TYPES_H 1
| #define HAVE_CLOCK_GETTIME_MONOTONIC 1
| #define HAVE_SYS_TYPES_H 1
| #define HAVE_CLOCK_GETTIME_MONOTONIC_RAW 1
| #define USE_IPV6 1
| #define HAVE_SOCKADDR_IN6_SIN6_SCOPE_ID 1
| #define HAVE_WRITABLE_ARGV 1
| #define HAVE_LIBSSL 1
| #define HAVE_OPENSSL_RSA_H 1
| #define USE_OPENSSL 1
| #define HAVE_OPENSSL_CRYPTO_H 1
| #define USE_OPENSSL 1
| #define HAVE_OPENSSL_PEM_H 1
| #define USE_OPENSSL 1
| #define HAVE_OPENSSL_SSL_H 1
| #define USE_OPENSSL 1
| #define HAVE_OPENSSL_ERR_H 1
| #define USE_OPENSSL 1
| #define HAVE_SSL_SET_QUIC_TLS_CBS 1
| #define HAVE_DES_ECB_ENCRYPT 1
| #define CURL_CA_BUNDLE "/etc/ssl/certs/ca-certificates.crt"
| #define CURL_CA_PATH "/etc/ssl/certs"
| /* end confdefs.h.  */
| 
| 
|         #undef inline
|         #ifdef _WIN32
|         #ifndef WIN32_LEAN_AND_MEAN
|         #define WIN32_LEAN_AND_MEAN
|         #endif
|         #include <windows.h>
|         #else
|         #ifdef HAVE_SYS_TYPES_H
|         #include <sys/types.h>
|         #endif
|         #endif
|         #ifndef LDAP_DEPRECATED
|         #define LDAP_DEPRECATED 1
|         #endif
|         #ifdef NEED_LBER_H
|         #include <lber.h>
|         #endif
|         #include <ldap.h>
| 
| int main(void)
| {
| 
|         LDAP *ldp = ldap_init("0.0.0.0", LDAP_PORT);
|         int res = ldap_unbind(ldp);
|         (void)res;
| 
|   return 0;
| }
| 
configure:32584: result: no
configure:32596: checking for ldap_ssl.h
configure:32639: gcc -c -Werror-implicit-function-declaration -O2 -Wno-system-headers -I/home/alex/dev/OmniAmp/1.0.3/modules/http-deps/include -D_GNU_SOURCE -I/home/alex/dev/OmniAmp/1.0.3/modules/http-deps/include conftest.c >&5
conftest.c:71:18: fatal error: ldap_ssl.h: No such file or directory
   71 |         #include <ldap_ssl.h>
      |                  ^~~~~~~~~~~~
compilation terminated.
configure:32639: $? = 1
configure: failed program was:
| /* confdefs.h */
| #define PACKAGE_NAME "curl"
| #define PACKAGE_TARNAME "curl"
| #define PACKAGE_VERSION "-"
| #define PACKAGE_STRING "curl -"
| #define PACKAGE_BUGREPORT "a suitable curl mailing list: https://curl.se/mail/"
| #define PACKAGE_URL ""
| #define HAVE_STDIO_H 1
| #define HAVE_STDLIB_H 1
| #define HAVE_STRING_H 1
| #define HAVE_INTTYPES_H 1
| #define HAVE_STDINT_H 1
| #define HAVE_STRINGS_H 1
| #define HAVE_SYS_STAT_H 1
| #define HAVE_SYS_TYPES_H 1
| #define HAVE_UNISTD_H 1
| #define STDC_HEADERS 1
| #define HAVE_STDATOMIC_H 1
| #define HAVE_ATOMIC 1
| #define PACKAGE "curl"
| #define VERSION "-"
| #define CURL_OS "x86_64-pc-linux-gnu"
| #define HAVE_DLFCN_H 1
| #define LT_OBJDIR ".libs/"
| #define HAVE_LDAP_SSL 1
| #define HAVE_SYS_TYPES_H 1
| #define HAVE_CLOCK_GETTIME_MONOTONIC 1
| #define HAVE_SYS_TYPES_H 1
| #define HAVE_CLOCK_GETTIME_MONOTONIC_RAW 1
| #define USE_IPV6 1
| #define HAVE_SOCKADDR_IN6_SIN6_SCOPE_ID 1
| #define HAVE_WRITABLE_ARGV 1
| #define HAVE_LIBSSL 1
| #define HAVE_OPENSSL_RSA_H 1
| #define USE_OPENSSL 1
| #define HAVE_OPENSSL_CRYPTO_H 1
| #define USE_OPENSSL 1
| #define HAVE_OPENSSL_PEM_H 1
| #define USE_OPENSSL 1
| #define HAVE_OPENSSL_SSL_H 1
| #define USE_OPENSSL 1
| #define HAVE_OPENSSL_ERR_H 1
| #define USE_OPENSSL 1
| #define HAVE_SSL_SET_QUIC_TLS_CBS 1
| #define HAVE_DES_ECB_ENCRYPT 1
| #define CURL_CA_BUNDLE "/etc/ssl/certs/ca-certificates.crt"
| #define CURL_CA_PATH "/etc/ssl/certs"
| /* end confdefs.h.  */
| 
| 
|         #undef inline
|         #ifdef _WIN32
|         #ifndef WIN32_LEAN_AND_MEAN
|         #define WIN32_LEAN_AND_MEAN
|         #endif
|         #include <windows.h>
|         #else
|         #ifdef HAVE_SYS_TYPES_H
|         #include <sys/types.h>
|         #endif
|         #endif
|         #ifndef LDAP_DEPRECATED
|         #define LDAP_DEPRECATED 1
|         #endif
|         #ifdef NEED_LBER_H
|         #include <lber.h>
|         #endif
|         #ifdef HAVE_LDAP_H
|         #include <ldap.h>
|         #endif
|         #include <ldap_ssl.h>
| 
| int main(void)
| {
| 
|         LDAP *ldp = ldapssl_init("0.0.0.0", LDAPS_PORT, 1);
|         (void)ldp;
| 
|   return 0;
| }
| 
configure:32652: result: no
configure:32835: checking for LDAP libraries
configure:32901: gcc -o conftest -Werror-implicit-function-declaration -O2 -Wno-system-headers -I/home/alex/dev/OmniAmp/1.0.3/modules/http-deps/include -D_GNU_SOURCE -I/home/alex/dev/OmniAmp/1.0.3/modules/http-deps/include -L/home/alex/dev/OmniAmp/1.0.3/modules/http-deps/lib -L/home/alex/dev/OmniAmp/1.0.3/modules/http-deps/lib conftest.c -lssl -lcrypto  >&5
conftest.c: In function 'main':
conftest.c:78:11: error: unknown type name 'BerValue'
   78 |           BerValue *bvp = NULL;
      |           ^~~~~~~~
conftest.c:79:11: error: unknown type name 'BerElement'
   79 |           BerElement *bep = ber_init(bvp);
      |           ^~~~~~~~~~
conftest.c:79:29: error: implicit declaration of function 'ber_init' [-Werror=implicit-function-declaration]
   79 |           BerElement *bep = ber_init(bvp);
      |                             ^~~~~~~~
conftest.c:79:29: warning: initialization of 'int *' from 'int' makes pointer from integer without a cast [-Wint-conversion]
conftest.c:80:11: error: unknown type name 'LDAP'
   80 |           LDAP *ldp = ldap_init("0.0.0.0", LDAP_PORT);
      |           ^~~~
conftest.c:80:23: error: implicit declaration of function 'ldap_init' [-Werror=implicit-function-declaration]
   80 |           LDAP *ldp = ldap_init("0.0.0.0", LDAP_PORT);
      |                       ^~~~~~~~~
conftest.c:80:44: error: 'LDAP_PORT' undeclared (first use in this function)
   80 |           LDAP *ldp = ldap_init("0.0.0.0", LDAP_PORT);
      |                                            ^~~~~~~~~
conftest.c:80:44: note: each undeclared identifier is reported only once for each function it appears in
conftest.c:81:21: error: implicit declaration of function 'ldap_unbind' [-Werror=implicit-function-declaration]
   81 |           int res = ldap_unbind(ldp);
      |                     ^~~~~~~~~~~
conftest.c:82:11: error: implicit declaration of function 'ber_free' [-Werror=implicit-function-declaration]
   82 |           ber_free(bep, 1);
      |           ^~~~~~~~
cc1: some warnings being treated as errors
configure:32901: $? = 1
configure: failed program was:
| /* confdefs.h */
| #define PACKAGE_NAME "curl"
| #define PACKAGE_TARNAME "curl"
| #define PACKAGE_VERSION "-"
| #define PACKAGE_STRING "curl -"
| #define PACKAGE_BUGREPORT "a suitable curl mailing list: https://curl.se/mail/"
| #define PACKAGE_URL ""
| #define HAVE_STDIO_H 1
| #define HAVE_STDLIB_H 1
| #define HAVE_STRING_H 1
| #define HAVE_INTTYPES_H 1
| #define HAVE_STDINT_H 1
| #define HAVE_STRINGS_H 1
| #define HAVE_SYS_STAT_H 1
| #define HAVE_SYS_TYPES_H 1
| #define HAVE_UNISTD_H 1
| #define STDC_HEADERS 1
| #define HAVE_STDATOMIC_H 1
| #define HAVE_ATOMIC 1
| #define PACKAGE "curl"
| #define VERSION "-"
| #define CURL_OS "x86_64-pc-linux-gnu"
| #define HAVE_DLFCN_H 1
| #define LT_OBJDIR ".libs/"
| #define HAVE_LDAP_SSL 1
| #define HAVE_SYS_TYPES_H 1
| #define HAVE_CLOCK_GETTIME_MONOTONIC 1
| #define HAVE_SYS_TYPES_H 1
| #define HAVE_CLOCK_GETTIME_MONOTONIC_RAW 1
| #define USE_IPV6 1
| #define HAVE_SOCKADDR_IN6_SIN6_SCOPE_ID 1
| #define HAVE_WRITABLE_ARGV 1
| #define HAVE_LIBSSL 1
| #define HAVE_OPENSSL_RSA_H 1
| #define USE_OPENSSL 1
| #define HAVE_OPENSSL_CRYPTO_H 1
| #define USE_OPENSSL 1
| #define HAVE_OPENSSL_PEM_H 1
| #define USE_OPENSSL 1
| #define HAVE_OPENSSL_SSL_H 1
| #define USE_OPENSSL 1
| #define HAVE_OPENSSL_ERR_H 1
| #define USE_OPENSSL 1
| #define HAVE_SSL_SET_QUIC_TLS_CBS 1
| #define HAVE_DES_ECB_ENCRYPT 1
| #define CURL_CA_BUNDLE "/etc/ssl/certs/ca-certificates.crt"
| #define CURL_CA_PATH "/etc/ssl/certs"
| /* end confdefs.h.  */
| 
| 
|           #undef inline
|           #ifdef _WIN32
|           #ifndef WIN32_LEAN_AND_MEAN
|           #define WIN32_LEAN_AND_MEAN
|           #endif
|           #include <windows.h>
|           #else
|           #ifdef HAVE_SYS_TYPES_H
|           #include <sys/types.h>
|           #endif
|           #endif
|           #ifndef NULL
|           #define NULL (void *)0
|           #endif
|           #ifndef LDAP_DEPRECATED
|           #define LDAP_DEPRECATED 1
|           #endif
|           #ifdef NEED_LBER_H
|           #include <lber.h>
|           #endif
|           #ifdef HAVE_LDAP_H
|           #include <ldap.h>
|           #endif
| 
| int main(void)
| {
| 
|           BerValue *bvp = NULL;
|           BerElement *bep = ber_init(bvp);
|           LDAP *ldp = ldap_init("0.0.0.0", LDAP_PORT);
|           int res = ldap_unbind(ldp);
|           ber_free(bep, 1);
|           (void)res;
| 
|   return 0;
| }
| 
configure:32901: gcc -o conftest -Werror-implicit-function-declaration -O2 -Wno-system-headers -I/home/alex/dev/OmniAmp/1.0.3/modules/http-deps/include -D_GNU_SOURCE -I/home/alex/dev/OmniAmp/1.0.3/modules/http-deps/include -L/home/alex/dev/OmniAmp/1.0.3/modules/http-deps/lib -L/home/alex/dev/OmniAmp/1.0.3/modules/http-deps/lib conftest.c -lssl -lcrypto  >&5
conftest.c: In function 'main':
conftest.c:78:11: error: unknown type name 'BerValue'
   78 |           BerValue *bvp = NULL;
      |           ^~~~~~~~
conftest.c:79:11: error: unknown type name 'BerElement'
   79 |           BerElement *bep = ber_init(bvp);
      |           ^~~~~~~~~~
conftest.c:79:29: error: implicit declaration of function 'ber_init' [-Werror=implicit-function-declaration]
   79 |           BerElement *bep = ber_init(bvp);
      |                             ^~~~~~~~
conftest.c:79:29: warning: initialization of 'int *' from 'int' makes pointer from integer without a cast [-Wint-conversion]
conftest.c:80:11: error: unknown type name 'LDAP'
   80 |           LDAP *ldp = ldap_init("0.0.0.0", LDAP_PORT);
      |           ^~~~
conftest.c:80:23: error: implicit declaration of function 'ldap_init' [-Werror=implicit-function-declaration]
   80 |           LDAP *ldp = ldap_init("0.0.0.0", LDAP_PORT);
      |                       ^~~~~~~~~
conftest.c:80:44: error: 'LDAP_PORT' undeclared (first use in this function)
   80 |           LDAP *ldp = ldap_init("0.0.0.0", LDAP_PORT);
      |                                            ^~~~~~~~~
conftest.c:80:44: note: each undeclared identifier is reported only once for each function it appears in
conftest.c:81:21: error: implicit declaration of function 'ldap_unbind' [-Werror=implicit-function-declaration]
   81 |           int res = ldap_unbind(ldp);
      |                     ^~~~~~~~~~~
conftest.c:82:11: error: implicit declaration of function 'ber_free' [-Werror=implicit-function-declaration]
   82 |           ber_free(bep, 1);
      |           ^~~~~~~~
cc1: some warnings being treated as errors
configure:32901: $? = 1
configure: failed program was:
| /* confdefs.h */
| #define PACKAGE_NAME "curl"
| #define PACKAGE_TARNAME "curl"
| #define PACKAGE_VERSION "-"
| #define PACKAGE_STRING "curl -"
| #define PACKAGE_BUGREPORT "a suitable curl mailing list: https://curl.se/mail/"
| #define PACKAGE_URL ""
| #define HAVE_STDIO_H 1
| #define HAVE_STDLIB_H 1
| #define HAVE_STRING_H 1
| #define HAVE_INTTYPES_H 1
| #define HAVE_STDINT_H 1
| #define HAVE_STRINGS_H 1
| #define HAVE_SYS_STAT_H 1
| #define HAVE_SYS_TYPES_H 1
| #define HAVE_UNISTD_H 1
| #define STDC_HEADERS 1
| #define HAVE_STDATOMIC_H 1
| #define HAVE_ATOMIC 1
| #define PACKAGE "curl"
| #define VERSION "-"
| #define CURL_OS "x86_64-pc-linux-gnu"
| #define HAVE_DLFCN_H 1
| #define LT_OBJDIR ".libs/"
| #define HAVE_LDAP_SSL 1
| #define HAVE_SYS_TYPES_H 1
| #define HAVE_CLOCK_GETTIME_MONOTONIC 1
| #define HAVE_SYS_TYPES_H 1
| #define HAVE_CLOCK_GETTIME_MONOTONIC_RAW 1
| #define USE_IPV6 1
| #define HAVE_SOCKADDR_IN6_SIN6_SCOPE_ID 1
| #define HAVE_WRITABLE_ARGV 1
| #define HAVE_LIBSSL 1
| #define HAVE_OPENSSL_RSA_H 1
| #define USE_OPENSSL 1
| #define HAVE_OPENSSL_CRYPTO_H 1
| #define USE_OPENSSL 1
| #define HAVE_OPENSSL_PEM_H 1
| #define USE_OPENSSL 1
| #define HAVE_OPENSSL_SSL_H 1
| #define USE_OPENSSL 1
| #define HAVE_OPENSSL_ERR_H 1
| #define USE_OPENSSL 1
| #define HAVE_SSL_SET_QUIC_TLS_CBS 1
| #define HAVE_DES_ECB_ENCRYPT 1
| #define CURL_CA_BUNDLE "/etc/ssl/certs/ca-certificates.crt"
| #define CURL_CA_PATH "/etc/ssl/certs"
| /* end confdefs.h.  */
| 
| 
|           #undef inline
|           #ifdef _WIN32
|           #ifndef WIN32_LEAN_AND_MEAN
|           #define WIN32_LEAN_AND_MEAN
|           #endif
|           #include <windows.h>
|           #else
|           #ifdef HAVE_SYS_TYPES_H
|           #include <sys/types.h>
|           #endif
|           #endif
|           #ifndef NULL
|           #define NULL (void *)0
|           #endif
|           #ifndef LDAP_DEPRECATED
|           #define LDAP_DEPRECATED 1
|           #endif
|           #ifdef NEED_LBER_H
|           #include <lber.h>
|           #endif
|           #ifdef HAVE_LDAP_H
|           #include <ldap.h>
|           #endif
| 
| int main(void)
| {
| 
|           BerValue *bvp = NULL;
|           BerElement *bep = ber_init(bvp);
|           LDAP *ldp = ldap_init("0.0.0.0", LDAP_PORT);
|           int res = ldap_unbind(ldp);
|           ber_free(bep, 1);
|           (void)res;
| 
|   return 0;
| }
| 
configure:32901: gcc -o conftest -Werror-implicit-function-declaration -O2 -Wno-system-headers -I/home/alex/dev/OmniAmp/1.0.3/modules/http-deps/include -D_GNU_SOURCE -I/home/alex/dev/OmniAmp/1.0.3/modules/http-deps/include -L/home/alex/dev/OmniAmp/1.0.3/modules/http-deps/lib -L/home/alex/dev/OmniAmp/1.0.3/modules/http-deps/lib conftest.c -lldap -lssl -lcrypto  >&5
conftest.c: In function 'main':
conftest.c:78:11: error: unknown type name 'BerValue'
   78 |           BerValue *bvp = NULL;
      |           ^~~~~~~~
conftest.c:79:11: error: unknown type name 'BerElement'
   79 |           BerElement *bep = ber_init(bvp);
      |           ^~~~~~~~~~
conftest.c:79:29: error: implicit declaration of function 'ber_init' [-Werror=implicit-function-declaration]
   79 |           BerElement *bep = ber_init(bvp);
      |                             ^~~~~~~~
conftest.c:79:29: warning: initialization of 'int *' from 'int' makes pointer from integer without a cast [-Wint-conversion]
conftest.c:80:11: error: unknown type name 'LDAP'
   80 |           LDAP *ldp = ldap_init("0.0.0.0", LDAP_PORT);
      |           ^~~~
conftest.c:80:23: error: implicit declaration of function 'ldap_init' [-Werror=implicit-function-declaration]
   80 |           LDAP *ldp = ldap_init("0.0.0.0", LDAP_PORT);
      |                       ^~~~~~~~~
conftest.c:80:44: error: 'LDAP_PORT' undeclared (first use in this function)
   80 |           LDAP *ldp = ldap_init("0.0.0.0", LDAP_PORT);
      |                                            ^~~~~~~~~
conftest.c:80:44: note: each undeclared identifier is reported only once for each function it appears in
conftest.c:81:21: error: implicit declaration of function 'ldap_unbind' [-Werror=implicit-function-declaration]
   81 |           int res = ldap_unbind(ldp);
      |                     ^~~~~~~~~~~
conftest.c:82:11: error: implicit declaration of function 'ber_free' [-Werror=implicit-function-declaration]
   82 |           ber_free(bep, 1);
      |           ^~~~~~~~
cc1: some warnings being treated as errors
configure:32901: $? = 1
configure: failed program was:
| /* confdefs.h */
| #define PACKAGE_NAME "curl"
| #define PACKAGE_TARNAME "curl"
| #define PACKAGE_VERSION "-"
| #define PACKAGE_STRING "curl -"
| #define PACKAGE_BUGREPORT "a suitable curl mailing list: https://curl.se/mail/"
| #define PACKAGE_URL ""
| #define HAVE_STDIO_H 1
| #define HAVE_STDLIB_H 1
| #define HAVE_STRING_H 1
| #define HAVE_INTTYPES_H 1
| #define HAVE_STDINT_H 1
| #define HAVE_STRINGS_H 1
| #define HAVE_SYS_STAT_H 1
| #define HAVE_SYS_TYPES_H 1
| #define HAVE_UNISTD_H 1
| #define STDC_HEADERS 1
| #define HAVE_STDATOMIC_H 1
| #define HAVE_ATOMIC 1
| #define PACKAGE "curl"
| #define VERSION "-"
| #define CURL_OS "x86_64-pc-linux-gnu"
| #define HAVE_DLFCN_H 1
| #define LT_OBJDIR ".libs/"
| #define HAVE_LDAP_SSL 1
| #define HAVE_SYS_TYPES_H 1
| #define HAVE_CLOCK_GETTIME_MONOTONIC 1
| #define HAVE_SYS_TYPES_H 1
| #define HAVE_CLOCK_GETTIME_MONOTONIC_RAW 1
| #define USE_IPV6 1
| #define HAVE_SOCKADDR_IN6_SIN6_SCOPE_ID 1
| #define HAVE_WRITABLE_ARGV 1
| #define HAVE_LIBSSL 1
| #define HAVE_OPENSSL_RSA_H 1
| #define USE_OPENSSL 1
| #define HAVE_OPENSSL_CRYPTO_H 1
| #define USE_OPENSSL 1
| #define HAVE_OPENSSL_PEM_H 1
| #define USE_OPENSSL 1
| #define HAVE_OPENSSL_SSL_H 1
| #define USE_OPENSSL 1
| #define HAVE_OPENSSL_ERR_H 1
| #define USE_OPENSSL 1
| #define HAVE_SSL_SET_QUIC_TLS_CBS 1
| #define HAVE_DES_ECB_ENCRYPT 1
| #define CURL_CA_BUNDLE "/etc/ssl/certs/ca-certificates.crt"
| #define CURL_CA_PATH "/etc/ssl/certs"
| /* end confdefs.h.  */
| 
| 
|           #undef inline
|           #ifdef _WIN32
|           #ifndef WIN32_LEAN_AND_MEAN
|           #define WIN32_LEAN_AND_MEAN
|           #endif
|           #include <windows.h>
|           #else
|           #ifdef HAVE_SYS_TYPES_H
|           #include <sys/types.h>
|           #endif
|           #endif
|           #ifndef NULL
|           #define NULL (void *)0
|           #endif
|           #ifndef LDAP_DEPRECATED
|           #define LDAP_DEPRECATED 1
|           #endif
|           #ifdef NEED_LBER_H
|           #include <lber.h>
|           #endif
|           #ifdef HAVE_LDAP_H
|           #include <ldap.h>
|           #endif
| 
| int main(void)
| {
| 
|           BerValue *bvp = NULL;
|           BerElement *bep = ber_init(bvp);
|           LDAP *ldp = ldap_init("0.0.0.0", LDAP_PORT);
|           int res = ldap_unbind(ldp);
|           ber_free(bep, 1);
|           (void)res;
| 
|   return 0;
| }
| 
configure:32901: gcc -o conftest -Werror-implicit-function-declaration -O2 -Wno-system-headers -I/home/alex/dev/OmniAmp/1.0.3/modules/http-deps/include -D_GNU_SOURCE -I/home/alex/dev/OmniAmp/1.0.3/modules/http-deps/include -L/home/alex/dev/OmniAmp/1.0.3/modules/http-deps/lib -L/home/alex/dev/OmniAmp/1.0.3/modules/http-deps/lib conftest.c -lldap -llber -lssl -lcrypto  >&5
conftest.c: In function 'main':
conftest.c:78:11: error: unknown type name 'BerValue'
   78 |           BerValue *bvp = NULL;
      |           ^~~~~~~~
conftest.c:79:11: error: unknown type name 'BerElement'
   79 |           BerElement *bep = ber_init(bvp);
      |           ^~~~~~~~~~
conftest.c:79:29: error: implicit declaration of function 'ber_init' [-Werror=implicit-function-declaration]
   79 |           BerElement *bep = ber_init(bvp);
      |                             ^~~~~~~~
conftest.c:79:29: warning: initialization of 'int *' from 'int' makes pointer from integer without a cast [-Wint-conversion]
conftest.c:80:11: error: unknown type name 'LDAP'
   80 |           LDAP *ldp = ldap_init("0.0.0.0", LDAP_PORT);
      |           ^~~~
conftest.c:80:23: error: implicit declaration of function 'ldap_init' [-Werror=implicit-function-declaration]
   80 |           LDAP *ldp = ldap_init("0.0.0.0", LDAP_PORT);
      |                       ^~~~~~~~~
conftest.c:80:44: error: 'LDAP_PORT' undeclared (first use in this function)
   80 |           LDAP *ldp = ldap_init("0.0.0.0", LDAP_PORT);
      |                                            ^~~~~~~~~
conftest.c:80:44: note: each undeclared identifier is reported only once for each function it appears in
conftest.c:81:21: error: implicit declaration of function 'ldap_unbind' [-Werror=implicit-function-declaration]
   81 |           int res = ldap_unbind(ldp);
      |                     ^~~~~~~~~~~
conftest.c:82:11: error: implicit declaration of function 'ber_free' [-Werror=implicit-function-declaration]
   82 |           ber_free(bep, 1);
      |           ^~~~~~~~
cc1: some warnings being treated as errors
configure:32901: $? = 1
configure: failed program was:
| /* confdefs.h */
| #define PACKAGE_NAME "curl"
| #define PACKAGE_TARNAME "curl"
| #define PACKAGE_VERSION "-"
| #define PACKAGE_STRING "curl -"
| #define PACKAGE_BUGREPORT "a suitable curl mailing list: https://curl.se/mail/"
| #define PACKAGE_URL ""
| #define HAVE_STDIO_H 1
| #define HAVE_STDLIB_H 1
| #define HAVE_STRING_H 1
| #define HAVE_INTTYPES_H 1
| #define HAVE_STDINT_H 1
| #define HAVE_STRINGS_H 1
| #define HAVE_SYS_STAT_H 1
| #define HAVE_SYS_TYPES_H 1
| #define HAVE_UNISTD_H 1
| #define STDC_HEADERS 1
| #define HAVE_STDATOMIC_H 1
| #define HAVE_ATOMIC 1
| #define PACKAGE "curl"
| #define VERSION "-"
| #define CURL_OS "x86_64-pc-linux-gnu"
| #define HAVE_DLFCN_H 1
| #define LT_OBJDIR ".libs/"
| #define HAVE_LDAP_SSL 1
| #define HAVE_SYS_TYPES_H 1
| #define HAVE_CLOCK_GETTIME_MONOTONIC 1
| #define HAVE_SYS_TYPES_H 1
| #define HAVE_CLOCK_GETTIME_MONOTONIC_RAW 1
| #define USE_IPV6 1
| #define HAVE_SOCKADDR_IN6_SIN6_SCOPE_ID 1
| #define HAVE_WRITABLE_ARGV 1
| #define HAVE_LIBSSL 1
| #define HAVE_OPENSSL_RSA_H 1
| #define USE_OPENSSL 1
| #define HAVE_OPENSSL_CRYPTO_H 1
| #define USE_OPENSSL 1
| #define HAVE_OPENSSL_PEM_H 1
| #define USE_OPENSSL 1
| #define HAVE_OPENSSL_SSL_H 1
| #define USE_OPENSSL 1
| #define HAVE_OPENSSL_ERR_H 1
| #define USE_OPENSSL 1
| #define HAVE_SSL_SET_QUIC_TLS_CBS 1
| #define HAVE_DES_ECB_ENCRYPT 1
| #define CURL_CA_BUNDLE "/etc/ssl/certs/ca-certificates.crt"
| #define CURL_CA_PATH "/etc/ssl/certs"
| /* end confdefs.h.  */
| 
| 
|           #undef inline
|           #ifdef _WIN32
|           #ifndef WIN32_LEAN_AND_MEAN
|           #define WIN32_LEAN_AND_MEAN
|           #endif
|           #include <windows.h>
|           #else
|           #ifdef HAVE_SYS_TYPES_H
|           #include <sys/types.h>
|           #endif
|           #endif
|           #ifndef NULL
|           #define NULL (void *)0
|           #endif
|           #ifndef LDAP_DEPRECATED
|           #define LDAP_DEPRECATED 1
|           #endif
|           #ifdef NEED_LBER_H
|           #include <lber.h>
|           #endif
|           #ifdef HAVE_LDAP_H
|           #include <ldap.h>
|           #endif
| 
| int main(void)
| {
| 
|           BerValue *bvp = NULL;
|           BerElement *bep = ber_init(bvp);
|           LDAP *ldp = ldap_init("0.0.0.0", LDAP_PORT);
|           int res = ldap_unbind(ldp);
|           ber_free(bep, 1);
|           (void)res;
| 
|   return 0;
| }
| 
configure:32901: gcc -o conftest -Werror-implicit-function-declaration -O2 -Wno-system-headers -I/home/alex/dev/OmniAmp/1.0.3/modules/http-deps/include -D_GNU_SOURCE -I/home/alex/dev/OmniAmp/1.0.3/modules/http-deps/include -L/home/alex/dev/OmniAmp/1.0.3/modules/http-deps/lib -L/home/alex/dev/OmniAmp/1.0.3/modules/http-deps/lib conftest.c -llber -lldap -lssl -lcrypto  >&5
conftest.c: In function 'main':
conftest.c:78:11: error: unknown type name 'BerValue'
   78 |           BerValue *bvp = NULL;
      |           ^~~~~~~~
conftest.c:79:11: error: unknown type name 'BerElement'
   79 |           BerElement *bep = ber_init(bvp);
      |           ^~~~~~~~~~
conftest.c:79:29: error: implicit declaration of function 'ber_init' [-Werror=implicit-function-declaration]
   79 |           BerElement *bep = ber_init(bvp);
      |                             ^~~~~~~~
conftest.c:79:29: warning: initialization of 'int *' from 'int' makes pointer from integer without a cast [-Wint-conversion]
conftest.c:80:11: error: unknown type name 'LDAP'
   80 |           LDAP *ldp = ldap_init("0.0.0.0", LDAP_PORT);
      |           ^~~~
conftest.c:80:23: error: implicit declaration of function 'ldap_init' [-Werror=implicit-function-declaration]
   80 |           LDAP *ldp = ldap_init("0.0.0.0", LDAP_PORT);
      |                       ^~~~~~~~~
conftest.c:80:44: error: 'LDAP_PORT' undeclared (first use in this function)
   80 |           LDAP *ldp = ldap_init("0.0.0.0", LDAP_PORT);
      |                                            ^~~~~~~~~
conftest.c:80:44: note: each undeclared identifier is reported only once for each function it appears in
conftest.c:81:21: error: implicit declaration of function 'ldap_unbind' [-Werror=implicit-function-declaration]
   81 |           int res = ldap_unbind(ldp);
      |                     ^~~~~~~~~~~
conftest.c:82:11: error: implicit declaration of function 'ber_free' [-Werror=implicit-function-declaration]
   82 |           ber_free(bep, 1);
      |           ^~~~~~~~
cc1: some warnings being treated as errors
configure:32901: $? = 1
configure: failed program was:
| /* confdefs.h */
| #define PACKAGE_NAME "curl"
| #define PACKAGE_TARNAME "curl"
| #define PACKAGE_VERSION "-"
| #define PACKAGE_STRING "curl -"
| #define PACKAGE_BUGREPORT "a suitable curl mailing list: https://curl.se/mail/"
| #define PACKAGE_URL ""
| #define HAVE_STDIO_H 1
| #define HAVE_STDLIB_H 1
| #define HAVE_STRING_H 1
| #define HAVE_INTTYPES_H 1
| #define HAVE_STDINT_H 1
| #define HAVE_STRINGS_H 1
| #define HAVE_SYS_STAT_H 1
| #define HAVE_SYS_TYPES_H 1
| #define HAVE_UNISTD_H 1
| #define STDC_HEADERS 1
| #define HAVE_STDATOMIC_H 1
| #define HAVE_ATOMIC 1
| #define PACKAGE "curl"
| #define VERSION "-"
| #define CURL_OS "x86_64-pc-linux-gnu"
| #define HAVE_DLFCN_H 1
| #define LT_OBJDIR ".libs/"
| #define HAVE_LDAP_SSL 1
| #define HAVE_SYS_TYPES_H 1
| #define HAVE_CLOCK_GETTIME_MONOTONIC 1
| #define HAVE_SYS_TYPES_H 1
| #define HAVE_CLOCK_GETTIME_MONOTONIC_RAW 1
| #define USE_IPV6 1
| #define HAVE_SOCKADDR_IN6_SIN6_SCOPE_ID 1
| #define HAVE_WRITABLE_ARGV 1
| #define HAVE_LIBSSL 1
| #define HAVE_OPENSSL_RSA_H 1
| #define USE_OPENSSL 1
| #define HAVE_OPENSSL_CRYPTO_H 1
| #define USE_OPENSSL 1
| #define HAVE_OPENSSL_PEM_H 1
| #define USE_OPENSSL 1
| #define HAVE_OPENSSL_SSL_H 1
| #define USE_OPENSSL 1
| #define HAVE_OPENSSL_ERR_H 1
| #define USE_OPENSSL 1
| #define HAVE_SSL_SET_QUIC_TLS_CBS 1
| #define HAVE_DES_ECB_ENCRYPT 1
| #define CURL_CA_BUNDLE "/etc/ssl/certs/ca-certificates.crt"
| #define CURL_CA_PATH "/etc/ssl/certs"
| /* end confdefs.h.  */
| 
| 
|           #undef inline
|           #ifdef _WIN32
|           #ifndef WIN32_LEAN_AND_MEAN
|           #define WIN32_LEAN_AND_MEAN
|           #endif
|           #include <windows.h>
|           #else
|           #ifdef HAVE_SYS_TYPES_H
|           #include <sys/types.h>
|           #endif
|           #endif
|           #ifndef NULL
|           #define NULL (void *)0
|           #endif
|           #ifndef LDAP_DEPRECATED
|           #define LDAP_DEPRECATED 1
|           #endif
|           #ifdef NEED_LBER_H
|           #include <lber.h>
|           #endif
|           #ifdef HAVE_LDAP_H
|           #include <ldap.h>
|           #endif
| 
| int main(void)
| {
| 
|           BerValue *bvp = NULL;
|           BerElement *bep = ber_init(bvp);
|           LDAP *ldp = ldap_init("0.0.0.0", LDAP_PORT);
|           int res = ldap_unbind(ldp);
|           ber_free(bep, 1);
|           (void)res;
| 
|   return 0;
| }
| 
configure:32901: gcc -o conftest -Werror-implicit-function-declaration -O2 -Wno-system-headers -I/home/alex/dev/OmniAmp/1.0.3/modules/http-deps/include -D_GNU_SOURCE -I/home/alex/dev/OmniAmp/1.0.3/modules/http-deps/include -L/home/alex/dev/OmniAmp/1.0.3/modules/http-deps/lib -L/home/alex/dev/OmniAmp/1.0.3/modules/http-deps/lib conftest.c -lldapssl -lldapx -lldapsdk -lssl -lcrypto  >&5
conftest.c: In function 'main':
conftest.c:78:11: error: unknown type name 'BerValue'
   78 |           BerValue *bvp = NULL;
      |           ^~~~~~~~
conftest.c:79:11: error: unknown type name 'BerElement'
   79 |           BerElement *bep = ber_init(bvp);
      |           ^~~~~~~~~~
conftest.c:79:29: error: implicit declaration of function 'ber_init' [-Werror=implicit-function-declaration]
   79 |           BerElement *bep = ber_init(bvp);
      |                             ^~~~~~~~
conftest.c:79:29: warning: initialization of 'int *' from 'int' makes pointer from integer without a cast [-Wint-conversion]
conftest.c:80:11: error: unknown type name 'LDAP'
   80 |           LDAP *ldp = ldap_init("0.0.0.0", LDAP_PORT);
      |           ^~~~
conftest.c:80:23: error: implicit declaration of function 'ldap_init' [-Werror=implicit-function-declaration]
   80 |           LDAP *ldp = ldap_init("0.0.0.0", LDAP_PORT);
      |                       ^~~~~~~~~
conftest.c:80:44: error: 'LDAP_PORT' undeclared (first use in this function)
   80 |           LDAP *ldp = ldap_init("0.0.0.0", LDAP_PORT);
      |                                            ^~~~~~~~~
conftest.c:80:44: note: each undeclared identifier is reported only once for each function it appears in
conftest.c:81:21: error: implicit declaration of function 'ldap_unbind' [-Werror=implicit-function-declaration]
   81 |           int res = ldap_unbind(ldp);
      |                     ^~~~~~~~~~~
conftest.c:82:11: error: implicit declaration of function 'ber_free' [-Werror=implicit-function-declaration]
   82 |           ber_free(bep, 1);
      |           ^~~~~~~~
cc1: some warnings being treated as errors
configure:32901: $? = 1
configure: failed program was:
| /* confdefs.h */
| #define PACKAGE_NAME "curl"
| #define PACKAGE_TARNAME "curl"
| #define PACKAGE_VERSION "-"
| #define PACKAGE_STRING "curl -"
| #define PACKAGE_BUGREPORT "a suitable curl mailing list: https://curl.se/mail/"
| #define PACKAGE_URL ""
| #define HAVE_STDIO_H 1
| #define HAVE_STDLIB_H 1
| #define HAVE_STRING_H 1
| #define HAVE_INTTYPES_H 1
| #define HAVE_STDINT_H 1
| #define HAVE_STRINGS_H 1
| #define HAVE_SYS_STAT_H 1
| #define HAVE_SYS_TYPES_H 1
| #define HAVE_UNISTD_H 1
| #define STDC_HEADERS 1
| #define HAVE_STDATOMIC_H 1
| #define HAVE_ATOMIC 1
| #define PACKAGE "curl"
| #define VERSION "-"
| #define CURL_OS "x86_64-pc-linux-gnu"
| #define HAVE_DLFCN_H 1
| #define LT_OBJDIR ".libs/"
| #define HAVE_LDAP_SSL 1
| #define HAVE_SYS_TYPES_H 1
| #define HAVE_CLOCK_GETTIME_MONOTONIC 1
| #define HAVE_SYS_TYPES_H 1
| #define HAVE_CLOCK_GETTIME_MONOTONIC_RAW 1
| #define USE_IPV6 1
| #define HAVE_SOCKADDR_IN6_SIN6_SCOPE_ID 1
| #define HAVE_WRITABLE_ARGV 1
| #define HAVE_LIBSSL 1
| #define HAVE_OPENSSL_RSA_H 1
| #define USE_OPENSSL 1
| #define HAVE_OPENSSL_CRYPTO_H 1
| #define USE_OPENSSL 1
| #define HAVE_OPENSSL_PEM_H 1
| #define USE_OPENSSL 1
| #define HAVE_OPENSSL_SSL_H 1
| #define USE_OPENSSL 1
| #define HAVE_OPENSSL_ERR_H 1
| #define USE_OPENSSL 1
| #define HAVE_SSL_SET_QUIC_TLS_CBS 1
| #define HAVE_DES_ECB_ENCRYPT 1
| #define CURL_CA_BUNDLE "/etc/ssl/certs/ca-certificates.crt"
| #define CURL_CA_PATH "/etc/ssl/certs"
| /* end confdefs.h.  */
| 
| 
|           #undef inline
|           #ifdef _WIN32
|           #ifndef WIN32_LEAN_AND_MEAN
|           #define WIN32_LEAN_AND_MEAN
|           #endif
|           #include <windows.h>
|           #else
|           #ifdef HAVE_SYS_TYPES_H
|           #include <sys/types.h>
|           #endif
|           #endif
|           #ifndef NULL
|           #define NULL (void *)0
|           #endif
|           #ifndef LDAP_DEPRECATED
|           #define LDAP_DEPRECATED 1
|           #endif
|           #ifdef NEED_LBER_H
|           #include <lber.h>
|           #endif
|           #ifdef HAVE_LDAP_H
|           #include <ldap.h>
|           #endif
| 
| int main(void)
| {
| 
|           BerValue *bvp = NULL;
|           BerElement *bep = ber_init(bvp);
|           LDAP *ldp = ldap_init("0.0.0.0", LDAP_PORT);
|           int res = ldap_unbind(ldp);
|           ber_free(bep, 1);
|           (void)res;
| 
|   return 0;
| }
| 
configure:32901: gcc -o conftest -Werror-implicit-function-declaration -O2 -Wno-system-headers -I/home/alex/dev/OmniAmp/1.0.3/modules/http-deps/include -D_GNU_SOURCE -I/home/alex/dev/OmniAmp/1.0.3/modules/http-deps/include -L/home/alex/dev/OmniAmp/1.0.3/modules/http-deps/lib -L/home/alex/dev/OmniAmp/1.0.3/modules/http-deps/lib conftest.c -lldapsdk -lldapx -lldapssl -lssl -lcrypto  >&5
conftest.c: In function 'main':
conftest.c:78:11: error: unknown type name 'BerValue'
   78 |           BerValue *bvp = NULL;
      |           ^~~~~~~~
conftest.c:79:11: error: unknown type name 'BerElement'
   79 |           BerElement *bep = ber_init(bvp);
      |           ^~~~~~~~~~
conftest.c:79:29: error: implicit declaration of function 'ber_init' [-Werror=implicit-function-declaration]
   79 |           BerElement *bep = ber_init(bvp);
      |                             ^~~~~~~~
conftest.c:79:29: warning: initialization of 'int *' from 'int' makes pointer from integer without a cast [-Wint-conversion]
conftest.c:80:11: error: unknown type name 'LDAP'
   80 |           LDAP *ldp = ldap_init("0.0.0.0", LDAP_PORT);
      |           ^~~~
conftest.c:80:23: error: implicit declaration of function 'ldap_init' [-Werror=implicit-function-declaration]
   80 |           LDAP *ldp = ldap_init("0.0.0.0", LDAP_PORT);
      |                       ^~~~~~~~~
conftest.c:80:44: error: 'LDAP_PORT' undeclared (first use in this function)
   80 |           LDAP *ldp = ldap_init("0.0.0.0", LDAP_PORT);
      |                                            ^~~~~~~~~
conftest.c:80:44: note: each undeclared identifier is reported only once for each function it appears in
conftest.c:81:21: error: implicit declaration of function 'ldap_unbind' [-Werror=implicit-function-declaration]
   81 |           int res = ldap_unbind(ldp);
      |                     ^~~~~~~~~~~
conftest.c:82:11: error: implicit declaration of function 'ber_free' [-Werror=implicit-function-declaration]
   82 |           ber_free(bep, 1);
      |           ^~~~~~~~
cc1: some warnings being treated as errors
configure:32901: $? = 1
configure: failed program was:
| /* confdefs.h */
| #define PACKAGE_NAME "curl"
| #define PACKAGE_TARNAME "curl"
| #define PACKAGE_VERSION "-"
| #define PACKAGE_STRING "curl -"
| #define PACKAGE_BUGREPORT "a suitable curl mailing list: https://curl.se/mail/"
| #define PACKAGE_URL ""
| #define HAVE_STDIO_H 1
| #define HAVE_STDLIB_H 1
| #define HAVE_STRING_H 1
| #define HAVE_INTTYPES_H 1
| #define HAVE_STDINT_H 1
| #define HAVE_STRINGS_H 1
| #define HAVE_SYS_STAT_H 1
| #define HAVE_SYS_TYPES_H 1
| #define HAVE_UNISTD_H 1
| #define STDC_HEADERS 1
| #define HAVE_STDATOMIC_H 1
| #define HAVE_ATOMIC 1
| #define PACKAGE "curl"
| #define VERSION "-"
| #define CURL_OS "x86_64-pc-linux-gnu"
| #define HAVE_DLFCN_H 1
| #define LT_OBJDIR ".libs/"
| #define HAVE_LDAP_SSL 1
| #define HAVE_SYS_TYPES_H 1
| #define HAVE_CLOCK_GETTIME_MONOTONIC 1
| #define HAVE_SYS_TYPES_H 1
| #define HAVE_CLOCK_GETTIME_MONOTONIC_RAW 1
| #define USE_IPV6 1
| #define HAVE_SOCKADDR_IN6_SIN6_SCOPE_ID 1
| #define HAVE_WRITABLE_ARGV 1
| #define HAVE_LIBSSL 1
| #define HAVE_OPENSSL_RSA_H 1
| #define USE_OPENSSL 1
| #define HAVE_OPENSSL_CRYPTO_H 1
| #define USE_OPENSSL 1
| #define HAVE_OPENSSL_PEM_H 1
| #define USE_OPENSSL 1
| #define HAVE_OPENSSL_SSL_H 1
| #define USE_OPENSSL 1
| #define HAVE_OPENSSL_ERR_H 1
| #define USE_OPENSSL 1
| #define HAVE_SSL_SET_QUIC_TLS_CBS 1
| #define HAVE_DES_ECB_ENCRYPT 1
| #define CURL_CA_BUNDLE "/etc/ssl/certs/ca-certificates.crt"
| #define CURL_CA_PATH "/etc/ssl/certs"
| /* end confdefs.h.  */
| 
| 
|           #undef inline
|           #ifdef _WIN32
|           #ifndef WIN32_LEAN_AND_MEAN
|           #define WIN32_LEAN_AND_MEAN
|           #endif
|           #include <windows.h>
|           #else
|           #ifdef HAVE_SYS_TYPES_H
|           #include <sys/types.h>
|           #endif
|           #endif
|           #ifndef NULL
|           #define NULL (void *)0
|           #endif
|           #ifndef LDAP_DEPRECATED
|           #define LDAP_DEPRECATED 1
|           #endif
|           #ifdef NEED_LBER_H
|           #include <lber.h>
|           #endif
|           #ifdef HAVE_LDAP_H
|           #include <ldap.h>
|           #endif
| 
| int main(void)
| {
| 
|           BerValue *bvp = NULL;
|           BerElement *bep = ber_init(bvp);
|           LDAP *ldp = ldap_init("0.0.0.0", LDAP_PORT);
|           int res = ldap_unbind(ldp);
|           ber_free(bep, 1);
|           (void)res;
| 
|   return 0;
| }
| 
configure:32901: gcc -o conftest -Werror-implicit-function-declaration -O2 -Wno-system-headers -I/home/alex/dev/OmniAmp/1.0.3/modules/http-deps/include -D_GNU_SOURCE -I/home/alex/dev/OmniAmp/1.0.3/modules/http-deps/include -L/home/alex/dev/OmniAmp/1.0.3/modules/http-deps/lib -L/home/alex/dev/OmniAmp/1.0.3/modules/http-deps/lib conftest.c -lldap -llber -lssl -lcrypto -lssl -lcrypto  >&5
conftest.c: In function 'main':
conftest.c:78:11: error: unknown type name 'BerValue'
   78 |           BerValue *bvp = NULL;
      |           ^~~~~~~~
conftest.c:79:11: error: unknown type name 'BerElement'
   79 |           BerElement *bep = ber_init(bvp);
      |           ^~~~~~~~~~
conftest.c:79:29: error: implicit declaration of function 'ber_init' [-Werror=implicit-function-declaration]
   79 |           BerElement *bep = ber_init(bvp);
      |                             ^~~~~~~~
conftest.c:79:29: warning: initialization of 'int *' from 'int' makes pointer from integer without a cast [-Wint-conversion]
conftest.c:80:11: error: unknown type name 'LDAP'
   80 |           LDAP *ldp = ldap_init("0.0.0.0", LDAP_PORT);
      |           ^~~~
conftest.c:80:23: error: implicit declaration of function 'ldap_init' [-Werror=implicit-function-declaration]
   80 |           LDAP *ldp = ldap_init("0.0.0.0", LDAP_PORT);
      |                       ^~~~~~~~~
conftest.c:80:44: error: 'LDAP_PORT' undeclared (first use in this function)
   80 |           LDAP *ldp = ldap_init("0.0.0.0", LDAP_PORT);
      |                                            ^~~~~~~~~
conftest.c:80:44: note: each undeclared identifier is reported only once for each function it appears in
conftest.c:81:21: error: implicit declaration of function 'ldap_unbind' [-Werror=implicit-function-declaration]
   81 |           int res = ldap_unbind(ldp);
      |                     ^~~~~~~~~~~
conftest.c:82:11: error: implicit declaration of function 'ber_free' [-Werror=implicit-function-declaration]
   82 |           ber_free(bep, 1);
      |           ^~~~~~~~
cc1: some warnings being treated as errors
configure:32901: $? = 1
configure: failed program was:
| /* confdefs.h */
| #define PACKAGE_NAME "curl"
| #define PACKAGE_TARNAME "curl"
| #define PACKAGE_VERSION "-"
| #define PACKAGE_STRING "curl -"
| #define PACKAGE_BUGREPORT "a suitable curl mailing list: https://curl.se/mail/"
| #define PACKAGE_URL ""
| #define HAVE_STDIO_H 1
| #define HAVE_STDLIB_H 1
| #define HAVE_STRING_H 1
| #define HAVE_INTTYPES_H 1
| #define HAVE_STDINT_H 1
| #define HAVE_STRINGS_H 1
| #define HAVE_SYS_STAT_H 1
| #define HAVE_SYS_TYPES_H 1
| #define HAVE_UNISTD_H 1
| #define STDC_HEADERS 1
| #define HAVE_STDATOMIC_H 1
| #define HAVE_ATOMIC 1
| #define PACKAGE "curl"
| #define VERSION "-"
| #define CURL_OS "x86_64-pc-linux-gnu"
| #define HAVE_DLFCN_H 1
| #define LT_OBJDIR ".libs/"
| #define HAVE_LDAP_SSL 1
| #define HAVE_SYS_TYPES_H 1
| #define HAVE_CLOCK_GETTIME_MONOTONIC 1
| #define HAVE_SYS_TYPES_H 1
| #define HAVE_CLOCK_GETTIME_MONOTONIC_RAW 1
| #define USE_IPV6 1
| #define HAVE_SOCKADDR_IN6_SIN6_SCOPE_ID 1
| #define HAVE_WRITABLE_ARGV 1
| #define HAVE_LIBSSL 1
| #define HAVE_OPENSSL_RSA_H 1
| #define USE_OPENSSL 1
| #define HAVE_OPENSSL_CRYPTO_H 1
| #define USE_OPENSSL 1
| #define HAVE_OPENSSL_PEM_H 1
| #define USE_OPENSSL 1
| #define HAVE_OPENSSL_SSL_H 1
| #define USE_OPENSSL 1
| #define HAVE_OPENSSL_ERR_H 1
| #define USE_OPENSSL 1
| #define HAVE_SSL_SET_QUIC_TLS_CBS 1
| #define HAVE_DES_ECB_ENCRYPT 1
| #define CURL_CA_BUNDLE "/etc/ssl/certs/ca-certificates.crt"
| #define CURL_CA_PATH "/etc/ssl/certs"
| /* end confdefs.h.  */
| 
| 
|           #undef inline
|           #ifdef _WIN32
|           #ifndef WIN32_LEAN_AND_MEAN
|           #define WIN32_LEAN_AND_MEAN
|           #endif
|           #include <windows.h>
|           #else
|           #ifdef HAVE_SYS_TYPES_H
|           #include <sys/types.h>
|           #endif
|           #endif
|           #ifndef NULL
|           #define NULL (void *)0
|           #endif
|           #ifndef LDAP_DEPRECATED
|           #define LDAP_DEPRECATED 1
|           #endif
|           #ifdef NEED_LBER_H
|           #include <lber.h>
|           #endif
|           #ifdef HAVE_LDAP_H
|           #include <ldap.h>
|           #endif
| 
| int main(void)
| {
| 
|           BerValue *bvp = NULL;
|           BerElement *bep = ber_init(bvp);
|           LDAP *ldp = ldap_init("0.0.0.0", LDAP_PORT);
|           int res = ldap_unbind(ldp);
|           ber_free(bep, 1);
|           (void)res;
| 
|   return 0;
| }
| 
configure:32916: result: cannot find LDAP libraries
configure:32942: WARNING: Cannot find libraries for LDAP support: LDAP disabled
configure:33079: checking whether versioned symbols are wanted
configure:33128: result: no
configure:33339: checking whether to build with libidn2
configure:33361: result: no
configure:34116: checking for pkg-config
configure:34140: found /usr/bin/pkg-config
configure:34152: result: /usr/bin/pkg-config
configure:34177: checking for libnghttp2 options with pkg-config
configure:34193: result: no
configure:34360: checking for nghttp2_session_get_stream_local_window_size in -lnghttp2
configure:34382: gcc -o conftest -Werror-implicit-function-declaration -O2 -Wno-system-headers -I/home/alex/dev/OmniAmp/1.0.3/modules/http-deps/include -D_GNU_SOURCE -I/home/alex/dev/OmniAmp/1.0.3/modules/http-deps/include  -L/home/alex/dev/OmniAmp/1.0.3/modules/http-deps/lib -L/home/alex/dev/OmniAmp/1.0.3/modules/http-deps/lib  conftest.c -lnghttp2  -lnghttp2 -lssl -lcrypto  >&5
/usr/bin/ld: cannot find -lnghttp2: No such file or directory
/usr/bin/ld: cannot find -lnghttp2: No such file or directory
collect2: error: ld returned 1 exit status
configure:34382: $? = 1
configure: failed program was:
| /* confdefs.h */
| #define PACKAGE_NAME "curl"
| #define PACKAGE_TARNAME "curl"
| #define PACKAGE_VERSION "-"
| #define PACKAGE_STRING "curl -"
| #define PACKAGE_BUGREPORT "a suitable curl mailing list: https://curl.se/mail/"
| #define PACKAGE_URL ""
| #define HAVE_STDIO_H 1
| #define HAVE_STDLIB_H 1
| #define HAVE_STRING_H 1
| #define HAVE_INTTYPES_H 1
| #define HAVE_STDINT_H 1
| #define HAVE_STRINGS_H 1
| #define HAVE_SYS_STAT_H 1
| #define HAVE_SYS_TYPES_H 1
| #define HAVE_UNISTD_H 1
| #define STDC_HEADERS 1
| #define HAVE_STDATOMIC_H 1
| #define HAVE_ATOMIC 1
| #define PACKAGE "curl"
| #define VERSION "-"
| #define CURL_OS "x86_64-pc-linux-gnu"
| #define HAVE_DLFCN_H 1
| #define LT_OBJDIR ".libs/"
| #define HAVE_LDAP_SSL 1
| #define HAVE_SYS_TYPES_H 1
| #define HAVE_CLOCK_GETTIME_MONOTONIC 1
| #define HAVE_SYS_TYPES_H 1
| #define HAVE_CLOCK_GETTIME_MONOTONIC_RAW 1
| #define USE_IPV6 1
| #define HAVE_SOCKADDR_IN6_SIN6_SCOPE_ID 1
| #define HAVE_WRITABLE_ARGV 1
| #define HAVE_LIBSSL 1
| #define HAVE_OPENSSL_RSA_H 1
| #define USE_OPENSSL 1
| #define HAVE_OPENSSL_CRYPTO_H 1
| #define USE_OPENSSL 1
| #define HAVE_OPENSSL_PEM_H 1
| #define USE_OPENSSL 1
| #define HAVE_OPENSSL_SSL_H 1
| #define USE_OPENSSL 1
| #define HAVE_OPENSSL_ERR_H 1
| #define USE_OPENSSL 1
| #define HAVE_SSL_SET_QUIC_TLS_CBS 1
| #define HAVE_DES_ECB_ENCRYPT 1
| #define CURL_CA_BUNDLE "/etc/ssl/certs/ca-certificates.crt"
| #define CURL_CA_PATH "/etc/ssl/certs"
| #define CURL_DISABLE_LDAP 1
| #define CURL_DISABLE_LDAPS 1
| /* end confdefs.h.  */
| 
| 
| #ifdef __cplusplus
| extern "C"
| #endif
| char nghttp2_session_get_stream_local_window_size ();
| int main(void)
| {
| return nghttp2_session_get_stream_local_window_size ();
|   return 0;
| }
configure:34392: result: no
configure:38582: checking for sys/types.h
configure:38582: result: yes
configure:38616: checking for sys/select.h
configure:38616: gcc -c -Werror-implicit-function-declaration -O2 -Wno-system-headers -I/home/alex/dev/OmniAmp/1.0.3/modules/http-deps/include -D_GNU_SOURCE -I/home/alex/dev/OmniAmp/1.0.3/modules/http-deps/include conftest.c >&5
configure:38616: $? = 0
configure:38616: result: yes
configure:38650: checking for sys/ioctl.h
configure:38650: gcc -c -Werror-implicit-function-declaration -O2 -Wno-system-headers -I/home/alex/dev/OmniAmp/1.0.3/modules/http-deps/include -D_GNU_SOURCE -I/home/alex/dev/OmniAmp/1.0.3/modules/http-deps/include conftest.c >&5
configure:38650: $? = 0
configure:38650: result: yes
configure:38684: checking for unistd.h
configure:38684: result: yes
configure:38718: checking for arpa/inet.h
configure:38718: gcc -c -Werror-implicit-function-declaration -O2 -Wno-system-headers -I/home/alex/dev/OmniAmp/1.0.3/modules/http-deps/include -D_GNU_SOURCE -I/home/alex/dev/OmniAmp/1.0.3/modules/http-deps/include conftest.c >&5
configure:38718: $? = 0
configure:38718: result: yes
configure:38752: checking for net/if.h
configure:38752: gcc -c -Werror-implicit-function-declaration -O2 -Wno-system-headers -I/home/alex/dev/OmniAmp/1.0.3/modules/http-deps/include -D_GNU_SOURCE -I/home/alex/dev/OmniAmp/1.0.3/modules/http-deps/include conftest.c >&5
configure:38752: $? = 0
configure:38752: result: yes
configure:38786: checking for netinet/in.h
configure:38786: gcc -c -Werror-implicit-function-declaration -O2 -Wno-system-headers -I/home/alex/dev/OmniAmp/1.0.3/modules/http-deps/include -D_GNU_SOURCE -I/home/alex/dev/OmniAmp/1.0.3/modules/http-deps/include conftest.c >&5
configure:38786: $? = 0
configure:38786: result: yes
configure:38820: checking for netinet/in6.h
configure:38820: gcc -c -Werror-implicit-function-declaration -O2 -Wno-system-headers -I/home/alex/dev/OmniAmp/1.0.3/modules/http-deps/include -D_GNU_SOURCE -I/home/alex/dev/OmniAmp/1.0.3/modules/http-deps/include conftest.c >&5
conftest.c:87:10: fatal error: netinet/in6.h: No such file or directory
   87 | #include <netinet/in6.h>
      |          ^~~~~~~~~~~~~~~
compilation terminated.
configure:38820: $? = 1
configure: failed program was:
| /* confdefs.h */
| #define PACKAGE_NAME "curl"
| #define PACKAGE_TARNAME "curl"
| #define PACKAGE_VERSION "-"
| #define PACKAGE_STRING "curl -"
| #define PACKAGE_BUGREPORT "a suitable curl mailing list: https://curl.se/mail/"
| #define PACKAGE_URL ""
| #define HAVE_STDIO_H 1
| #define HAVE_STDLIB_H 1
| #define HAVE_STRING_H 1
| #define HAVE_INTTYPES_H 1
| #define HAVE_STDINT_H 1
| #define HAVE_STRINGS_H 1
| #define HAVE_SYS_STAT_H 1
| #define HAVE_SYS_TYPES_H 1
| #define HAVE_UNISTD_H 1
| #define STDC_HEADERS 1
| #define HAVE_STDATOMIC_H 1
| #define HAVE_ATOMIC 1
| #define PACKAGE "curl"
| #define VERSION "-"
| #define CURL_OS "x86_64-pc-linux-gnu"
| #define HAVE_DLFCN_H 1
| #define LT_OBJDIR ".libs/"
| #define HAVE_LDAP_SSL 1
| #define HAVE_SYS_TYPES_H 1
| #define HAVE_CLOCK_GETTIME_MONOTONIC 1
| #define HAVE_SYS_TYPES_H 1
| #define HAVE_CLOCK_GETTIME_MONOTONIC_RAW 1
| #define USE_IPV6 1
| #define HAVE_SOCKADDR_IN6_SIN6_SCOPE_ID 1
| #define HAVE_WRITABLE_ARGV 1
| #define HAVE_LIBSSL 1
| #define HAVE_OPENSSL_RSA_H 1
| #define USE_OPENSSL 1
| #define HAVE_OPENSSL_CRYPTO_H 1
| #define USE_OPENSSL 1
| #define HAVE_OPENSSL_PEM_H 1
| #define USE_OPENSSL 1
| #define HAVE_OPENSSL_SSL_H 1
| #define USE_OPENSSL 1
| #define HAVE_OPENSSL_ERR_H 1
| #define USE_OPENSSL 1
| #define HAVE_SSL_SET_QUIC_TLS_CBS 1
| #define HAVE_DES_ECB_ENCRYPT 1
| #define CURL_CA_BUNDLE "/etc/ssl/certs/ca-certificates.crt"
| #define CURL_CA_PATH "/etc/ssl/certs"
| #define CURL_DISABLE_LDAP 1
| #define CURL_DISABLE_LDAPS 1
| #define HAVE_SYS_TYPES_H 1
| #define HAVE_SYS_SELECT_H 1
| #define HAVE_SYS_IOCTL_H 1
| #define HAVE_UNISTD_H 1
| #define HAVE_ARPA_INET_H 1
| #define HAVE_NET_IF_H 1
| #define HAVE_NETINET_IN_H 1
| /* end confdefs.h.  */
| /* default includes */
| 
| #include <stdlib.h>
| #ifdef HAVE_SYS_TYPES_H
| #include <sys/types.h>
| #endif
| #if !defined(_WIN32) || defined(__MINGW32__)
| #include <sys/time.h>
| #endif
| #ifdef HAVE_SYS_SELECT_H
| #include <sys/select.h>
| #elif defined(HAVE_UNISTD_H)
| #include <unistd.h>
| #endif
| #ifndef _WIN32
| #include <sys/socket.h>
| #endif
| #ifdef HAVE_NETINET_IN_H
| #include <netinet/in.h>
| #endif
| #ifdef HAVE_NETINET_IN6_H
| #include <netinet/in6.h>  /* is this really required to detect other headers? */
| #endif
| #ifdef HAVE_SYS_UN_H
| #include <sys/un.h>  /* is this really required to detect other headers? */
| #endif
| 
| 
| 
| #include <netinet/in6.h>
configure:38820: result: no
configure:38854: checking for sys/un.h
configure:38854: gcc -c -Werror-implicit-function-declaration -O2 -Wno-system-headers -I/home/alex/dev/OmniAmp/1.0.3/modules/http-deps/include -D_GNU_SOURCE -I/home/alex/dev/OmniAmp/1.0.3/modules/http-deps/include conftest.c >&5
configure:38854: $? = 0
configure:38854: result: yes
configure:38888: checking for linux/tcp.h
configure:38888: gcc -c -Werror-implicit-function-declaration -O2 -Wno-system-headers -I/home/alex/dev/OmniAmp/1.0.3/modules/http-deps/include -D_GNU_SOURCE -I/home/alex/dev/OmniAmp/1.0.3/modules/http-deps/include conftest.c >&5
configure:38888: $? = 0
configure:38888: result: yes
configure:38922: checking for netinet/tcp.h
configure:38922: gcc -c -Werror-implicit-function-declaration -O2 -Wno-system-headers -I/home/alex/dev/OmniAmp/1.0.3/modules/http-deps/include -D_GNU_SOURCE -I/home/alex/dev/OmniAmp/1.0.3/modules/http-deps/include conftest.c >&5
configure:38922: $? = 0
configure:38922: result: yes
configure:38956: checking for netinet/udp.h
configure:38956: gcc -c -Werror-implicit-function-declaration -O2 -Wno-system-headers -I/home/alex/dev/OmniAmp/1.0.3/modules/http-deps/include -D_GNU_SOURCE -I/home/alex/dev/OmniAmp/1.0.3/modules/http-deps/include conftest.c >&5
configure:38956: $? = 0
configure:38956: result: yes
configure:38990: checking for netinet/ip.h
configure:38990: gcc -c -Werror-implicit-function-declaration -O2 -Wno-system-headers -I/home/alex/dev/OmniAmp/1.0.3/modules/http-deps/include -D_GNU_SOURCE -I/home/alex/dev/OmniAmp/1.0.3/modules/http-deps/include conftest.c >&5
configure:38990: $? = 0
configure:38990: result: yes
configure:39024: checking for netdb.h
configure:39024: gcc -c -Werror-implicit-function-declaration -O2 -Wno-system-headers -I/home/alex/dev/OmniAmp/1.0.3/modules/http-deps/include -D_GNU_SOURCE -I/home/alex/dev/OmniAmp/1.0.3/modules/http-deps/include conftest.c >&5
configure:39024: $? = 0
configure:39024: result: yes
configure:39058: checking for sys/sockio.h
configure:39058: gcc -c -Werror-implicit-function-declaration -O2 -Wno-system-headers -I/home/alex/dev/OmniAmp/1.0.3/modules/http-deps/include -D_GNU_SOURCE -I/home/alex/dev/OmniAmp/1.0.3/modules/http-deps/include conftest.c >&5
conftest.c:93:10: fatal error: sys/sockio.h: No such file or directory
   93 | #include <sys/sockio.h>
      |          ^~~~~~~~~~~~~~
compilation terminated.
configure:39058: $? = 1
configure: failed program was:
| /* confdefs.h */
| #define PACKAGE_NAME "curl"
| #define PACKAGE_TARNAME "curl"
| #define PACKAGE_VERSION "-"
| #define PACKAGE_STRING "curl -"
| #define PACKAGE_BUGREPORT "a suitable curl mailing list: https://curl.se/mail/"
| #define PACKAGE_URL ""
| #define HAVE_STDIO_H 1
| #define HAVE_STDLIB_H 1
| #define HAVE_STRING_H 1
| #define HAVE_INTTYPES_H 1
| #define HAVE_STDINT_H 1
| #define HAVE_STRINGS_H 1
| #define HAVE_SYS_STAT_H 1
| #define HAVE_SYS_TYPES_H 1
| #define HAVE_UNISTD_H 1
| #define STDC_HEADERS 1
| #define HAVE_STDATOMIC_H 1
| #define HAVE_ATOMIC 1
| #define PACKAGE "curl"
| #define VERSION "-"
| #define CURL_OS "x86_64-pc-linux-gnu"
| #define HAVE_DLFCN_H 1
| #define LT_OBJDIR ".libs/"
| #define HAVE_LDAP_SSL 1
| #define HAVE_SYS_TYPES_H 1
| #define HAVE_CLOCK_GETTIME_MONOTONIC 1
| #define HAVE_SYS_TYPES_H 1
| #define HAVE_CLOCK_GETTIME_MONOTONIC_RAW 1
| #define USE_IPV6 1
| #define HAVE_SOCKADDR_IN6_SIN6_SCOPE_ID 1
| #define HAVE_WRITABLE_ARGV 1
| #define HAVE_LIBSSL 1
| #define HAVE_OPENSSL_RSA_H 1
| #define USE_OPENSSL 1
| #define HAVE_OPENSSL_CRYPTO_H 1
| #define USE_OPENSSL 1
| #define HAVE_OPENSSL_PEM_H 1
| #define USE_OPENSSL 1
| #define HAVE_OPENSSL_SSL_H 1
| #define USE_OPENSSL 1
| #define HAVE_OPENSSL_ERR_H 1
| #define USE_OPENSSL 1
| #define HAVE_SSL_SET_QUIC_TLS_CBS 1
| #define HAVE_DES_ECB_ENCRYPT 1
| #define CURL_CA_BUNDLE "/etc/ssl/certs/ca-certificates.crt"
| #define CURL_CA_PATH "/etc/ssl/certs"
| #define CURL_DISABLE_LDAP 1
| #define CURL_DISABLE_LDAPS 1
| #define HAVE_SYS_TYPES_H 1
| #define HAVE_SYS_SELECT_H 1
| #define HAVE_SYS_IOCTL_H 1
| #define HAVE_UNISTD_H 1
| #define HAVE_ARPA_INET_H 1
| #define HAVE_NET_IF_H 1
| #define HAVE_NETINET_IN_H 1
| #define HAVE_SYS_UN_H 1
| #define HAVE_LINUX_TCP_H 1
| #define HAVE_NETINET_TCP_H 1
| #define HAVE_NETINET_UDP_H 1
| #define HAVE_NETINET_IP_H 1
| #define HAVE_NETDB_H 1
| /* end confdefs.h.  */
| /* default includes */
| 
| #include <stdlib.h>
| #ifdef HAVE_SYS_TYPES_H
| #include <sys/types.h>
| #endif
| #if !defined(_WIN32) || defined(__MINGW32__)
| #include <sys/time.h>
| #endif
| #ifdef HAVE_SYS_SELECT_H
| #include <sys/select.h>
| #elif defined(HAVE_UNISTD_H)
| #include <unistd.h>
| #endif
| #ifndef _WIN32
| #include <sys/socket.h>
| #endif
| #ifdef HAVE_NETINET_IN_H
| #include <netinet/in.h>
| #endif
| #ifdef HAVE_NETINET_IN6_H
| #include <netinet/in6.h>  /* is this really required to detect other headers? */
| #endif
| #ifdef HAVE_SYS_UN_H
| #include <sys/un.h>  /* is this really required to detect other headers? */
| #endif
| 
| 
| 
| #include <sys/sockio.h>
configure:39058: result: no
configure:39092: checking for sys/param.h
configure:39092: gcc -c -Werror-implicit-function-declaration -O2 -Wno-system-headers -I/home/alex/dev/OmniAmp/1.0.3/modules/http-deps/include -D_GNU_SOURCE -I/home/alex/dev/OmniAmp/1.0.3/modules/http-deps/include conftest.c >&5
configure:39092: $? = 0
configure:39092: result: yes
configure:39126: checking for termios.h
configure:39126: gcc -c -Werror-implicit-function-declaration -O2 -Wno-system-headers -I/home/alex/dev/OmniAmp/1.0.3/modules/http-deps/include -D_GNU_SOURCE -I/home/alex/dev/OmniAmp/1.0.3/modules/http-deps/include conftest.c >&5
configure:39126: $? = 0
configure:39126: result: yes
configure:39160: checking for termio.h
configure:39160: gcc -c -Werror-implicit-function-declaration -O2 -Wno-system-headers -I/home/alex/dev/OmniAmp/1.0.3/modules/http-deps/include -D_GNU_SOURCE -I/home/alex/dev/OmniAmp/1.0.3/modules/http-deps/include conftest.c >&5
configure:39160: $? = 0
configure:39160: result: yes
configure:39194: checking for fcntl.h
configure:39194: gcc -c -Werror-implicit-function-declaration -O2 -Wno-system-headers -I/home/alex/dev/OmniAmp/1.0.3/modules/http-deps/include -D_GNU_SOURCE -I/home/alex/dev/OmniAmp/1.0.3/modules/http-deps/include conftest.c >&5
configure:39194: $? = 0
configure:39194: result: yes
configure:39228: checking for io.h
configure:39228: gcc -c -Werror-implicit-function-declaration -O2 -Wno-system-headers -I/home/alex/dev/OmniAmp/1.0.3/modules/http-deps/include -D_GNU_SOURCE -I/home/alex/dev/OmniAmp/1.0.3/modules/http-deps/include conftest.c >&5
conftest.c:97:10: fatal error: io.h: No such file or directory
   97 | #include <io.h>
      |          ^~~~~~
compilation terminated.
configure:39228: $? = 1
configure: failed program was:
| /* confdefs.h */
| #define PACKAGE_NAME "curl"
| #define PACKAGE_TARNAME "curl"
| #define PACKAGE_VERSION "-"
| #define PACKAGE_STRING "curl -"
| #define PACKAGE_BUGREPORT "a suitable curl mailing list: https://curl.se/mail/"
| #define PACKAGE_URL ""
| #define HAVE_STDIO_H 1
| #define HAVE_STDLIB_H 1
| #define HAVE_STRING_H 1
| #define HAVE_INTTYPES_H 1
| #define HAVE_STDINT_H 1
| #define HAVE_STRINGS_H 1
| #define HAVE_SYS_STAT_H 1
| #define HAVE_SYS_TYPES_H 1
| #define HAVE_UNISTD_H 1
| #define STDC_HEADERS 1
| #define HAVE_STDATOMIC_H 1
| #define HAVE_ATOMIC 1
| #define PACKAGE "curl"
| #define VERSION "-"
| #define CURL_OS "x86_64-pc-linux-gnu"
| #define HAVE_DLFCN_H 1
| #define LT_OBJDIR ".libs/"
| #define HAVE_LDAP_SSL 1
| #define HAVE_SYS_TYPES_H 1
| #define HAVE_CLOCK_GETTIME_MONOTONIC 1
| #define HAVE_SYS_TYPES_H 1
| #define HAVE_CLOCK_GETTIME_MONOTONIC_RAW 1
| #define USE_IPV6 1
| #define HAVE_SOCKADDR_IN6_SIN6_SCOPE_ID 1
| #define HAVE_WRITABLE_ARGV 1
| #define HAVE_LIBSSL 1
| #define HAVE_OPENSSL_RSA_H 1
| #define USE_OPENSSL 1
| #define HAVE_OPENSSL_CRYPTO_H 1
| #define USE_OPENSSL 1
| #define HAVE_OPENSSL_PEM_H 1
| #define USE_OPENSSL 1
| #define HAVE_OPENSSL_SSL_H 1
| #define USE_OPENSSL 1
| #define HAVE_OPENSSL_ERR_H 1
| #define USE_OPENSSL 1
| #define HAVE_SSL_SET_QUIC_TLS_CBS 1
| #define HAVE_DES_ECB_ENCRYPT 1
| #define CURL_CA_BUNDLE "/etc/ssl/certs/ca-certificates.crt"
| #define CURL_CA_PATH "/etc/ssl/certs"
| #define CURL_DISABLE_LDAP 1
| #define CURL_DISABLE_LDAPS 1
| #define HAVE_SYS_TYPES_H 1
| #define HAVE_SYS_SELECT_H 1
| #define HAVE_SYS_IOCTL_H 1
| #define HAVE_UNISTD_H 1
| #define HAVE_ARPA_INET_H 1
| #define HAVE_NET_IF_H 1
| #define HAVE_NETINET_IN_H 1
| #define HAVE_SYS_UN_H 1
| #define HAVE_LINUX_TCP_H 1
| #define HAVE_NETINET_TCP_H 1
| #define HAVE_NETINET_UDP_H 1
| #define HAVE_NETINET_IP_H 1
| #define HAVE_NETDB_H 1
| #define HAVE_SYS_PARAM_H 1
| #define HAVE_TERMIOS_H 1
| #define HAVE_TERMIO_H 1
| #define HAVE_FCNTL_H 1
| /* end confdefs.h.  */
| /* default includes */
| 
| #include <stdlib.h>
| #ifdef HAVE_SYS_TYPES_H
| #include <sys/types.h>
| #endif
| #if !defined(_WIN32) || defined(__MINGW32__)
| #include <sys/time.h>
| #endif
| #ifdef HAVE_SYS_SELECT_H
| #include <sys/select.h>
| #elif defined(HAVE_UNISTD_H)
| #include <unistd.h>
| #endif
| #ifndef _WIN32
| #include <sys/socket.h>
| #endif
| #ifdef HAVE_NETINET_IN_H
| #include <netinet/in.h>
| #endif
| #ifdef HAVE_NETINET_IN6_H
| #include <netinet/in6.h>  /* is this really required to detect other headers? */
| #endif
| #ifdef HAVE_SYS_UN_H
| #include <sys/un.h>  /* is this really required to detect other headers? */
| #endif
| 
| 
| 
| #include <io.h>
configure:39228: result: no
configure:39262: checking for pwd.h
configure:39262: gcc -c -Werror-implicit-function-declaration -O2 -Wno-system-headers -I/home/alex/dev/OmniAmp/1.0.3/modules/http-deps/include -D_GNU_SOURCE -I/home/alex/dev/OmniAmp/1.0.3/modules/http-deps/include conftest.c >&5
configure:39262: $? = 0
configure:39262: result: yes
configure:39296: checking for utime.h
configure:39296: gcc -c -Werror-implicit-function-declaration -O2 -Wno-system-headers -I/home/alex/dev/OmniAmp/1.0.3/modules/http-deps/include -D_GNU_SOURCE -I/home/alex/dev/OmniAmp/1.0.3/modules/http-deps/include conftest.c >&5
configure:39296: $? = 0
configure:39296: result: yes
configure:39330: checking for sys/utime.h
configure:39330: gcc -c -Werror-implicit-function-declaration -O2 -Wno-system-headers -I/home/alex/dev/OmniAmp/1.0.3/modules/http-deps/include -D_GNU_SOURCE -I/home/alex/dev/OmniAmp/1.0.3/modules/http-deps/include conftest.c >&5
conftest.c:99:10: fatal error: sys/utime.h: No such file or directory
   99 | #include <sys/utime.h>
      |          ^~~~~~~~~~~~~
compilation terminated.
configure:39330: $? = 1
configure: failed program was:
| /* confdefs.h */
| #define PACKAGE_NAME "curl"
| #define PACKAGE_TARNAME "curl"
| #define PACKAGE_VERSION "-"
| #define PACKAGE_STRING "curl -"
| #define PACKAGE_BUGREPORT "a suitable curl mailing list: https://curl.se/mail/"
| #define PACKAGE_URL ""
| #define HAVE_STDIO_H 1
| #define HAVE_STDLIB_H 1
| #define HAVE_STRING_H 1
| #define HAVE_INTTYPES_H 1
| #define HAVE_STDINT_H 1
| #define HAVE_STRINGS_H 1
| #define HAVE_SYS_STAT_H 1
| #define HAVE_SYS_TYPES_H 1
| #define HAVE_UNISTD_H 1
| #define STDC_HEADERS 1
| #define HAVE_STDATOMIC_H 1
| #define HAVE_ATOMIC 1
| #define PACKAGE "curl"
| #define VERSION "-"
| #define CURL_OS "x86_64-pc-linux-gnu"
| #define HAVE_DLFCN_H 1
| #define LT_OBJDIR ".libs/"
| #define HAVE_LDAP_SSL 1
| #define HAVE_SYS_TYPES_H 1
| #define HAVE_CLOCK_GETTIME_MONOTONIC 1
| #define HAVE_SYS_TYPES_H 1
| #define HAVE_CLOCK_GETTIME_MONOTONIC_RAW 1
| #define USE_IPV6 1
| #define HAVE_SOCKADDR_IN6_SIN6_SCOPE_ID 1
| #define HAVE_WRITABLE_ARGV 1
| #define HAVE_LIBSSL 1
| #define HAVE_OPENSSL_RSA_H 1
| #define USE_OPENSSL 1
| #define HAVE_OPENSSL_CRYPTO_H 1
| #define USE_OPENSSL 1
| #define HAVE_OPENSSL_PEM_H 1
| #define USE_OPENSSL 1
| #define HAVE_OPENSSL_SSL_H 1
| #define USE_OPENSSL 1
| #define HAVE_OPENSSL_ERR_H 1
| #define USE_OPENSSL 1
| #define HAVE_SSL_SET_QUIC_TLS_CBS 1
| #define HAVE_DES_ECB_ENCRYPT 1
| #define CURL_CA_BUNDLE "/etc/ssl/certs/ca-certificates.crt"
| #define CURL_CA_PATH "/etc/ssl/certs"
| #define CURL_DISABLE_LDAP 1
| #define CURL_DISABLE_LDAPS 1
| #define HAVE_SYS_TYPES_H 1
| #define HAVE_SYS_SELECT_H 1
| #define HAVE_SYS_IOCTL_H 1
| #define HAVE_UNISTD_H 1
| #define HAVE_ARPA_INET_H 1
| #define HAVE_NET_IF_H 1
| #define HAVE_NETINET_IN_H 1
| #define HAVE_SYS_UN_H 1
| #define HAVE_LINUX_TCP_H 1
| #define HAVE_NETINET_TCP_H 1
| #define HAVE_NETINET_UDP_H 1
| #define HAVE_NETINET_IP_H 1
| #define HAVE_NETDB_H 1
| #define HAVE_SYS_PARAM_H 1
| #define HAVE_TERMIOS_H 1
| #define HAVE_TERMIO_H 1
| #define HAVE_FCNTL_H 1
| #define HAVE_PWD_H 1
| #define HAVE_UTIME_H 1
| /* end confdefs.h.  */
| /* default includes */
| 
| #include <stdlib.h>
| #ifdef HAVE_SYS_TYPES_H
| #include <sys/types.h>
| #endif
| #if !defined(_WIN32) || defined(__MINGW32__)
| #include <sys/time.h>
| #endif
| #ifdef HAVE_SYS_SELECT_H
| #include <sys/select.h>
| #elif defined(HAVE_UNISTD_H)
| #include <unistd.h>
| #endif
| #ifndef _WIN32
| #include <sys/socket.h>
| #endif
| #ifdef HAVE_NETINET_IN_H
| #include <netinet/in.h>
| #endif
| #ifdef HAVE_NETINET_IN6_H
| #include <netinet/in6.h>  /* is this really required to detect other headers? */
| #endif
| #ifdef HAVE_SYS_UN_H
| #include <sys/un.h>  /* is this really required to detect other headers? */
| #endif
| 
| 
| 
| #include <sys/utime.h>
configure:39330: result: no
configure:39364: checking for sys/poll.h
configure:39364: gcc -c -Werror-implicit-function-declaration -O2 -Wno-system-headers -I/home/alex/dev/OmniAmp/1.0.3/modules/http-deps/include -D_GNU_SOURCE -I/home/alex/dev/OmniAmp/1.0.3/modules/http-deps/include conftest.c >&5
configure:39364: $? = 0
configure:39364: result: yes
configure:39398: checking for poll.h
configure:39398: gcc -c -Werror-implicit-function-declaration -O2 -Wno-system-headers -I/home/alex/dev/OmniAmp/1.0.3/modules/http-deps/include -D_GNU_SOURCE -I/home/alex/dev/OmniAmp/1.0.3/modules/http-deps/include conftest.c >&5
configure:39398: $? = 0
configure:39398: result: yes
configure:39432: checking for sys/resource.h
configure:39432: gcc -c -Werror-implicit-function-declaration -O2 -Wno-system-headers -I/home/alex/dev/OmniAmp/1.0.3/modules/http-deps/include -D_GNU_SOURCE -I/home/alex/dev/OmniAmp/1.0.3/modules/http-deps/include conftest.c >&5
configure:39432: $? = 0
configure:39432: result: yes
configure:39466: checking for libgen.h
configure:39466: gcc -c -Werror-implicit-function-declaration -O2 -Wno-system-headers -I/home/alex/dev/OmniAmp/1.0.3/modules/http-deps/include -D_GNU_SOURCE -I/home/alex/dev/OmniAmp/1.0.3/modules/http-deps/include conftest.c >&5
configure:39466: $? = 0
configure:39466: result: yes
configure:39500: checking for locale.h
configure:39500: gcc -c -Werror-implicit-function-declaration -O2 -Wno-system-headers -I/home/alex/dev/OmniAmp/1.0.3/modules/http-deps/include -D_GNU_SOURCE -I/home/alex/dev/OmniAmp/1.0.3/modules/http-deps/include conftest.c >&5
configure:39500: $? = 0
configure:39500: result: yes
configure:39534: checking for stdbool.h
configure:39534: gcc -c -Werror-implicit-function-declaration -O2 -Wno-system-headers -I/home/alex/dev/OmniAmp/1.0.3/modules/http-deps/include -D_GNU_SOURCE -I/home/alex/dev/OmniAmp/1.0.3/modules/http-deps/include conftest.c >&5
configure:39534: $? = 0
configure:39534: result: yes
configure:39568: checking for sys/filio.h
configure:39568: gcc -c -Werror-implicit-function-declaration -O2 -Wno-system-headers -I/home/alex/dev/OmniAmp/1.0.3/modules/http-deps/include -D_GNU_SOURCE -I/home/alex/dev/OmniAmp/1.0.3/modules/http-deps/include conftest.c >&5
conftest.c:105:10: fatal error: sys/filio.h: No such file or directory
  105 | #include <sys/filio.h>
      |          ^~~~~~~~~~~~~
compilation terminated.
configure:39568: $? = 1
configure: failed program was:
| /* confdefs.h */
| #define PACKAGE_NAME "curl"
| #define PACKAGE_TARNAME "curl"
| #define PACKAGE_VERSION "-"
| #define PACKAGE_STRING "curl -"
| #define PACKAGE_BUGREPORT "a suitable curl mailing list: https://curl.se/mail/"
| #define PACKAGE_URL ""
| #define HAVE_STDIO_H 1
| #define HAVE_STDLIB_H 1
| #define HAVE_STRING_H 1
| #define HAVE_INTTYPES_H 1
| #define HAVE_STDINT_H 1
| #define HAVE_STRINGS_H 1
| #define HAVE_SYS_STAT_H 1
| #define HAVE_SYS_TYPES_H 1
| #define HAVE_UNISTD_H 1
| #define STDC_HEADERS 1
| #define HAVE_STDATOMIC_H 1
| #define HAVE_ATOMIC 1
| #define PACKAGE "curl"
| #define VERSION "-"
| #define CURL_OS "x86_64-pc-linux-gnu"
| #define HAVE_DLFCN_H 1
| #define LT_OBJDIR ".libs/"
| #define HAVE_LDAP_SSL 1
| #define HAVE_SYS_TYPES_H 1
| #define HAVE_CLOCK_GETTIME_MONOTONIC 1
| #define HAVE_SYS_TYPES_H 1
| #define HAVE_CLOCK_GETTIME_MONOTONIC_RAW 1
| #define USE_IPV6 1
| #define HAVE_SOCKADDR_IN6_SIN6_SCOPE_ID 1
| #define HAVE_WRITABLE_ARGV 1
| #define HAVE_LIBSSL 1
| #define HAVE_OPENSSL_RSA_H 1
| #define USE_OPENSSL 1
| #define HAVE_OPENSSL_CRYPTO_H 1
| #define USE_OPENSSL 1
| #define HAVE_OPENSSL_PEM_H 1
| #define USE_OPENSSL 1
| #define HAVE_OPENSSL_SSL_H 1
| #define USE_OPENSSL 1
| #define HAVE_OPENSSL_ERR_H 1
| #define USE_OPENSSL 1
| #define HAVE_SSL_SET_QUIC_TLS_CBS 1
| #define HAVE_DES_ECB_ENCRYPT 1
| #define CURL_CA_BUNDLE "/etc/ssl/certs/ca-certificates.crt"
| #define CURL_CA_PATH "/etc/ssl/certs"
| #define CURL_DISABLE_LDAP 1
| #define CURL_DISABLE_LDAPS 1
| #define HAVE_SYS_TYPES_H 1
| #define HAVE_SYS_SELECT_H 1
| #define HAVE_SYS_IOCTL_H 1
| #define HAVE_UNISTD_H 1
| #define HAVE_ARPA_INET_H 1
| #define HAVE_NET_IF_H 1
| #define HAVE_NETINET_IN_H 1
| #define HAVE_SYS_UN_H 1
| #define HAVE_LINUX_TCP_H 1
| #define HAVE_NETINET_TCP_H 1
| #define HAVE_NETINET_UDP_H 1
| #define HAVE_NETINET_IP_H 1
| #define HAVE_NETDB_H 1
| #define HAVE_SYS_PARAM_H 1
| #define HAVE_TERMIOS_H 1
| #define HAVE_TERMIO_H 1
| #define HAVE_FCNTL_H 1
| #define HAVE_PWD_H 1
| #define HAVE_UTIME_H 1
| #define HAVE_SYS_POLL_H 1
| #define HAVE_POLL_H 1
| #define HAVE_SYS_RESOURCE_H 1
| #define HAVE_LIBGEN_H 1
| #define HAVE_LOCALE_H 1
| #define HAVE_STDBOOL_H 1
| /* end confdefs.h.  */
| /* default includes */
| 
| #include <stdlib.h>
| #ifdef HAVE_SYS_TYPES_H
| #include <sys/types.h>
| #endif
| #if !defined(_WIN32) || defined(__MINGW32__)
| #include <sys/time.h>
| #endif
| #ifdef HAVE_SYS_SELECT_H
| #include <sys/select.h>
| #elif defined(HAVE_UNISTD_H)
| #include <unistd.h>
| #endif
| #ifndef _WIN32
| #include <sys/socket.h>
| #endif
| #ifdef HAVE_NETINET_IN_H
| #include <netinet/in.h>
| #endif
| #ifdef HAVE_NETINET_IN6_H
| #include <netinet/in6.h>  /* is this really required to detect other headers? */
| #endif
| #ifdef HAVE_SYS_UN_H
| #include <sys/un.h>  /* is this really required to detect other headers? */
| #endif
| 
| 
| 
| #include <sys/filio.h>
configure:39568: result: no
configure:39602: checking for sys/eventfd.h
configure:39602: gcc -c -Werror-implicit-function-declaration -O2 -Wno-system-headers -I/home/alex/dev/OmniAmp/1.0.3/modules/http-deps/include -D_GNU_SOURCE -I/home/alex/dev/OmniAmp/1.0.3/modules/http-deps/include conftest.c >&5
configure:39602: $? = 0
configure:39602: result: yes
configure:39638: checking for an ANSI C-conforming const
configure:39703: gcc -c -Werror-implicit-function-declaration -O2 -Wno-system-headers -I/home/alex/dev/OmniAmp/1.0.3/modules/http-deps/include -D_GNU_SOURCE -I/home/alex/dev/OmniAmp/1.0.3/modules/http-deps/include conftest.c >&5
configure:39703: $? = 0
configure:39711: result: yes
configure:39719: checking for size_t
configure:39719: gcc -c -Werror-implicit-function-declaration -O2 -Wno-system-headers -I/home/alex/dev/OmniAmp/1.0.3/modules/http-deps/include -D_GNU_SOURCE -I/home/alex/dev/OmniAmp/1.0.3/modules/http-deps/include conftest.c >&5
configure:39719: $? = 0
configure:39719: gcc -c -Werror-implicit-function-declaration -O2 -Wno-system-headers -I/home/alex/dev/OmniAmp/1.0.3/modules/http-deps/include -D_GNU_SOURCE -I/home/alex/dev/OmniAmp/1.0.3/modules/http-deps/include conftest.c >&5
conftest.c: In function 'main':
conftest.c:107:21: error: expected expression before ')' token
  107 | if (sizeof ((size_t)))
      |                     ^
configure:39719: $? = 1
configure: failed program was:
| /* confdefs.h */
| #define PACKAGE_NAME "curl"
| #define PACKAGE_TARNAME "curl"
| #define PACKAGE_VERSION "-"
| #define PACKAGE_STRING "curl -"
| #define PACKAGE_BUGREPORT "a suitable curl mailing list: https://curl.se/mail/"
| #define PACKAGE_URL ""
| #define HAVE_STDIO_H 1
| #define HAVE_STDLIB_H 1
| #define HAVE_STRING_H 1
| #define HAVE_INTTYPES_H 1
| #define HAVE_STDINT_H 1
| #define HAVE_STRINGS_H 1
| #define HAVE_SYS_STAT_H 1
| #define HAVE_SYS_TYPES_H 1
| #define HAVE_UNISTD_H 1
| #define STDC_HEADERS 1
| #define HAVE_STDATOMIC_H 1
| #define HAVE_ATOMIC 1
| #define PACKAGE "curl"
| #define VERSION "-"
| #define CURL_OS "x86_64-pc-linux-gnu"
| #define HAVE_DLFCN_H 1
| #define LT_OBJDIR ".libs/"
| #define HAVE_LDAP_SSL 1
| #define HAVE_SYS_TYPES_H 1
| #define HAVE_CLOCK_GETTIME_MONOTONIC 1
| #define HAVE_SYS_TYPES_H 1
| #define HAVE_CLOCK_GETTIME_MONOTONIC_RAW 1
| #define USE_IPV6 1
| #define HAVE_SOCKADDR_IN6_SIN6_SCOPE_ID 1
| #define HAVE_WRITABLE_ARGV 1
| #define HAVE_LIBSSL 1
| #define HAVE_OPENSSL_RSA_H 1
| #define USE_OPENSSL 1
| #define HAVE_OPENSSL_CRYPTO_H 1
| #define USE_OPENSSL 1
| #define HAVE_OPENSSL_PEM_H 1
| #define USE_OPENSSL 1
| #define HAVE_OPENSSL_SSL_H 1
| #define USE_OPENSSL 1
| #define HAVE_OPENSSL_ERR_H 1
| #define USE_OPENSSL 1
| #define HAVE_SSL_SET_QUIC_TLS_CBS 1
| #define HAVE_DES_ECB_ENCRYPT 1
| #define CURL_CA_BUNDLE "/etc/ssl/certs/ca-certificates.crt"
| #define CURL_CA_PATH "/etc/ssl/certs"
| #define CURL_DISABLE_LDAP 1
| #define CURL_DISABLE_LDAPS 1
| #define HAVE_SYS_TYPES_H 1
| #define HAVE_SYS_SELECT_H 1
| #define HAVE_SYS_IOCTL_H 1
| #define HAVE_UNISTD_H 1
| #define HAVE_ARPA_INET_H 1
| #define HAVE_NET_IF_H 1
| #define HAVE_NETINET_IN_H 1
| #define HAVE_SYS_UN_H 1
| #define HAVE_LINUX_TCP_H 1
| #define HAVE_NETINET_TCP_H 1
| #define HAVE_NETINET_UDP_H 1
| #define HAVE_NETINET_IP_H 1
| #define HAVE_NETDB_H 1
| #define HAVE_SYS_PARAM_H 1
| #define HAVE_TERMIOS_H 1
| #define HAVE_TERMIO_H 1
| #define HAVE_FCNTL_H 1
| #define HAVE_PWD_H 1
| #define HAVE_UTIME_H 1
| #define HAVE_SYS_POLL_H 1
| #define HAVE_POLL_H 1
| #define HAVE_SYS_RESOURCE_H 1
| #define HAVE_LIBGEN_H 1
| #define HAVE_LOCALE_H 1
| #define HAVE_STDBOOL_H 1
| #define HAVE_SYS_EVENTFD_H 1
| /* end confdefs.h.  */
| #include <stddef.h>
| #ifdef HAVE_STDIO_H
| # include <stdio.h>
| #endif
| #ifdef HAVE_STDLIB_H
| # include <stdlib.h>
| #endif
| #ifdef HAVE_STRING_H
| # include <string.h>
| #endif
| #ifdef HAVE_INTTYPES_H
| # include <inttypes.h>
| #endif
| #ifdef HAVE_STDINT_H
| # include <stdint.h>
| #endif
| #ifdef HAVE_STRINGS_H
| # include <strings.h>
| #endif
| #ifdef HAVE_SYS_TYPES_H
| # include <sys/types.h>
| #endif
| #ifdef HAVE_SYS_STAT_H
| # include <sys/stat.h>
| #endif
| #ifdef HAVE_UNISTD_H
| # include <unistd.h>
| #endif
| int main(void)
| {
| if (sizeof ((size_t)))
| 	    return 0;
|   return 0;
| }
configure:39719: result: yes
configure:39732: checking for sys/types.h
configure:39732: result: yes
configure:39739: checking for struct timeval
configure:39777: gcc -c -Werror-implicit-function-declaration -O2 -Wno-system-headers -I/home/alex/dev/OmniAmp/1.0.3/modules/http-deps/include -D_GNU_SOURCE -I/home/alex/dev/OmniAmp/1.0.3/modules/http-deps/include conftest.c >&5
configure:39777: $? = 0
configure:39790: result: yes
configure:39804: checking runtime libs availability
configure:39860: sh ./run-compiler -o conftest -Werror-implicit-function-declaration -O2 -Wno-system-headers -I/home/alex/dev/OmniAmp/1.0.3/modules/http-deps/include -D_GNU_SOURCE -I/home/alex/dev/OmniAmp/1.0.3/modules/http-deps/include -L/home/alex/dev/OmniAmp/1.0.3/modules/http-deps/lib -L/home/alex/dev/OmniAmp/1.0.3/modules/http-deps/lib conftest.c -lssl -lcrypto  >&5
configure:39860: $? = 0
configure:39860: ./conftest
configure:39860: $? = 0
configure:39862: result: fine
configure:39886: checking size of size_t
configure:39909: gcc -c -Werror-implicit-function-declaration -O2 -Wno-system-headers -I/home/alex/dev/OmniAmp/1.0.3/modules/http-deps/include -D_GNU_SOURCE -I/home/alex/dev/OmniAmp/1.0.3/modules/http-deps/include conftest.c >&5
configure:39909: $? = 0
configure:39927: result: 8
configure:39939: checking size of long
configure:39962: gcc -c -Werror-implicit-function-declaration -O2 -Wno-system-headers -I/home/alex/dev/OmniAmp/1.0.3/modules/http-deps/include -D_GNU_SOURCE -I/home/alex/dev/OmniAmp/1.0.3/modules/http-deps/include conftest.c >&5
configure:39962: $? = 0
configure:39980: result: 8
configure:39992: checking size of int
configure:40015: gcc -c -Werror-implicit-function-declaration -O2 -Wno-system-headers -I/home/alex/dev/OmniAmp/1.0.3/modules/http-deps/include -D_GNU_SOURCE -I/home/alex/dev/OmniAmp/1.0.3/modules/http-deps/include conftest.c >&5
conftest.c: In function 'main':
conftest.c:91:9: error: duplicate case value
   91 |         case (sizeof(int) == 8):;
      |         ^~~~
conftest.c:90:9: note: previously used here
   90 |         case 0:
      |         ^~~~
configure:40015: $? = 1
configure: failed program was:
| /* confdefs.h */
| #define PACKAGE_NAME "curl"
| #define PACKAGE_TARNAME "curl"
| #define PACKAGE_VERSION "-"
| #define PACKAGE_STRING "curl -"
| #define PACKAGE_BUGREPORT "a suitable curl mailing list: https://curl.se/mail/"
| #define PACKAGE_URL ""
| #define HAVE_STDIO_H 1
| #define HAVE_STDLIB_H 1
| #define HAVE_STRING_H 1
| #define HAVE_INTTYPES_H 1
| #define HAVE_STDINT_H 1
| #define HAVE_STRINGS_H 1
| #define HAVE_SYS_STAT_H 1
| #define HAVE_SYS_TYPES_H 1
| #define HAVE_UNISTD_H 1
| #define STDC_HEADERS 1
| #define HAVE_STDATOMIC_H 1
| #define HAVE_ATOMIC 1
| #define PACKAGE "curl"
| #define VERSION "-"
| #define CURL_OS "x86_64-pc-linux-gnu"
| #define HAVE_DLFCN_H 1
| #define LT_OBJDIR ".libs/"
| #define HAVE_LDAP_SSL 1
| #define HAVE_SYS_TYPES_H 1
| #define HAVE_CLOCK_GETTIME_MONOTONIC 1
| #define HAVE_SYS_TYPES_H 1
| #define HAVE_CLOCK_GETTIME_MONOTONIC_RAW 1
| #define USE_IPV6 1
| #define HAVE_SOCKADDR_IN6_SIN6_SCOPE_ID 1
| #define HAVE_WRITABLE_ARGV 1
| #define HAVE_LIBSSL 1
| #define HAVE_OPENSSL_RSA_H 1
| #define USE_OPENSSL 1
| #define HAVE_OPENSSL_CRYPTO_H 1
| #define USE_OPENSSL 1
| #define HAVE_OPENSSL_PEM_H 1
| #define USE_OPENSSL 1
| #define HAVE_OPENSSL_SSL_H 1
| #define USE_OPENSSL 1
| #define HAVE_OPENSSL_ERR_H 1
| #define USE_OPENSSL 1
| #define HAVE_SSL_SET_QUIC_TLS_CBS 1
| #define HAVE_DES_ECB_ENCRYPT 1
| #define CURL_CA_BUNDLE "/etc/ssl/certs/ca-certificates.crt"
| #define CURL_CA_PATH "/etc/ssl/certs"
| #define CURL_DISABLE_LDAP 1
| #define CURL_DISABLE_LDAPS 1
| #define HAVE_SYS_TYPES_H 1
| #define HAVE_SYS_SELECT_H 1
| #define HAVE_SYS_IOCTL_H 1
| #define HAVE_UNISTD_H 1
| #define HAVE_ARPA_INET_H 1
| #define HAVE_NET_IF_H 1
| #define HAVE_NETINET_IN_H 1
| #define HAVE_SYS_UN_H 1
| #define HAVE_LINUX_TCP_H 1
| #define HAVE_NETINET_TCP_H 1
| #define HAVE_NETINET_UDP_H 1
| #define HAVE_NETINET_IP_H 1
| #define HAVE_NETDB_H 1
| #define HAVE_SYS_PARAM_H 1
| #define HAVE_TERMIOS_H 1
| #define HAVE_TERMIO_H 1
| #define HAVE_FCNTL_H 1
| #define HAVE_PWD_H 1
| #define HAVE_UTIME_H 1
| #define HAVE_SYS_POLL_H 1
| #define HAVE_POLL_H 1
| #define HAVE_SYS_RESOURCE_H 1
| #define HAVE_LIBGEN_H 1
| #define HAVE_LOCALE_H 1
| #define HAVE_STDBOOL_H 1
| #define HAVE_SYS_EVENTFD_H 1
| #define HAVE_SYS_TYPES_H 1
| #define HAVE_STRUCT_TIMEVAL 1
| #define SIZEOF_SIZE_T 8
| #define SIZEOF_LONG 8
| /* end confdefs.h.  */
| 
| 
|         #include <sys/types.h>
| 
| 
| int main(void)
| {
| 
|         switch(0) {
|         case 0:
|         case (sizeof(int) == 8):;
|         }
| 
|   return 0;
| }
| 
configure:40015: gcc -c -Werror-implicit-function-declaration -O2 -Wno-system-headers -I/home/alex/dev/OmniAmp/1.0.3/modules/http-deps/include -D_GNU_SOURCE -I/home/alex/dev/OmniAmp/1.0.3/modules/http-deps/include conftest.c >&5
configure:40015: $? = 0
configure:40033: result: 4
configure:40045: checking size of time_t
configure:40068: gcc -c -Werror-implicit-function-declaration -O2 -Wno-system-headers -I/home/alex/dev/OmniAmp/1.0.3/modules/http-deps/include -D_GNU_SOURCE -I/home/alex/dev/OmniAmp/1.0.3/modules/http-deps/include conftest.c >&5
configure:40068: $? = 0
configure:40086: result: 8
configure:40098: checking size of off_t
configure:40121: gcc -c -Werror-implicit-function-declaration -O2 -Wno-system-headers -I/home/alex/dev/OmniAmp/1.0.3/modules/http-deps/include -D_GNU_SOURCE -I/home/alex/dev/OmniAmp/1.0.3/modules/http-deps/include conftest.c >&5
configure:40121: $? = 0
configure:40139: result: 8
configure:40154: checking size of curl_off_t
configure:40179: gcc -c -Werror-implicit-function-declaration -O2 -Wno-system-headers -I./include -I/home/alex/dev/OmniAmp/1.0.3/modules/http-deps/include -D_GNU_SOURCE -I/home/alex/dev/OmniAmp/1.0.3/modules/http-deps/include conftest.c >&5
configure:40179: $? = 0
configure:40197: result: 8
configure:40209: checking size of curl_socket_t
configure:40234: gcc -c -Werror-implicit-function-declaration -O2 -Wno-system-headers -I./include -I/home/alex/dev/OmniAmp/1.0.3/modules/http-deps/include -D_GNU_SOURCE -I/home/alex/dev/OmniAmp/1.0.3/modules/http-deps/include conftest.c >&5
conftest.c: In function 'main':
conftest.c:97:9: error: duplicate case value
   97 |         case (sizeof(curl_socket_t) == 8):;
      |         ^~~~
conftest.c:96:9: note: previously used here
   96 |         case 0:
      |         ^~~~
configure:40234: $? = 1
configure: failed program was:
| /* confdefs.h */
| #define PACKAGE_NAME "curl"
| #define PACKAGE_TARNAME "curl"
| #define PACKAGE_VERSION "-"
| #define PACKAGE_STRING "curl -"
| #define PACKAGE_BUGREPORT "a suitable curl mailing list: https://curl.se/mail/"
| #define PACKAGE_URL ""
| #define HAVE_STDIO_H 1
| #define HAVE_STDLIB_H 1
| #define HAVE_STRING_H 1
| #define HAVE_INTTYPES_H 1
| #define HAVE_STDINT_H 1
| #define HAVE_STRINGS_H 1
| #define HAVE_SYS_STAT_H 1
| #define HAVE_SYS_TYPES_H 1
| #define HAVE_UNISTD_H 1
| #define STDC_HEADERS 1
| #define HAVE_STDATOMIC_H 1
| #define HAVE_ATOMIC 1
| #define PACKAGE "curl"
| #define VERSION "-"
| #define CURL_OS "x86_64-pc-linux-gnu"
| #define HAVE_DLFCN_H 1
| #define LT_OBJDIR ".libs/"
| #define HAVE_LDAP_SSL 1
| #define HAVE_SYS_TYPES_H 1
| #define HAVE_CLOCK_GETTIME_MONOTONIC 1
| #define HAVE_SYS_TYPES_H 1
| #define HAVE_CLOCK_GETTIME_MONOTONIC_RAW 1
| #define USE_IPV6 1
| #define HAVE_SOCKADDR_IN6_SIN6_SCOPE_ID 1
| #define HAVE_WRITABLE_ARGV 1
| #define HAVE_LIBSSL 1
| #define HAVE_OPENSSL_RSA_H 1
| #define USE_OPENSSL 1
| #define HAVE_OPENSSL_CRYPTO_H 1
| #define USE_OPENSSL 1
| #define HAVE_OPENSSL_PEM_H 1
| #define USE_OPENSSL 1
| #define HAVE_OPENSSL_SSL_H 1
| #define USE_OPENSSL 1
| #define HAVE_OPENSSL_ERR_H 1
| #define USE_OPENSSL 1
| #define HAVE_SSL_SET_QUIC_TLS_CBS 1
| #define HAVE_DES_ECB_ENCRYPT 1
| #define CURL_CA_BUNDLE "/etc/ssl/certs/ca-certificates.crt"
| #define CURL_CA_PATH "/etc/ssl/certs"
| #define CURL_DISABLE_LDAP 1
| #define CURL_DISABLE_LDAPS 1
| #define HAVE_SYS_TYPES_H 1
| #define HAVE_SYS_SELECT_H 1
| #define HAVE_SYS_IOCTL_H 1
| #define HAVE_UNISTD_H 1
| #define HAVE_ARPA_INET_H 1
| #define HAVE_NET_IF_H 1
| #define HAVE_NETINET_IN_H 1
| #define HAVE_SYS_UN_H 1
| #define HAVE_LINUX_TCP_H 1
| #define HAVE_NETINET_TCP_H 1
| #define HAVE_NETINET_UDP_H 1
| #define HAVE_NETINET_IP_H 1
| #define HAVE_NETDB_H 1
| #define HAVE_SYS_PARAM_H 1
| #define HAVE_TERMIOS_H 1
| #define HAVE_TERMIO_H 1
| #define HAVE_FCNTL_H 1
| #define HAVE_PWD_H 1
| #define HAVE_UTIME_H 1
| #define HAVE_SYS_POLL_H 1
| #define HAVE_POLL_H 1
| #define HAVE_SYS_RESOURCE_H 1
| #define HAVE_LIBGEN_H 1
| #define HAVE_LOCALE_H 1
| #define HAVE_STDBOOL_H 1
| #define HAVE_SYS_EVENTFD_H 1
| #define HAVE_SYS_TYPES_H 1
| #define HAVE_STRUCT_TIMEVAL 1
| #define SIZEOF_SIZE_T 8
| #define SIZEOF_LONG 8
| #define SIZEOF_INT 4
| #define SIZEOF_TIME_T 8
| #define SIZEOF_OFF_T 8
| #define SIZEOF_CURL_OFF_T 8
| /* end confdefs.h.  */
| 
| 
|         #include <sys/types.h>
| 
| #include <curl/curl.h>
| 
| 
| int main(void)
| {
| 
|         switch(0) {
|         case 0:
|         case (sizeof(curl_socket_t) == 8):;
|         }
| 
|   return 0;
| }
| 
configure:40234: gcc -c -Werror-implicit-function-declaration -O2 -Wno-system-headers -I./include -I/home/alex/dev/OmniAmp/1.0.3/modules/http-deps/include -D_GNU_SOURCE -I/home/alex/dev/OmniAmp/1.0.3/modules/http-deps/include conftest.c >&5
configure:40234: $? = 0
configure:40252: result: 4
configure:40267: checking for ssize_t
configure:40267: gcc -c -Werror-implicit-function-declaration -O2 -Wno-system-headers -I/home/alex/dev/OmniAmp/1.0.3/modules/http-deps/include -D_GNU_SOURCE -I/home/alex/dev/OmniAmp/1.0.3/modules/http-deps/include conftest.c >&5
configure:40267: $? = 0
configure:40267: gcc -c -Werror-implicit-function-declaration -O2 -Wno-system-headers -I/home/alex/dev/OmniAmp/1.0.3/modules/http-deps/include -D_GNU_SOURCE -I/home/alex/dev/OmniAmp/1.0.3/modules/http-deps/include conftest.c >&5
conftest.c: In function 'main':
conftest.c:116:22: error: expected expression before ')' token
  116 | if (sizeof ((ssize_t)))
      |                      ^
configure:40267: $? = 1
configure: failed program was:
| /* confdefs.h */
| #define PACKAGE_NAME "curl"
| #define PACKAGE_TARNAME "curl"
| #define PACKAGE_VERSION "-"
| #define PACKAGE_STRING "curl -"
| #define PACKAGE_BUGREPORT "a suitable curl mailing list: https://curl.se/mail/"
| #define PACKAGE_URL ""
| #define HAVE_STDIO_H 1
| #define HAVE_STDLIB_H 1
| #define HAVE_STRING_H 1
| #define HAVE_INTTYPES_H 1
| #define HAVE_STDINT_H 1
| #define HAVE_STRINGS_H 1
| #define HAVE_SYS_STAT_H 1
| #define HAVE_SYS_TYPES_H 1
| #define HAVE_UNISTD_H 1
| #define STDC_HEADERS 1
| #define HAVE_STDATOMIC_H 1
| #define HAVE_ATOMIC 1
| #define PACKAGE "curl"
| #define VERSION "-"
| #define CURL_OS "x86_64-pc-linux-gnu"
| #define HAVE_DLFCN_H 1
| #define LT_OBJDIR ".libs/"
| #define HAVE_LDAP_SSL 1
| #define HAVE_SYS_TYPES_H 1
| #define HAVE_CLOCK_GETTIME_MONOTONIC 1
| #define HAVE_SYS_TYPES_H 1
| #define HAVE_CLOCK_GETTIME_MONOTONIC_RAW 1
| #define USE_IPV6 1
| #define HAVE_SOCKADDR_IN6_SIN6_SCOPE_ID 1
| #define HAVE_WRITABLE_ARGV 1
| #define HAVE_LIBSSL 1
| #define HAVE_OPENSSL_RSA_H 1
| #define USE_OPENSSL 1
| #define HAVE_OPENSSL_CRYPTO_H 1
| #define USE_OPENSSL 1
| #define HAVE_OPENSSL_PEM_H 1
| #define USE_OPENSSL 1
| #define HAVE_OPENSSL_SSL_H 1
| #define USE_OPENSSL 1
| #define HAVE_OPENSSL_ERR_H 1
| #define USE_OPENSSL 1
| #define HAVE_SSL_SET_QUIC_TLS_CBS 1
| #define HAVE_DES_ECB_ENCRYPT 1
| #define CURL_CA_BUNDLE "/etc/ssl/certs/ca-certificates.crt"
| #define CURL_CA_PATH "/etc/ssl/certs"
| #define CURL_DISABLE_LDAP 1
| #define CURL_DISABLE_LDAPS 1
| #define HAVE_SYS_TYPES_H 1
| #define HAVE_SYS_SELECT_H 1
| #define HAVE_SYS_IOCTL_H 1
| #define HAVE_UNISTD_H 1
| #define HAVE_ARPA_INET_H 1
| #define HAVE_NET_IF_H 1
| #define HAVE_NETINET_IN_H 1
| #define HAVE_SYS_UN_H 1
| #define HAVE_LINUX_TCP_H 1
| #define HAVE_NETINET_TCP_H 1
| #define HAVE_NETINET_UDP_H 1
| #define HAVE_NETINET_IP_H 1
| #define HAVE_NETDB_H 1
| #define HAVE_SYS_PARAM_H 1
| #define HAVE_TERMIOS_H 1
| #define HAVE_TERMIO_H 1
| #define HAVE_FCNTL_H 1
| #define HAVE_PWD_H 1
| #define HAVE_UTIME_H 1
| #define HAVE_SYS_POLL_H 1
| #define HAVE_POLL_H 1
| #define HAVE_SYS_RESOURCE_H 1
| #define HAVE_LIBGEN_H 1
| #define HAVE_LOCALE_H 1
| #define HAVE_STDBOOL_H 1
| #define HAVE_SYS_EVENTFD_H 1
| #define HAVE_SYS_TYPES_H 1
| #define HAVE_STRUCT_TIMEVAL 1
| #define SIZEOF_SIZE_T 8
| #define SIZEOF_LONG 8
| #define SIZEOF_INT 4
| #define SIZEOF_TIME_T 8
| #define SIZEOF_OFF_T 8
| #define SIZEOF_CURL_OFF_T 8
| #define SIZEOF_CURL_SOCKET_T 4
| /* end confdefs.h.  */
| #include <stddef.h>
| #ifdef HAVE_STDIO_H
| # include <stdio.h>
| #endif
| #ifdef HAVE_STDLIB_H
| # include <stdlib.h>
| #endif
| #ifdef HAVE_STRING_H
| # include <string.h>
| #endif
| #ifdef HAVE_INTTYPES_H
| # include <inttypes.h>
| #endif
| #ifdef HAVE_STDINT_H
| # include <stdint.h>
| #endif
| #ifdef HAVE_STRINGS_H
| # include <strings.h>
| #endif
| #ifdef HAVE_SYS_TYPES_H
| # include <sys/types.h>
| #endif
| #ifdef HAVE_SYS_STAT_H
| # include <sys/stat.h>
| #endif
| #ifdef HAVE_UNISTD_H
| # include <unistd.h>
| #endif
| int main(void)
| {
| if (sizeof ((ssize_t)))
| 	    return 0;
|   return 0;
| }
configure:40267: result: yes
configure:40278: checking for bool
configure:40278: gcc -c -Werror-implicit-function-declaration -O2 -Wno-system-headers -I/home/alex/dev/OmniAmp/1.0.3/modules/http-deps/include -D_GNU_SOURCE -I/home/alex/dev/OmniAmp/1.0.3/modules/http-deps/include conftest.c >&5
configure:40278: $? = 0
configure:40278: gcc -c -Werror-implicit-function-declaration -O2 -Wno-system-headers -I/home/alex/dev/OmniAmp/1.0.3/modules/http-deps/include -D_GNU_SOURCE -I/home/alex/dev/OmniAmp/1.0.3/modules/http-deps/include conftest.c >&5
conftest.c: In function 'main':
conftest.c:97:19: error: expected expression before ')' token
   97 | if (sizeof ((bool)))
      |                   ^
configure:40278: $? = 1
configure: failed program was:
| /* confdefs.h */
| #define PACKAGE_NAME "curl"
| #define PACKAGE_TARNAME "curl"
| #define PACKAGE_VERSION "-"
| #define PACKAGE_STRING "curl -"
| #define PACKAGE_BUGREPORT "a suitable curl mailing list: https://curl.se/mail/"
| #define PACKAGE_URL ""
| #define HAVE_STDIO_H 1
| #define HAVE_STDLIB_H 1
| #define HAVE_STRING_H 1
| #define HAVE_INTTYPES_H 1
| #define HAVE_STDINT_H 1
| #define HAVE_STRINGS_H 1
| #define HAVE_SYS_STAT_H 1
| #define HAVE_SYS_TYPES_H 1
| #define HAVE_UNISTD_H 1
| #define STDC_HEADERS 1
| #define HAVE_STDATOMIC_H 1
| #define HAVE_ATOMIC 1
| #define PACKAGE "curl"
| #define VERSION "-"
| #define CURL_OS "x86_64-pc-linux-gnu"
| #define HAVE_DLFCN_H 1
| #define LT_OBJDIR ".libs/"
| #define HAVE_LDAP_SSL 1
| #define HAVE_SYS_TYPES_H 1
| #define HAVE_CLOCK_GETTIME_MONOTONIC 1
| #define HAVE_SYS_TYPES_H 1
| #define HAVE_CLOCK_GETTIME_MONOTONIC_RAW 1
| #define USE_IPV6 1
| #define HAVE_SOCKADDR_IN6_SIN6_SCOPE_ID 1
| #define HAVE_WRITABLE_ARGV 1
| #define HAVE_LIBSSL 1
| #define HAVE_OPENSSL_RSA_H 1
| #define USE_OPENSSL 1
| #define HAVE_OPENSSL_CRYPTO_H 1
| #define USE_OPENSSL 1
| #define HAVE_OPENSSL_PEM_H 1
| #define USE_OPENSSL 1
| #define HAVE_OPENSSL_SSL_H 1
| #define USE_OPENSSL 1
| #define HAVE_OPENSSL_ERR_H 1
| #define USE_OPENSSL 1
| #define HAVE_SSL_SET_QUIC_TLS_CBS 1
| #define HAVE_DES_ECB_ENCRYPT 1
| #define CURL_CA_BUNDLE "/etc/ssl/certs/ca-certificates.crt"
| #define CURL_CA_PATH "/etc/ssl/certs"
| #define CURL_DISABLE_LDAP 1
| #define CURL_DISABLE_LDAPS 1
| #define HAVE_SYS_TYPES_H 1
| #define HAVE_SYS_SELECT_H 1
| #define HAVE_SYS_IOCTL_H 1
| #define HAVE_UNISTD_H 1
| #define HAVE_ARPA_INET_H 1
| #define HAVE_NET_IF_H 1
| #define HAVE_NETINET_IN_H 1
| #define HAVE_SYS_UN_H 1
| #define HAVE_LINUX_TCP_H 1
| #define HAVE_NETINET_TCP_H 1
| #define HAVE_NETINET_UDP_H 1
| #define HAVE_NETINET_IP_H 1
| #define HAVE_NETDB_H 1
| #define HAVE_SYS_PARAM_H 1
| #define HAVE_TERMIOS_H 1
| #define HAVE_TERMIO_H 1
| #define HAVE_FCNTL_H 1
| #define HAVE_PWD_H 1
| #define HAVE_UTIME_H 1
| #define HAVE_SYS_POLL_H 1
| #define HAVE_POLL_H 1
| #define HAVE_SYS_RESOURCE_H 1
| #define HAVE_LIBGEN_H 1
| #define HAVE_LOCALE_H 1
| #define HAVE_STDBOOL_H 1
| #define HAVE_SYS_EVENTFD_H 1
| #define HAVE_SYS_TYPES_H 1
| #define HAVE_STRUCT_TIMEVAL 1
| #define SIZEOF_SIZE_T 8
| #define SIZEOF_LONG 8
| #define SIZEOF_INT 4
| #define SIZEOF_TIME_T 8
| #define SIZEOF_OFF_T 8
| #define SIZEOF_CURL_OFF_T 8
| #define SIZEOF_CURL_SOCKET_T 4
| /* end confdefs.h.  */
| 
| #ifdef HAVE_SYS_TYPES_H
| #include <sys/types.h>
| #endif
| #ifdef HAVE_STDBOOL_H
| #include <stdbool.h>
| #endif
| 
| 
| int main(void)
| {
| if (sizeof ((bool)))
| 	    return 0;
|   return 0;
| }
configure:40278: result: yes
configure:40298: checking for sa_family_t
configure:40298: gcc -c -Werror-implicit-function-declaration -O2 -Wno-system-headers -I/home/alex/dev/OmniAmp/1.0.3/modules/http-deps/include -D_GNU_SOURCE -I/home/alex/dev/OmniAmp/1.0.3/modules/http-deps/include conftest.c >&5
configure:40298: $? = 0
configure:40298: gcc -c -Werror-implicit-function-declaration -O2 -Wno-system-headers -I/home/alex/dev/OmniAmp/1.0.3/modules/http-deps/include -D_GNU_SOURCE -I/home/alex/dev/OmniAmp/1.0.3/modules/http-deps/include conftest.c >&5
conftest.c: In function 'main':
conftest.c:93:26: error: expected expression before ')' token
   93 | if (sizeof ((sa_family_t)))
      |                          ^
configure:40298: $? = 1
configure: failed program was:
| /* confdefs.h */
| #define PACKAGE_NAME "curl"
| #define PACKAGE_TARNAME "curl"
| #define PACKAGE_VERSION "-"
| #define PACKAGE_STRING "curl -"
| #define PACKAGE_BUGREPORT "a suitable curl mailing list: https://curl.se/mail/"
| #define PACKAGE_URL ""
| #define HAVE_STDIO_H 1
| #define HAVE_STDLIB_H 1
| #define HAVE_STRING_H 1
| #define HAVE_INTTYPES_H 1
| #define HAVE_STDINT_H 1
| #define HAVE_STRINGS_H 1
| #define HAVE_SYS_STAT_H 1
| #define HAVE_SYS_TYPES_H 1
| #define HAVE_UNISTD_H 1
| #define STDC_HEADERS 1
| #define HAVE_STDATOMIC_H 1
| #define HAVE_ATOMIC 1
| #define PACKAGE "curl"
| #define VERSION "-"
| #define CURL_OS "x86_64-pc-linux-gnu"
| #define HAVE_DLFCN_H 1
| #define LT_OBJDIR ".libs/"
| #define HAVE_LDAP_SSL 1
| #define HAVE_SYS_TYPES_H 1
| #define HAVE_CLOCK_GETTIME_MONOTONIC 1
| #define HAVE_SYS_TYPES_H 1
| #define HAVE_CLOCK_GETTIME_MONOTONIC_RAW 1
| #define USE_IPV6 1
| #define HAVE_SOCKADDR_IN6_SIN6_SCOPE_ID 1
| #define HAVE_WRITABLE_ARGV 1
| #define HAVE_LIBSSL 1
| #define HAVE_OPENSSL_RSA_H 1
| #define USE_OPENSSL 1
| #define HAVE_OPENSSL_CRYPTO_H 1
| #define USE_OPENSSL 1
| #define HAVE_OPENSSL_PEM_H 1
| #define USE_OPENSSL 1
| #define HAVE_OPENSSL_SSL_H 1
| #define USE_OPENSSL 1
| #define HAVE_OPENSSL_ERR_H 1
| #define USE_OPENSSL 1
| #define HAVE_SSL_SET_QUIC_TLS_CBS 1
| #define HAVE_DES_ECB_ENCRYPT 1
| #define CURL_CA_BUNDLE "/etc/ssl/certs/ca-certificates.crt"
| #define CURL_CA_PATH "/etc/ssl/certs"
| #define CURL_DISABLE_LDAP 1
| #define CURL_DISABLE_LDAPS 1
| #define HAVE_SYS_TYPES_H 1
| #define HAVE_SYS_SELECT_H 1
| #define HAVE_SYS_IOCTL_H 1
| #define HAVE_UNISTD_H 1
| #define HAVE_ARPA_INET_H 1
| #define HAVE_NET_IF_H 1
| #define HAVE_NETINET_IN_H 1
| #define HAVE_SYS_UN_H 1
| #define HAVE_LINUX_TCP_H 1
| #define HAVE_NETINET_TCP_H 1
| #define HAVE_NETINET_UDP_H 1
| #define HAVE_NETINET_IP_H 1
| #define HAVE_NETDB_H 1
| #define HAVE_SYS_PARAM_H 1
| #define HAVE_TERMIOS_H 1
| #define HAVE_TERMIO_H 1
| #define HAVE_FCNTL_H 1
| #define HAVE_PWD_H 1
| #define HAVE_UTIME_H 1
| #define HAVE_SYS_POLL_H 1
| #define HAVE_POLL_H 1
| #define HAVE_SYS_RESOURCE_H 1
| #define HAVE_LIBGEN_H 1
| #define HAVE_LOCALE_H 1
| #define HAVE_STDBOOL_H 1
| #define HAVE_SYS_EVENTFD_H 1
| #define HAVE_SYS_TYPES_H 1
| #define HAVE_STRUCT_TIMEVAL 1
| #define SIZEOF_SIZE_T 8
| #define SIZEOF_LONG 8
| #define SIZEOF_INT 4
| #define SIZEOF_TIME_T 8
| #define SIZEOF_OFF_T 8
| #define SIZEOF_CURL_OFF_T 8
| #define SIZEOF_CURL_SOCKET_T 4
| #define HAVE_BOOL_T 1
| /* end confdefs.h.  */
| 
|   #include <sys/socket.h>
| 
| 
| int main(void)
| {
| if (sizeof ((sa_family_t)))
| 	    return 0;
|   return 0;
| }
configure:40298: result: yes
configure:40311: checking for suseconds_t
configure:40311: gcc -c -Werror-implicit-function-declaration -O2 -Wno-system-headers -I/home/alex/dev/OmniAmp/1.0.3/modules/http-deps/include -D_GNU_SOURCE -I/home/alex/dev/OmniAmp/1.0.3/modules/http-deps/include conftest.c >&5
configure:40311: $? = 0
configure:40311: gcc -c -Werror-implicit-function-declaration -O2 -Wno-system-headers -I/home/alex/dev/OmniAmp/1.0.3/modules/http-deps/include -D_GNU_SOURCE -I/home/alex/dev/OmniAmp/1.0.3/modules/http-deps/include conftest.c >&5
conftest.c: In function 'main':
conftest.c:99:26: error: expected expression before ')' token
   99 | if (sizeof ((suseconds_t)))
      |                          ^
configure:40311: $? = 1
configure: failed program was:
| /* confdefs.h */
| #define PACKAGE_NAME "curl"
| #define PACKAGE_TARNAME "curl"
| #define PACKAGE_VERSION "-"
| #define PACKAGE_STRING "curl -"
| #define PACKAGE_BUGREPORT "a suitable curl mailing list: https://curl.se/mail/"
| #define PACKAGE_URL ""
| #define HAVE_STDIO_H 1
| #define HAVE_STDLIB_H 1
| #define HAVE_STRING_H 1
| #define HAVE_INTTYPES_H 1
| #define HAVE_STDINT_H 1
| #define HAVE_STRINGS_H 1
| #define HAVE_SYS_STAT_H 1
| #define HAVE_SYS_TYPES_H 1
| #define HAVE_UNISTD_H 1
| #define STDC_HEADERS 1
| #define HAVE_STDATOMIC_H 1
| #define HAVE_ATOMIC 1
| #define PACKAGE "curl"
| #define VERSION "-"
| #define CURL_OS "x86_64-pc-linux-gnu"
| #define HAVE_DLFCN_H 1
| #define LT_OBJDIR ".libs/"
| #define HAVE_LDAP_SSL 1
| #define HAVE_SYS_TYPES_H 1
| #define HAVE_CLOCK_GETTIME_MONOTONIC 1
| #define HAVE_SYS_TYPES_H 1
| #define HAVE_CLOCK_GETTIME_MONOTONIC_RAW 1
| #define USE_IPV6 1
| #define HAVE_SOCKADDR_IN6_SIN6_SCOPE_ID 1
| #define HAVE_WRITABLE_ARGV 1
| #define HAVE_LIBSSL 1
| #define HAVE_OPENSSL_RSA_H 1
| #define USE_OPENSSL 1
| #define HAVE_OPENSSL_CRYPTO_H 1
| #define USE_OPENSSL 1
| #define HAVE_OPENSSL_PEM_H 1
| #define USE_OPENSSL 1
| #define HAVE_OPENSSL_SSL_H 1
| #define USE_OPENSSL 1
| #define HAVE_OPENSSL_ERR_H 1
| #define USE_OPENSSL 1
| #define HAVE_SSL_SET_QUIC_TLS_CBS 1
| #define HAVE_DES_ECB_ENCRYPT 1
| #define CURL_CA_BUNDLE "/etc/ssl/certs/ca-certificates.crt"
| #define CURL_CA_PATH "/etc/ssl/certs"
| #define CURL_DISABLE_LDAP 1
| #define CURL_DISABLE_LDAPS 1
| #define HAVE_SYS_TYPES_H 1
| #define HAVE_SYS_SELECT_H 1
| #define HAVE_SYS_IOCTL_H 1
| #define HAVE_UNISTD_H 1
| #define HAVE_ARPA_INET_H 1
| #define HAVE_NET_IF_H 1
| #define HAVE_NETINET_IN_H 1
| #define HAVE_SYS_UN_H 1
| #define HAVE_LINUX_TCP_H 1
| #define HAVE_NETINET_TCP_H 1
| #define HAVE_NETINET_UDP_H 1
| #define HAVE_NETINET_IP_H 1
| #define HAVE_NETDB_H 1
| #define HAVE_SYS_PARAM_H 1
| #define HAVE_TERMIOS_H 1
| #define HAVE_TERMIO_H 1
| #define HAVE_FCNTL_H 1
| #define HAVE_PWD_H 1
| #define HAVE_UTIME_H 1
| #define HAVE_SYS_POLL_H 1
| #define HAVE_POLL_H 1
| #define HAVE_SYS_RESOURCE_H 1
| #define HAVE_LIBGEN_H 1
| #define HAVE_LOCALE_H 1
| #define HAVE_STDBOOL_H 1
| #define HAVE_SYS_EVENTFD_H 1
| #define HAVE_SYS_TYPES_H 1
| #define HAVE_STRUCT_TIMEVAL 1
| #define SIZEOF_SIZE_T 8
| #define SIZEOF_LONG 8
| #define SIZEOF_INT 4
| #define SIZEOF_TIME_T 8
| #define SIZEOF_OFF_T 8
| #define SIZEOF_CURL_OFF_T 8
| #define SIZEOF_CURL_SOCKET_T 4
| #define HAVE_BOOL_T 1
| #define HAVE_SA_FAMILY_T 1
| /* end confdefs.h.  */
| 
| #ifdef HAVE_SYS_TYPES_H
| #include <sys/types.h>
| #endif
| #ifndef _WIN32
| #include <sys/time.h>
| #endif
| 
| 
| int main(void)
| {
| if (sizeof ((suseconds_t)))
| 	    return 0;
|   return 0;
| }
configure:40311: result: yes
configure:40337: checking if time_t is unsigned
configure:40398: sh ./run-compiler -o conftest -Werror-implicit-function-declaration -O2 -Wno-system-headers -I/home/alex/dev/OmniAmp/1.0.3/modules/http-deps/include -D_GNU_SOURCE -I/home/alex/dev/OmniAmp/1.0.3/modules/http-deps/include -L/home/alex/dev/OmniAmp/1.0.3/modules/http-deps/lib -L/home/alex/dev/OmniAmp/1.0.3/modules/http-deps/lib conftest.c -lssl -lcrypto  >&5
configure:40398: $? = 0
configure:40398: ./conftest
configure:40398: $? = 1
configure: program exited with status 1
configure: failed program was:
| /* confdefs.h */
| #define PACKAGE_NAME "curl"
| #define PACKAGE_TARNAME "curl"
| #define PACKAGE_VERSION "-"
| #define PACKAGE_STRING "curl -"
| #define PACKAGE_BUGREPORT "a suitable curl mailing list: https://curl.se/mail/"
| #define PACKAGE_URL ""
| #define HAVE_STDIO_H 1
| #define HAVE_STDLIB_H 1
| #define HAVE_STRING_H 1
| #define HAVE_INTTYPES_H 1
| #define HAVE_STDINT_H 1
| #define HAVE_STRINGS_H 1
| #define HAVE_SYS_STAT_H 1
| #define HAVE_SYS_TYPES_H 1
| #define HAVE_UNISTD_H 1
| #define STDC_HEADERS 1
| #define HAVE_STDATOMIC_H 1
| #define HAVE_ATOMIC 1
| #define PACKAGE "curl"
| #define VERSION "-"
| #define CURL_OS "x86_64-pc-linux-gnu"
| #define HAVE_DLFCN_H 1
| #define LT_OBJDIR ".libs/"
| #define HAVE_LDAP_SSL 1
| #define HAVE_SYS_TYPES_H 1
| #define HAVE_CLOCK_GETTIME_MONOTONIC 1
| #define HAVE_SYS_TYPES_H 1
| #define HAVE_CLOCK_GETTIME_MONOTONIC_RAW 1
| #define USE_IPV6 1
| #define HAVE_SOCKADDR_IN6_SIN6_SCOPE_ID 1
| #define HAVE_WRITABLE_ARGV 1
| #define HAVE_LIBSSL 1
| #define HAVE_OPENSSL_RSA_H 1
| #define USE_OPENSSL 1
| #define HAVE_OPENSSL_CRYPTO_H 1
| #define USE_OPENSSL 1
| #define HAVE_OPENSSL_PEM_H 1
| #define USE_OPENSSL 1
| #define HAVE_OPENSSL_SSL_H 1
| #define USE_OPENSSL 1
| #define HAVE_OPENSSL_ERR_H 1
| #define USE_OPENSSL 1
| #define HAVE_SSL_SET_QUIC_TLS_CBS 1
| #define HAVE_DES_ECB_ENCRYPT 1
| #define CURL_CA_BUNDLE "/etc/ssl/certs/ca-certificates.crt"
| #define CURL_CA_PATH "/etc/ssl/certs"
| #define CURL_DISABLE_LDAP 1
| #define CURL_DISABLE_LDAPS 1
| #define HAVE_SYS_TYPES_H 1
| #define HAVE_SYS_SELECT_H 1
| #define HAVE_SYS_IOCTL_H 1
| #define HAVE_UNISTD_H 1
| #define HAVE_ARPA_INET_H 1
| #define HAVE_NET_IF_H 1
| #define HAVE_NETINET_IN_H 1
| #define HAVE_SYS_UN_H 1
| #define HAVE_LINUX_TCP_H 1
| #define HAVE_NETINET_TCP_H 1
| #define HAVE_NETINET_UDP_H 1
| #define HAVE_NETINET_IP_H 1
| #define HAVE_NETDB_H 1
| #define HAVE_SYS_PARAM_H 1
| #define HAVE_TERMIOS_H 1
| #define HAVE_TERMIO_H 1
| #define HAVE_FCNTL_H 1
| #define HAVE_PWD_H 1
| #define HAVE_UTIME_H 1
| #define HAVE_SYS_POLL_H 1
| #define HAVE_POLL_H 1
| #define HAVE_SYS_RESOURCE_H 1
| #define HAVE_LIBGEN_H 1
| #define HAVE_LOCALE_H 1
| #define HAVE_STDBOOL_H 1
| #define HAVE_SYS_EVENTFD_H 1
| #define HAVE_SYS_TYPES_H 1
| #define HAVE_STRUCT_TIMEVAL 1
| #define SIZEOF_SIZE_T 8
| #define SIZEOF_LONG 8
| #define SIZEOF_INT 4
| #define SIZEOF_TIME_T 8
| #define SIZEOF_OFF_T 8
| #define SIZEOF_CURL_OFF_T 8
| #define SIZEOF_CURL_SOCKET_T 4
| #define HAVE_BOOL_T 1
| #define HAVE_SA_FAMILY_T 1
| #define HAVE_SUSECONDS_T 1
| /* end confdefs.h.  */
| 
|       #include <time.h>
|       int main(void)
|       {
|         time_t t = -1;
|         return t < 0;
|       }
| 
configure:40407: result: no
configure:40424: checking for struct sockaddr_storage
configure:40424: gcc -c -Werror-implicit-function-declaration -O2 -Wno-system-headers -I/home/alex/dev/OmniAmp/1.0.3/modules/http-deps/include -D_GNU_SOURCE -I/home/alex/dev/OmniAmp/1.0.3/modules/http-deps/include conftest.c >&5
configure:40424: $? = 0
configure:40424: gcc -c -Werror-implicit-function-declaration -O2 -Wno-system-headers -I/home/alex/dev/OmniAmp/1.0.3/modules/http-deps/include -D_GNU_SOURCE -I/home/alex/dev/OmniAmp/1.0.3/modules/http-deps/include conftest.c >&5
conftest.c: In function 'main':
conftest.c:112:38: error: expected expression before ')' token
  112 | if (sizeof ((struct sockaddr_storage)))
      |                                      ^
configure:40424: $? = 1
configure: failed program was:
| /* confdefs.h */
| #define PACKAGE_NAME "curl"
| #define PACKAGE_TARNAME "curl"
| #define PACKAGE_VERSION "-"
| #define PACKAGE_STRING "curl -"
| #define PACKAGE_BUGREPORT "a suitable curl mailing list: https://curl.se/mail/"
| #define PACKAGE_URL ""
| #define HAVE_STDIO_H 1
| #define HAVE_STDLIB_H 1
| #define HAVE_STRING_H 1
| #define HAVE_INTTYPES_H 1
| #define HAVE_STDINT_H 1
| #define HAVE_STRINGS_H 1
| #define HAVE_SYS_STAT_H 1
| #define HAVE_SYS_TYPES_H 1
| #define HAVE_UNISTD_H 1
| #define STDC_HEADERS 1
| #define HAVE_STDATOMIC_H 1
| #define HAVE_ATOMIC 1
| #define PACKAGE "curl"
| #define VERSION "-"
| #define CURL_OS "x86_64-pc-linux-gnu"
| #define HAVE_DLFCN_H 1
| #define LT_OBJDIR ".libs/"
| #define HAVE_LDAP_SSL 1
| #define HAVE_SYS_TYPES_H 1
| #define HAVE_CLOCK_GETTIME_MONOTONIC 1
| #define HAVE_SYS_TYPES_H 1
| #define HAVE_CLOCK_GETTIME_MONOTONIC_RAW 1
| #define USE_IPV6 1
| #define HAVE_SOCKADDR_IN6_SIN6_SCOPE_ID 1
| #define HAVE_WRITABLE_ARGV 1
| #define HAVE_LIBSSL 1
| #define HAVE_OPENSSL_RSA_H 1
| #define USE_OPENSSL 1
| #define HAVE_OPENSSL_CRYPTO_H 1
| #define USE_OPENSSL 1
| #define HAVE_OPENSSL_PEM_H 1
| #define USE_OPENSSL 1
| #define HAVE_OPENSSL_SSL_H 1
| #define USE_OPENSSL 1
| #define HAVE_OPENSSL_ERR_H 1
| #define USE_OPENSSL 1
| #define HAVE_SSL_SET_QUIC_TLS_CBS 1
| #define HAVE_DES_ECB_ENCRYPT 1
| #define CURL_CA_BUNDLE "/etc/ssl/certs/ca-certificates.crt"
| #define CURL_CA_PATH "/etc/ssl/certs"
| #define CURL_DISABLE_LDAP 1
| #define CURL_DISABLE_LDAPS 1
| #define HAVE_SYS_TYPES_H 1
| #define HAVE_SYS_SELECT_H 1
| #define HAVE_SYS_IOCTL_H 1
| #define HAVE_UNISTD_H 1
| #define HAVE_ARPA_INET_H 1
| #define HAVE_NET_IF_H 1
| #define HAVE_NETINET_IN_H 1
| #define HAVE_SYS_UN_H 1
| #define HAVE_LINUX_TCP_H 1
| #define HAVE_NETINET_TCP_H 1
| #define HAVE_NETINET_UDP_H 1
| #define HAVE_NETINET_IP_H 1
| #define HAVE_NETDB_H 1
| #define HAVE_SYS_PARAM_H 1
| #define HAVE_TERMIOS_H 1
| #define HAVE_TERMIO_H 1
| #define HAVE_FCNTL_H 1
| #define HAVE_PWD_H 1
| #define HAVE_UTIME_H 1
| #define HAVE_SYS_POLL_H 1
| #define HAVE_POLL_H 1
| #define HAVE_SYS_RESOURCE_H 1
| #define HAVE_LIBGEN_H 1
| #define HAVE_LOCALE_H 1
| #define HAVE_STDBOOL_H 1
| #define HAVE_SYS_EVENTFD_H 1
| #define HAVE_SYS_TYPES_H 1
| #define HAVE_STRUCT_TIMEVAL 1
| #define SIZEOF_SIZE_T 8
| #define SIZEOF_LONG 8
| #define SIZEOF_INT 4
| #define SIZEOF_TIME_T 8
| #define SIZEOF_OFF_T 8
| #define SIZEOF_CURL_OFF_T 8
| #define SIZEOF_CURL_SOCKET_T 4
| #define HAVE_BOOL_T 1
| #define HAVE_SA_FAMILY_T 1
| #define HAVE_SUSECONDS_T 1
| /* end confdefs.h.  */
| 
|      #undef inline
|      #ifdef _WIN32
|      #ifndef WIN32_LEAN_AND_MEAN
|      #define WIN32_LEAN_AND_MEAN
|      #endif
|      #include <winsock2.h>
|      #else
|      #ifdef HAVE_SYS_TYPES_H
|      #include <sys/types.h>
|      #endif
|      #include <sys/socket.h>
|      #ifdef HAVE_NETINET_IN_H
|      #include <netinet/in.h>
|      #endif
|      #ifdef HAVE_ARPA_INET_H
|      #include <arpa/inet.h>
|      #endif
|      #endif
| 
| 
| int main(void)
| {
| if (sizeof ((struct sockaddr_storage)))
| 	    return 0;
|   return 0;
| }
configure:40424: result: yes
configure:40457: checking for sys/types.h
configure:40457: result: yes
configure:40465: checking for recv
configure:40494: gcc -o conftest -Werror-implicit-function-declaration -O2 -Wno-system-headers -I/home/alex/dev/OmniAmp/1.0.3/modules/http-deps/include -D_GNU_SOURCE -I/home/alex/dev/OmniAmp/1.0.3/modules/http-deps/include -L/home/alex/dev/OmniAmp/1.0.3/modules/http-deps/lib -L/home/alex/dev/OmniAmp/1.0.3/modules/http-deps/lib conftest.c -lssl -lcrypto  >&5
configure:40494: $? = 0
configure:40497: result: yes
configure:40523: checking for sys/types.h
configure:40523: result: yes
configure:40531: checking for send
configure:40561: gcc -o conftest -Werror-implicit-function-declaration -O2 -Wno-system-headers -I/home/alex/dev/OmniAmp/1.0.3/modules/http-deps/include -D_GNU_SOURCE -I/home/alex/dev/OmniAmp/1.0.3/modules/http-deps/include -L/home/alex/dev/OmniAmp/1.0.3/modules/http-deps/lib -L/home/alex/dev/OmniAmp/1.0.3/modules/http-deps/lib conftest.c -lssl -lcrypto  >&5
configure:40561: $? = 0
configure:40564: result: yes
configure:40598: checking for sys/types.h
configure:40598: result: yes
configure:40605: checking for unistd.h
configure:40605: result: yes
configure:40622: checking if alarm can be linked
configure:40650: gcc -o conftest -Werror-implicit-function-declaration -O2 -Wno-system-headers -I/home/alex/dev/OmniAmp/1.0.3/modules/http-deps/include -D_GNU_SOURCE -I/home/alex/dev/OmniAmp/1.0.3/modules/http-deps/include -L/home/alex/dev/OmniAmp/1.0.3/modules/http-deps/lib -L/home/alex/dev/OmniAmp/1.0.3/modules/http-deps/lib conftest.c -lssl -lcrypto  >&5
configure:40650: $? = 0
configure:40653: result: yes
configure:40668: checking if alarm is prototyped
configure:40680: result: yes
configure:40696: checking if alarm is compilable
configure:40714: gcc -c -Werror-implicit-function-declaration -O2 -Wno-system-headers -I/home/alex/dev/OmniAmp/1.0.3/modules/http-deps/include -D_GNU_SOURCE -I/home/alex/dev/OmniAmp/1.0.3/modules/http-deps/include conftest.c >&5
configure:40714: $? = 0
configure:40717: result: yes
configure:40732: checking if alarm usage allowed
configure:40735: result: yes
configure:40745: checking if alarm might be used
configure:40751: result: yes
configure:40774: checking for sys/types.h
configure:40774: result: yes
configure:40781: checking for strings.h
configure:40781: result: yes
configure:40800: checking for sys/types.h
configure:40800: result: yes
configure:40807: checking for libgen.h
configure:40807: result: yes
configure:40826: checking if basename can be linked
configure:40854: gcc -o conftest -Werror-implicit-function-declaration -O2 -Wno-system-headers -I/home/alex/dev/OmniAmp/1.0.3/modules/http-deps/include -D_GNU_SOURCE -I/home/alex/dev/OmniAmp/1.0.3/modules/http-deps/include -L/home/alex/dev/OmniAmp/1.0.3/modules/http-deps/lib -L/home/alex/dev/OmniAmp/1.0.3/modules/http-deps/lib conftest.c -lssl -lcrypto  >&5
configure:40854: $? = 0
configure:40857: result: yes
configure:40872: checking if basename is prototyped
configure:40886: result: yes
configure:40902: checking if basename is compilable
configure:40922: gcc -c -Werror-implicit-function-declaration -O2 -Wno-system-headers -I/home/alex/dev/OmniAmp/1.0.3/modules/http-deps/include -D_GNU_SOURCE -I/home/alex/dev/OmniAmp/1.0.3/modules/http-deps/include conftest.c >&5
configure:40922: $? = 0
configure:40925: result: yes
configure:40940: checking if basename usage allowed
configure:40943: result: yes
configure:40953: checking if basename might be used
configure:40959: result: yes
configure:40979: checking if closesocket can be linked
configure:40997: gcc -o conftest -Werror-implicit-function-declaration -O2 -Wno-system-headers -I/home/alex/dev/OmniAmp/1.0.3/modules/http-deps/include -D_GNU_SOURCE -I/home/alex/dev/OmniAmp/1.0.3/modules/http-deps/include -L/home/alex/dev/OmniAmp/1.0.3/modules/http-deps/lib -L/home/alex/dev/OmniAmp/1.0.3/modules/http-deps/lib conftest.c -lssl -lcrypto  >&5
conftest.c: In function 'main':
conftest.c:116:10: error: implicit declaration of function 'closesocket' [-Werror=implicit-function-declaration]
  116 |       if(closesocket(0))
      |          ^~~~~~~~~~~
cc1: some warnings being treated as errors
configure:40997: $? = 1
configure: failed program was:
| /* confdefs.h */
| #define PACKAGE_NAME "curl"
| #define PACKAGE_TARNAME "curl"
| #define PACKAGE_VERSION "-"
| #define PACKAGE_STRING "curl -"
| #define PACKAGE_BUGREPORT "a suitable curl mailing list: https://curl.se/mail/"
| #define PACKAGE_URL ""
| #define HAVE_STDIO_H 1
| #define HAVE_STDLIB_H 1
| #define HAVE_STRING_H 1
| #define HAVE_INTTYPES_H 1
| #define HAVE_STDINT_H 1
| #define HAVE_STRINGS_H 1
| #define HAVE_SYS_STAT_H 1
| #define HAVE_SYS_TYPES_H 1
| #define HAVE_UNISTD_H 1
| #define STDC_HEADERS 1
| #define HAVE_STDATOMIC_H 1
| #define HAVE_ATOMIC 1
| #define PACKAGE "curl"
| #define VERSION "-"
| #define CURL_OS "x86_64-pc-linux-gnu"
| #define HAVE_DLFCN_H 1
| #define LT_OBJDIR ".libs/"
| #define HAVE_LDAP_SSL 1
| #define HAVE_SYS_TYPES_H 1
| #define HAVE_CLOCK_GETTIME_MONOTONIC 1
| #define HAVE_SYS_TYPES_H 1
| #define HAVE_CLOCK_GETTIME_MONOTONIC_RAW 1
| #define USE_IPV6 1
| #define HAVE_SOCKADDR_IN6_SIN6_SCOPE_ID 1
| #define HAVE_WRITABLE_ARGV 1
| #define HAVE_LIBSSL 1
| #define HAVE_OPENSSL_RSA_H 1
| #define USE_OPENSSL 1
| #define HAVE_OPENSSL_CRYPTO_H 1
| #define USE_OPENSSL 1
| #define HAVE_OPENSSL_PEM_H 1
| #define USE_OPENSSL 1
| #define HAVE_OPENSSL_SSL_H 1
| #define USE_OPENSSL 1
| #define HAVE_OPENSSL_ERR_H 1
| #define USE_OPENSSL 1
| #define HAVE_SSL_SET_QUIC_TLS_CBS 1
| #define HAVE_DES_ECB_ENCRYPT 1
| #define CURL_CA_BUNDLE "/etc/ssl/certs/ca-certificates.crt"
| #define CURL_CA_PATH "/etc/ssl/certs"
| #define CURL_DISABLE_LDAP 1
| #define CURL_DISABLE_LDAPS 1
| #define HAVE_SYS_TYPES_H 1
| #define HAVE_SYS_SELECT_H 1
| #define HAVE_SYS_IOCTL_H 1
| #define HAVE_UNISTD_H 1
| #define HAVE_ARPA_INET_H 1
| #define HAVE_NET_IF_H 1
| #define HAVE_NETINET_IN_H 1
| #define HAVE_SYS_UN_H 1
| #define HAVE_LINUX_TCP_H 1
| #define HAVE_NETINET_TCP_H 1
| #define HAVE_NETINET_UDP_H 1
| #define HAVE_NETINET_IP_H 1
| #define HAVE_NETDB_H 1
| #define HAVE_SYS_PARAM_H 1
| #define HAVE_TERMIOS_H 1
| #define HAVE_TERMIO_H 1
| #define HAVE_FCNTL_H 1
| #define HAVE_PWD_H 1
| #define HAVE_UTIME_H 1
| #define HAVE_SYS_POLL_H 1
| #define HAVE_POLL_H 1
| #define HAVE_SYS_RESOURCE_H 1
| #define HAVE_LIBGEN_H 1
| #define HAVE_LOCALE_H 1
| #define HAVE_STDBOOL_H 1
| #define HAVE_SYS_EVENTFD_H 1
| #define HAVE_SYS_TYPES_H 1
| #define HAVE_STRUCT_TIMEVAL 1
| #define SIZEOF_SIZE_T 8
| #define SIZEOF_LONG 8
| #define SIZEOF_INT 4
| #define SIZEOF_TIME_T 8
| #define SIZEOF_OFF_T 8
| #define SIZEOF_CURL_OFF_T 8
| #define SIZEOF_CURL_SOCKET_T 4
| #define HAVE_BOOL_T 1
| #define HAVE_SA_FAMILY_T 1
| #define HAVE_SUSECONDS_T 1
| #define HAVE_STRUCT_SOCKADDR_STORAGE 1
| #define HAVE_SYS_TYPES_H 1
| #define HAVE_RECV 1
| #define HAVE_SYS_TYPES_H 1
| #define HAVE_SEND 1
| #define HAVE_SYS_TYPES_H 1
| #define HAVE_UNISTD_H 1
| #define HAVE_ALARM 1
| #define HAVE_SYS_TYPES_H 1
| #define HAVE_STRINGS_H 1
| #define HAVE_SYS_TYPES_H 1
| #define HAVE_LIBGEN_H 1
| #define HAVE_BASENAME 1
| /* end confdefs.h.  */
| 
| 
|       /* includes start */
| #ifdef _WIN32
| #  ifndef WIN32_LEAN_AND_MEAN
| #  define WIN32_LEAN_AND_MEAN
| #  endif
| #  include <winsock2.h>
| #endif
| /* includes end */
| 
| int main(void)
| {
| 
|       if(closesocket(0))
|         return 1;
| 
|   return 0;
| }
| 
configure:41006: result: no
configure:41092: checking if closesocket might be used
configure:41105: result: no
configure:41120: checking for sys/types.h
configure:41120: result: yes
configure:41137: checking if CloseSocket can be linked
configure:41156: gcc -o conftest -Werror-implicit-function-declaration -O2 -Wno-system-headers -I/home/alex/dev/OmniAmp/1.0.3/modules/http-deps/include -D_GNU_SOURCE -I/home/alex/dev/OmniAmp/1.0.3/modules/http-deps/include -L/home/alex/dev/OmniAmp/1.0.3/modules/http-deps/lib -L/home/alex/dev/OmniAmp/1.0.3/modules/http-deps/lib conftest.c -lssl -lcrypto  >&5
conftest.c: In function 'main':
conftest.c:133:10: error: implicit declaration of function 'CloseSocket' [-Werror=implicit-function-declaration]
  133 |       if(CloseSocket(0))
      |          ^~~~~~~~~~~
cc1: some warnings being treated as errors
configure:41156: $? = 1
configure: failed program was:
| /* confdefs.h */
| #define PACKAGE_NAME "curl"
| #define PACKAGE_TARNAME "curl"
| #define PACKAGE_VERSION "-"
| #define PACKAGE_STRING "curl -"
| #define PACKAGE_BUGREPORT "a suitable curl mailing list: https://curl.se/mail/"
| #define PACKAGE_URL ""
| #define HAVE_STDIO_H 1
| #define HAVE_STDLIB_H 1
| #define HAVE_STRING_H 1
| #define HAVE_INTTYPES_H 1
| #define HAVE_STDINT_H 1
| #define HAVE_STRINGS_H 1
| #define HAVE_SYS_STAT_H 1
| #define HAVE_SYS_TYPES_H 1
| #define HAVE_UNISTD_H 1
| #define STDC_HEADERS 1
| #define HAVE_STDATOMIC_H 1
| #define HAVE_ATOMIC 1
| #define PACKAGE "curl"
| #define VERSION "-"
| #define CURL_OS "x86_64-pc-linux-gnu"
| #define HAVE_DLFCN_H 1
| #define LT_OBJDIR ".libs/"
| #define HAVE_LDAP_SSL 1
| #define HAVE_SYS_TYPES_H 1
| #define HAVE_CLOCK_GETTIME_MONOTONIC 1
| #define HAVE_SYS_TYPES_H 1
| #define HAVE_CLOCK_GETTIME_MONOTONIC_RAW 1
| #define USE_IPV6 1
| #define HAVE_SOCKADDR_IN6_SIN6_SCOPE_ID 1
| #define HAVE_WRITABLE_ARGV 1
| #define HAVE_LIBSSL 1
| #define HAVE_OPENSSL_RSA_H 1
| #define USE_OPENSSL 1
| #define HAVE_OPENSSL_CRYPTO_H 1
| #define USE_OPENSSL 1
| #define HAVE_OPENSSL_PEM_H 1
| #define USE_OPENSSL 1
| #define HAVE_OPENSSL_SSL_H 1
| #define USE_OPENSSL 1
| #define HAVE_OPENSSL_ERR_H 1
| #define USE_OPENSSL 1
| #define HAVE_SSL_SET_QUIC_TLS_CBS 1
| #define HAVE_DES_ECB_ENCRYPT 1
| #define CURL_CA_BUNDLE "/etc/ssl/certs/ca-certificates.crt"
| #define CURL_CA_PATH "/etc/ssl/certs"
| #define CURL_DISABLE_LDAP 1
| #define CURL_DISABLE_LDAPS 1
| #define HAVE_SYS_TYPES_H 1
| #define HAVE_SYS_SELECT_H 1
| #define HAVE_SYS_IOCTL_H 1
| #define HAVE_UNISTD_H 1
| #define HAVE_ARPA_INET_H 1
| #define HAVE_NET_IF_H 1
| #define HAVE_NETINET_IN_H 1
| #define HAVE_SYS_UN_H 1
| #define HAVE_LINUX_TCP_H 1
| #define HAVE_NETINET_TCP_H 1
| #define HAVE_NETINET_UDP_H 1
| #define HAVE_NETINET_IP_H 1
| #define HAVE_NETDB_H 1
| #define HAVE_SYS_PARAM_H 1
| #define HAVE_TERMIOS_H 1
| #define HAVE_TERMIO_H 1
| #define HAVE_FCNTL_H 1
| #define HAVE_PWD_H 1
| #define HAVE_UTIME_H 1
| #define HAVE_SYS_POLL_H 1
| #define HAVE_POLL_H 1
| #define HAVE_SYS_RESOURCE_H 1
| #define HAVE_LIBGEN_H 1
| #define HAVE_LOCALE_H 1
| #define HAVE_STDBOOL_H 1
| #define HAVE_SYS_EVENTFD_H 1
| #define HAVE_SYS_TYPES_H 1
| #define HAVE_STRUCT_TIMEVAL 1
| #define SIZEOF_SIZE_T 8
| #define SIZEOF_LONG 8
| #define SIZEOF_INT 4
| #define SIZEOF_TIME_T 8
| #define SIZEOF_OFF_T 8
| #define SIZEOF_CURL_OFF_T 8
| #define SIZEOF_CURL_SOCKET_T 4
| #define HAVE_BOOL_T 1
| #define HAVE_SA_FAMILY_T 1
| #define HAVE_SUSECONDS_T 1
| #define HAVE_STRUCT_SOCKADDR_STORAGE 1
| #define HAVE_SYS_TYPES_H 1
| #define HAVE_RECV 1
| #define HAVE_SYS_TYPES_H 1
| #define HAVE_SEND 1
| #define HAVE_SYS_TYPES_H 1
| #define HAVE_UNISTD_H 1
| #define HAVE_ALARM 1
| #define HAVE_SYS_TYPES_H 1
| #define HAVE_STRINGS_H 1
| #define HAVE_SYS_TYPES_H 1
| #define HAVE_LIBGEN_H 1
| #define HAVE_BASENAME 1
| #define HAVE_SYS_TYPES_H 1
| /* end confdefs.h.  */
| 
| 
|       /* includes start */
| #ifdef HAVE_PROTO_BSDSOCKET_H
| #  define __NO_NET_API
| #  define __USE_INLINE__
| #  include <proto/bsdsocket.h>
| #  ifdef HAVE_SYS_IOCTL_H
| #    include <sys/ioctl.h>
| #  endif
| #  ifdef __amigaos4__
| struct SocketIFace *ISocket = NULL;
| #  else
| struct Library *SocketBase = NULL;
| #  endif
| #  define select(a, b, c, d, e)  WaitSelect(a, b, c, d, e, 0)
| #endif
| /* includes end */
|       /* includes start */
| #ifdef HAVE_SYS_TYPES_H
| #  include <sys/types.h>
| #endif
| #ifndef _WIN32
| #  include <sys/socket.h>
| #endif
| /* includes end */
| 
| int main(void)
| {
| 
|       if(CloseSocket(0))
|         return 1;
| 
|   return 0;
| }
| 
configure:41165: result: no
configure:41224: checking if CloseSocket might be used
configure:41236: result: no
configure:41254: checking for sys/types.h
configure:41254: result: yes
configure:41261: checking for unistd.h
configure:41261: result: yes
configure:41268: checking for fcntl.h
configure:41268: result: yes
configure:41285: checking if fcntl can be linked
configure:41313: gcc -o conftest -Werror-implicit-function-declaration -O2 -Wno-system-headers -I/home/alex/dev/OmniAmp/1.0.3/modules/http-deps/include -D_GNU_SOURCE -I/home/alex/dev/OmniAmp/1.0.3/modules/http-deps/include -L/home/alex/dev/OmniAmp/1.0.3/modules/http-deps/lib -L/home/alex/dev/OmniAmp/1.0.3/modules/http-deps/lib conftest.c -lssl -lcrypto  >&5
configure:41313: $? = 0
configure:41316: result: yes
configure:41331: checking if fcntl is prototyped
configure:41343: result: yes
configure:41359: checking if fcntl is compilable
configure:41377: gcc -c -Werror-implicit-function-declaration -O2 -Wno-system-headers -I/home/alex/dev/OmniAmp/1.0.3/modules/http-deps/include -D_GNU_SOURCE -I/home/alex/dev/OmniAmp/1.0.3/modules/http-deps/include conftest.c >&5
configure:41377: $? = 0
configure:41380: result: yes
configure:41395: checking if fcntl usage allowed
configure:41398: result: yes
configure:41408: checking if fcntl might be used
configure:41414: result: yes
configure:41432: checking if fcntl O_NONBLOCK is compilable
configure:41451: gcc -c -Werror-implicit-function-declaration -O2 -Wno-system-headers -I/home/alex/dev/OmniAmp/1.0.3/modules/http-deps/include -D_GNU_SOURCE -I/home/alex/dev/OmniAmp/1.0.3/modules/http-deps/include conftest.c >&5
configure:41451: $? = 0
configure:41454: result: yes
configure:41469: checking if fcntl O_NONBLOCK usage allowed
configure:41472: result: yes
configure:41482: checking if fcntl O_NONBLOCK might be used
configure:41486: result: yes
configure:41516: checking whether build target is a native Windows one
configure:41555: result: no
configure:41577: checking for sys/types.h
configure:41577: result: yes
configure:41584: checking for netdb.h
configure:41584: result: yes
configure:41603: checking if freeaddrinfo can be linked
configure:41622: gcc -o conftest -Werror-implicit-function-declaration -O2 -Wno-system-headers -I/home/alex/dev/OmniAmp/1.0.3/modules/http-deps/include -D_GNU_SOURCE -I/home/alex/dev/OmniAmp/1.0.3/modules/http-deps/include -L/home/alex/dev/OmniAmp/1.0.3/modules/http-deps/lib -L/home/alex/dev/OmniAmp/1.0.3/modules/http-deps/lib conftest.c -lssl -lcrypto  >&5
configure:41622: $? = 0
configure:41625: result: yes
configure:41640: checking if freeaddrinfo is prototyped
configure:41654: result: yes
configure:41670: checking if freeaddrinfo is compilable
configure:41689: gcc -c -Werror-implicit-function-declaration -O2 -Wno-system-headers -I/home/alex/dev/OmniAmp/1.0.3/modules/http-deps/include -D_GNU_SOURCE -I/home/alex/dev/OmniAmp/1.0.3/modules/http-deps/include conftest.c >&5
configure:41689: $? = 0
configure:41692: result: yes
configure:41707: checking if freeaddrinfo usage allowed
configure:41710: result: yes
configure:41720: checking if freeaddrinfo might be used
configure:41726: result: yes
configure:41748: checking for sys/types.h
configure:41748: result: yes
configure:41755: checking for sys/xattr.h
configure:41755: gcc -c -Werror-implicit-function-declaration -O2 -Wno-system-headers -I/home/alex/dev/OmniAmp/1.0.3/modules/http-deps/include -D_GNU_SOURCE -I/home/alex/dev/OmniAmp/1.0.3/modules/http-deps/include conftest.c >&5
configure:41755: $? = 0
configure:41755: result: yes
configure:41773: checking if fsetxattr can be linked
configure:41801: gcc -o conftest -Werror-implicit-function-declaration -O2 -Wno-system-headers -I/home/alex/dev/OmniAmp/1.0.3/modules/http-deps/include -D_GNU_SOURCE -I/home/alex/dev/OmniAmp/1.0.3/modules/http-deps/include -L/home/alex/dev/OmniAmp/1.0.3/modules/http-deps/lib -L/home/alex/dev/OmniAmp/1.0.3/modules/http-deps/lib conftest.c -lssl -lcrypto  >&5
configure:41801: $? = 0
configure:41804: result: yes
configure:41819: checking if fsetxattr is prototyped
configure:41831: result: yes
configure:41848: checking if fsetxattr takes 5 args.
configure:41866: gcc -c -Werror-implicit-function-declaration -O2 -Wno-system-headers -I/home/alex/dev/OmniAmp/1.0.3/modules/http-deps/include -D_GNU_SOURCE -I/home/alex/dev/OmniAmp/1.0.3/modules/http-deps/include conftest.c >&5
configure:41866: $? = 0
configure:41869: result: yes
configure:41919: checking if fsetxattr is compilable
configure:41922: result: yes
configure:41931: checking if fsetxattr usage allowed
configure:41934: result: yes
configure:41944: checking if fsetxattr might be used
configure:41950: result: yes
configure:41981: checking for sys/types.h
configure:41981: result: yes
configure:42005: checking if getaddrinfo can be linked
configure:42026: gcc -o conftest -Werror-implicit-function-declaration -O2 -Wno-system-headers -I/home/alex/dev/OmniAmp/1.0.3/modules/http-deps/include -D_GNU_SOURCE -I/home/alex/dev/OmniAmp/1.0.3/modules/http-deps/include -L/home/alex/dev/OmniAmp/1.0.3/modules/http-deps/lib -L/home/alex/dev/OmniAmp/1.0.3/modules/http-deps/lib conftest.c -lssl -lcrypto  >&5
configure:42026: $? = 0
configure:42029: result: yes
configure:42044: checking if getaddrinfo is prototyped
configure:42058: result: yes
configure:42074: checking if getaddrinfo is compilable
configure:42095: gcc -c -Werror-implicit-function-declaration -O2 -Wno-system-headers -I/home/alex/dev/OmniAmp/1.0.3/modules/http-deps/include -D_GNU_SOURCE -I/home/alex/dev/OmniAmp/1.0.3/modules/http-deps/include conftest.c >&5
configure:42095: $? = 0
configure:42098: result: yes
configure:42114: checking if getaddrinfo seems to work
configure:42242: sh ./run-compiler -o conftest -Werror-implicit-function-declaration -O2 -Wno-system-headers -I/home/alex/dev/OmniAmp/1.0.3/modules/http-deps/include -D_GNU_SOURCE -I/home/alex/dev/OmniAmp/1.0.3/modules/http-deps/include -L/home/alex/dev/OmniAmp/1.0.3/modules/http-deps/lib -L/home/alex/dev/OmniAmp/1.0.3/modules/http-deps/lib conftest.c -lssl -lcrypto  >&5
configure:42242: $? = 0
configure:42242: ./conftest
configure:42242: $? = 0
configure:42244: result: yes
configure:42267: checking if getaddrinfo usage allowed
configure:42270: result: yes
configure:42280: checking if getaddrinfo might be used
configure:42286: result: yes
configure:42300: checking if getaddrinfo is thread-safe
configure:42362: result: yes
configure:42383: checking if gethostbyname_r can be linked
configure:42411: gcc -o conftest -Werror-implicit-function-declaration -O2 -Wno-system-headers -I/home/alex/dev/OmniAmp/1.0.3/modules/http-deps/include -D_GNU_SOURCE -I/home/alex/dev/OmniAmp/1.0.3/modules/http-deps/include -L/home/alex/dev/OmniAmp/1.0.3/modules/http-deps/lib -L/home/alex/dev/OmniAmp/1.0.3/modules/http-deps/lib conftest.c -lssl -lcrypto  >&5
configure:42411: $? = 0
configure:42414: result: yes
configure:42429: checking if gethostbyname_r is prototyped
configure:42441: result: yes
configure:42458: checking if gethostbyname_r takes 3 args.
configure:42477: gcc -c -Werror-implicit-function-declaration -O2 -Wno-system-headers -I/home/alex/dev/OmniAmp/1.0.3/modules/http-deps/include -D_GNU_SOURCE -I/home/alex/dev/OmniAmp/1.0.3/modules/http-deps/include conftest.c >&5
conftest.c: In function 'main':
conftest.c:148:14: error: too few arguments to function 'gethostbyname_r'
  148 |           if(gethostbyname_r(0, 0, 0))
      |              ^~~~~~~~~~~~~~~
In file included from conftest.c:125:
/usr/include/netdb.h:177:12: note: declared here
  177 | extern int gethostbyname_r (const char *__restrict __name,
      |            ^~~~~~~~~~~~~~~
configure:42477: $? = 1
configure: failed program was:
| /* confdefs.h */
| #define PACKAGE_NAME "curl"
| #define PACKAGE_TARNAME "curl"
| #define PACKAGE_VERSION "-"
| #define PACKAGE_STRING "curl -"
| #define PACKAGE_BUGREPORT "a suitable curl mailing list: https://curl.se/mail/"
| #define PACKAGE_URL ""
| #define HAVE_STDIO_H 1
| #define HAVE_STDLIB_H 1
| #define HAVE_STRING_H 1
| #define HAVE_INTTYPES_H 1
| #define HAVE_STDINT_H 1
| #define HAVE_STRINGS_H 1
| #define HAVE_SYS_STAT_H 1
| #define HAVE_SYS_TYPES_H 1
| #define HAVE_UNISTD_H 1
| #define STDC_HEADERS 1
| #define HAVE_STDATOMIC_H 1
| #define HAVE_ATOMIC 1
| #define PACKAGE "curl"
| #define VERSION "-"
| #define CURL_OS "x86_64-pc-linux-gnu"
| #define HAVE_DLFCN_H 1
| #define LT_OBJDIR ".libs/"
| #define HAVE_LDAP_SSL 1
| #define HAVE_SYS_TYPES_H 1
| #define HAVE_CLOCK_GETTIME_MONOTONIC 1
| #define HAVE_SYS_TYPES_H 1
| #define HAVE_CLOCK_GETTIME_MONOTONIC_RAW 1
| #define USE_IPV6 1
| #define HAVE_SOCKADDR_IN6_SIN6_SCOPE_ID 1
| #define HAVE_WRITABLE_ARGV 1
| #define HAVE_LIBSSL 1
| #define HAVE_OPENSSL_RSA_H 1
| #define USE_OPENSSL 1
| #define HAVE_OPENSSL_CRYPTO_H 1
| #define USE_OPENSSL 1
| #define HAVE_OPENSSL_PEM_H 1
| #define USE_OPENSSL 1
| #define HAVE_OPENSSL_SSL_H 1
| #define USE_OPENSSL 1
| #define HAVE_OPENSSL_ERR_H 1
| #define USE_OPENSSL 1
| #define HAVE_SSL_SET_QUIC_TLS_CBS 1
| #define HAVE_DES_ECB_ENCRYPT 1
| #define CURL_CA_BUNDLE "/etc/ssl/certs/ca-certificates.crt"
| #define CURL_CA_PATH "/etc/ssl/certs"
| #define CURL_DISABLE_LDAP 1
| #define CURL_DISABLE_LDAPS 1
| #define HAVE_SYS_TYPES_H 1
| #define HAVE_SYS_SELECT_H 1
| #define HAVE_SYS_IOCTL_H 1
| #define HAVE_UNISTD_H 1
| #define HAVE_ARPA_INET_H 1
| #define HAVE_NET_IF_H 1
| #define HAVE_NETINET_IN_H 1
| #define HAVE_SYS_UN_H 1
| #define HAVE_LINUX_TCP_H 1
| #define HAVE_NETINET_TCP_H 1
| #define HAVE_NETINET_UDP_H 1
| #define HAVE_NETINET_IP_H 1
| #define HAVE_NETDB_H 1
| #define HAVE_SYS_PARAM_H 1
| #define HAVE_TERMIOS_H 1
| #define HAVE_TERMIO_H 1
| #define HAVE_FCNTL_H 1
| #define HAVE_PWD_H 1
| #define HAVE_UTIME_H 1
| #define HAVE_SYS_POLL_H 1
| #define HAVE_POLL_H 1
| #define HAVE_SYS_RESOURCE_H 1
| #define HAVE_LIBGEN_H 1
| #define HAVE_LOCALE_H 1
| #define HAVE_STDBOOL_H 1
| #define HAVE_SYS_EVENTFD_H 1
| #define HAVE_SYS_TYPES_H 1
| #define HAVE_STRUCT_TIMEVAL 1
| #define SIZEOF_SIZE_T 8
| #define SIZEOF_LONG 8
| #define SIZEOF_INT 4
| #define SIZEOF_TIME_T 8
| #define SIZEOF_OFF_T 8
| #define SIZEOF_CURL_OFF_T 8
| #define SIZEOF_CURL_SOCKET_T 4
| #define HAVE_BOOL_T 1
| #define HAVE_SA_FAMILY_T 1
| #define HAVE_SUSECONDS_T 1
| #define HAVE_STRUCT_SOCKADDR_STORAGE 1
| #define HAVE_SYS_TYPES_H 1
| #define HAVE_RECV 1
| #define HAVE_SYS_TYPES_H 1
| #define HAVE_SEND 1
| #define HAVE_SYS_TYPES_H 1
| #define HAVE_UNISTD_H 1
| #define HAVE_ALARM 1
| #define HAVE_SYS_TYPES_H 1
| #define HAVE_STRINGS_H 1
| #define HAVE_SYS_TYPES_H 1
| #define HAVE_LIBGEN_H 1
| #define HAVE_BASENAME 1
| #define HAVE_SYS_TYPES_H 1
| #define HAVE_SYS_TYPES_H 1
| #define HAVE_UNISTD_H 1
| #define HAVE_FCNTL_H 1
| #define HAVE_FCNTL 1
| #define HAVE_FCNTL_O_NONBLOCK 1
| #define HAVE_SYS_TYPES_H 1
| #define HAVE_NETDB_H 1
| #define HAVE_FREEADDRINFO 1
| #define HAVE_SYS_TYPES_H 1
| #define HAVE_SYS_XATTR_H 1
| #define HAVE_FSETXATTR 1
| #define HAVE_FSETXATTR_5 1
| #define HAVE_SYS_TYPES_H 1
| #define HAVE_GETADDRINFO 1
| #define HAVE_GETADDRINFO_THREADSAFE 1
| /* end confdefs.h.  */
| 
| 
|           /* includes start */
| #ifdef HAVE_SYS_TYPES_H
| #  include <sys/types.h>
| #endif
| #ifdef HAVE_NETDB_H
| #  include <netdb.h>
| #endif
| /* includes end */
|           /* includes start */
| #ifdef HAVE_PROTO_BSDSOCKET_H
| #  define __NO_NET_API
| #  define __USE_INLINE__
| #  include <proto/bsdsocket.h>
| #  ifdef HAVE_SYS_IOCTL_H
| #    include <sys/ioctl.h>
| #  endif
| #  ifdef __amigaos4__
| struct SocketIFace *ISocket = NULL;
| #  else
| struct Library *SocketBase = NULL;
| #  endif
| #  define select(a, b, c, d, e)  WaitSelect(a, b, c, d, e, 0)
| #endif
| /* includes end */
| 
| int main(void)
| {
| 
|           if(gethostbyname_r(0, 0, 0))
|             return 1;
| 
|   return 0;
| }
| 
configure:42487: result: no
configure:42495: checking if gethostbyname_r takes 5 args.
configure:42514: gcc -c -Werror-implicit-function-declaration -O2 -Wno-system-headers -I/home/alex/dev/OmniAmp/1.0.3/modules/http-deps/include -D_GNU_SOURCE -I/home/alex/dev/OmniAmp/1.0.3/modules/http-deps/include conftest.c >&5
conftest.c: In function 'main':
conftest.c:148:14: error: too few arguments to function 'gethostbyname_r'
  148 |           if(gethostbyname_r(0, 0, 0, 0, 0))
      |              ^~~~~~~~~~~~~~~
In file included from conftest.c:125:
/usr/include/netdb.h:177:12: note: declared here
  177 | extern int gethostbyname_r (const char *__restrict __name,
      |            ^~~~~~~~~~~~~~~
configure:42514: $? = 1
configure: failed program was:
| /* confdefs.h */
| #define PACKAGE_NAME "curl"
| #define PACKAGE_TARNAME "curl"
| #define PACKAGE_VERSION "-"
| #define PACKAGE_STRING "curl -"
| #define PACKAGE_BUGREPORT "a suitable curl mailing list: https://curl.se/mail/"
| #define PACKAGE_URL ""
| #define HAVE_STDIO_H 1
| #define HAVE_STDLIB_H 1
| #define HAVE_STRING_H 1
| #define HAVE_INTTYPES_H 1
| #define HAVE_STDINT_H 1
| #define HAVE_STRINGS_H 1
| #define HAVE_SYS_STAT_H 1
| #define HAVE_SYS_TYPES_H 1
| #define HAVE_UNISTD_H 1
| #define STDC_HEADERS 1
| #define HAVE_STDATOMIC_H 1
| #define HAVE_ATOMIC 1
| #define PACKAGE "curl"
| #define VERSION "-"
| #define CURL_OS "x86_64-pc-linux-gnu"
| #define HAVE_DLFCN_H 1
| #define LT_OBJDIR ".libs/"
| #define HAVE_LDAP_SSL 1
| #define HAVE_SYS_TYPES_H 1
| #define HAVE_CLOCK_GETTIME_MONOTONIC 1
| #define HAVE_SYS_TYPES_H 1
| #define HAVE_CLOCK_GETTIME_MONOTONIC_RAW 1
| #define USE_IPV6 1
| #define HAVE_SOCKADDR_IN6_SIN6_SCOPE_ID 1
| #define HAVE_WRITABLE_ARGV 1
| #define HAVE_LIBSSL 1
| #define HAVE_OPENSSL_RSA_H 1
| #define USE_OPENSSL 1
| #define HAVE_OPENSSL_CRYPTO_H 1
| #define USE_OPENSSL 1
| #define HAVE_OPENSSL_PEM_H 1
| #define USE_OPENSSL 1
| #define HAVE_OPENSSL_SSL_H 1
| #define USE_OPENSSL 1
| #define HAVE_OPENSSL_ERR_H 1
| #define USE_OPENSSL 1
| #define HAVE_SSL_SET_QUIC_TLS_CBS 1
| #define HAVE_DES_ECB_ENCRYPT 1
| #define CURL_CA_BUNDLE "/etc/ssl/certs/ca-certificates.crt"
| #define CURL_CA_PATH "/etc/ssl/certs"
| #define CURL_DISABLE_LDAP 1
| #define CURL_DISABLE_LDAPS 1
| #define HAVE_SYS_TYPES_H 1
| #define HAVE_SYS_SELECT_H 1
| #define HAVE_SYS_IOCTL_H 1
| #define HAVE_UNISTD_H 1
| #define HAVE_ARPA_INET_H 1
| #define HAVE_NET_IF_H 1
| #define HAVE_NETINET_IN_H 1
| #define HAVE_SYS_UN_H 1
| #define HAVE_LINUX_TCP_H 1
| #define HAVE_NETINET_TCP_H 1
| #define HAVE_NETINET_UDP_H 1
| #define HAVE_NETINET_IP_H 1
| #define HAVE_NETDB_H 1
| #define HAVE_SYS_PARAM_H 1
| #define HAVE_TERMIOS_H 1
| #define HAVE_TERMIO_H 1
| #define HAVE_FCNTL_H 1
| #define HAVE_PWD_H 1
| #define HAVE_UTIME_H 1
| #define HAVE_SYS_POLL_H 1
| #define HAVE_POLL_H 1
| #define HAVE_SYS_RESOURCE_H 1
| #define HAVE_LIBGEN_H 1
| #define HAVE_LOCALE_H 1
| #define HAVE_STDBOOL_H 1
| #define HAVE_SYS_EVENTFD_H 1
| #define HAVE_SYS_TYPES_H 1
| #define HAVE_STRUCT_TIMEVAL 1
| #define SIZEOF_SIZE_T 8
| #define SIZEOF_LONG 8
| #define SIZEOF_INT 4
| #define SIZEOF_TIME_T 8
| #define SIZEOF_OFF_T 8
| #define SIZEOF_CURL_OFF_T 8
| #define SIZEOF_CURL_SOCKET_T 4
| #define HAVE_BOOL_T 1
| #define HAVE_SA_FAMILY_T 1
| #define HAVE_SUSECONDS_T 1
| #define HAVE_STRUCT_SOCKADDR_STORAGE 1
| #define HAVE_SYS_TYPES_H 1
| #define HAVE_RECV 1
| #define HAVE_SYS_TYPES_H 1
| #define HAVE_SEND 1
| #define HAVE_SYS_TYPES_H 1
| #define HAVE_UNISTD_H 1
| #define HAVE_ALARM 1
| #define HAVE_SYS_TYPES_H 1
| #define HAVE_STRINGS_H 1
| #define HAVE_SYS_TYPES_H 1
| #define HAVE_LIBGEN_H 1
| #define HAVE_BASENAME 1
| #define HAVE_SYS_TYPES_H 1
| #define HAVE_SYS_TYPES_H 1
| #define HAVE_UNISTD_H 1
| #define HAVE_FCNTL_H 1
| #define HAVE_FCNTL 1
| #define HAVE_FCNTL_O_NONBLOCK 1
| #define HAVE_SYS_TYPES_H 1
| #define HAVE_NETDB_H 1
| #define HAVE_FREEADDRINFO 1
| #define HAVE_SYS_TYPES_H 1
| #define HAVE_SYS_XATTR_H 1
| #define HAVE_FSETXATTR 1
| #define HAVE_FSETXATTR_5 1
| #define HAVE_SYS_TYPES_H 1
| #define HAVE_GETADDRINFO 1
| #define HAVE_GETADDRINFO_THREADSAFE 1
| /* end confdefs.h.  */
| 
| 
|           /* includes start */
| #ifdef HAVE_SYS_TYPES_H
| #  include <sys/types.h>
| #endif
| #ifdef HAVE_NETDB_H
| #  include <netdb.h>
| #endif
| /* includes end */
|           /* includes start */
| #ifdef HAVE_PROTO_BSDSOCKET_H
| #  define __NO_NET_API
| #  define __USE_INLINE__
| #  include <proto/bsdsocket.h>
| #  ifdef HAVE_SYS_IOCTL_H
| #    include <sys/ioctl.h>
| #  endif
| #  ifdef __amigaos4__
| struct SocketIFace *ISocket = NULL;
| #  else
| struct Library *SocketBase = NULL;
| #  endif
| #  define select(a, b, c, d, e)  WaitSelect(a, b, c, d, e, 0)
| #endif
| /* includes end */
| 
| int main(void)
| {
| 
|           if(gethostbyname_r(0, 0, 0, 0, 0))
|             return 1;
| 
|   return 0;
| }
| 
configure:42524: result: no
configure:42532: checking if gethostbyname_r takes 6 args.
configure:42551: gcc -c -Werror-implicit-function-declaration -O2 -Wno-system-headers -I/home/alex/dev/OmniAmp/1.0.3/modules/http-deps/include -D_GNU_SOURCE -I/home/alex/dev/OmniAmp/1.0.3/modules/http-deps/include conftest.c >&5
configure:42551: $? = 0
configure:42554: result: yes
configure:42568: checking if gethostbyname_r is compilable
configure:42571: result: yes
configure:42580: checking if gethostbyname_r usage allowed
configure:42583: result: yes
configure:42593: checking if gethostbyname_r might be used
configure:42599: result: yes
configure:42647: checking if gethostname can be linked
configure:42668: gcc -o conftest -Werror-implicit-function-declaration -O2 -Wno-system-headers -I/home/alex/dev/OmniAmp/1.0.3/modules/http-deps/include -D_GNU_SOURCE -I/home/alex/dev/OmniAmp/1.0.3/modules/http-deps/include -L/home/alex/dev/OmniAmp/1.0.3/modules/http-deps/lib -L/home/alex/dev/OmniAmp/1.0.3/modules/http-deps/lib conftest.c -lssl -lcrypto  >&5
configure:42668: $? = 0
configure:42671: result: yes
configure:42686: checking if gethostname is prototyped
configure:42700: result: yes
configure:42716: checking if gethostname is compilable
configure:42737: gcc -c -Werror-implicit-function-declaration -O2 -Wno-system-headers -I/home/alex/dev/OmniAmp/1.0.3/modules/http-deps/include -D_GNU_SOURCE -I/home/alex/dev/OmniAmp/1.0.3/modules/http-deps/include conftest.c >&5
configure:42737: $? = 0
configure:42740: result: yes
configure:42755: checking for gethostname arg 2 data type
configure:42787: gcc -c -Werror-implicit-function-declaration -O2 -Wno-system-headers -I/home/alex/dev/OmniAmp/1.0.3/modules/http-deps/include -D_GNU_SOURCE -I/home/alex/dev/OmniAmp/1.0.3/modules/http-deps/include conftest.c >&5
conftest.c:166:31: error: conflicting types for 'gethostname'; have 'int(char *, int)'
  166 |               int FUNCALLCONV gethostname(char *, int);
      |                               ^~~~~~~~~~~
In file included from /usr/include/features.h:502,
                 from /usr/include/x86_64-linux-gnu/sys/types.h:25,
                 from conftest.c:132:
/usr/include/x86_64-linux-gnu/bits/unistd.h:143:1: note: previous definition of 'gethostname' with type 'int(char *, size_t)' {aka 'int(char *, long unsigned int)'}
  143 | __NTH (gethostname (char *__buf, size_t __buflen))
      | ^~~~~
configure:42787: $? = 1
configure: failed program was:
| /* confdefs.h */
| #define PACKAGE_NAME "curl"
| #define PACKAGE_TARNAME "curl"
| #define PACKAGE_VERSION "-"
| #define PACKAGE_STRING "curl -"
| #define PACKAGE_BUGREPORT "a suitable curl mailing list: https://curl.se/mail/"
| #define PACKAGE_URL ""
| #define HAVE_STDIO_H 1
| #define HAVE_STDLIB_H 1
| #define HAVE_STRING_H 1
| #define HAVE_INTTYPES_H 1
| #define HAVE_STDINT_H 1
| #define HAVE_STRINGS_H 1
| #define HAVE_SYS_STAT_H 1
| #define HAVE_SYS_TYPES_H 1
| #define HAVE_UNISTD_H 1
| #define STDC_HEADERS 1
| #define HAVE_STDATOMIC_H 1
| #define HAVE_ATOMIC 1
| #define PACKAGE "curl"
| #define VERSION "-"
| #define CURL_OS "x86_64-pc-linux-gnu"
| #define HAVE_DLFCN_H 1
| #define LT_OBJDIR ".libs/"
| #define HAVE_LDAP_SSL 1
| #define HAVE_SYS_TYPES_H 1
| #define HAVE_CLOCK_GETTIME_MONOTONIC 1
| #define HAVE_SYS_TYPES_H 1
| #define HAVE_CLOCK_GETTIME_MONOTONIC_RAW 1
| #define USE_IPV6 1
| #define HAVE_SOCKADDR_IN6_SIN6_SCOPE_ID 1
| #define HAVE_WRITABLE_ARGV 1
| #define HAVE_LIBSSL 1
| #define HAVE_OPENSSL_RSA_H 1
| #define USE_OPENSSL 1
| #define HAVE_OPENSSL_CRYPTO_H 1
| #define USE_OPENSSL 1
| #define HAVE_OPENSSL_PEM_H 1
| #define USE_OPENSSL 1
| #define HAVE_OPENSSL_SSL_H 1
| #define USE_OPENSSL 1
| #define HAVE_OPENSSL_ERR_H 1
| #define USE_OPENSSL 1
| #define HAVE_SSL_SET_QUIC_TLS_CBS 1
| #define HAVE_DES_ECB_ENCRYPT 1
| #define CURL_CA_BUNDLE "/etc/ssl/certs/ca-certificates.crt"
| #define CURL_CA_PATH "/etc/ssl/certs"
| #define CURL_DISABLE_LDAP 1
| #define CURL_DISABLE_LDAPS 1
| #define HAVE_SYS_TYPES_H 1
| #define HAVE_SYS_SELECT_H 1
| #define HAVE_SYS_IOCTL_H 1
| #define HAVE_UNISTD_H 1
| #define HAVE_ARPA_INET_H 1
| #define HAVE_NET_IF_H 1
| #define HAVE_NETINET_IN_H 1
| #define HAVE_SYS_UN_H 1
| #define HAVE_LINUX_TCP_H 1
| #define HAVE_NETINET_TCP_H 1
| #define HAVE_NETINET_UDP_H 1
| #define HAVE_NETINET_IP_H 1
| #define HAVE_NETDB_H 1
| #define HAVE_SYS_PARAM_H 1
| #define HAVE_TERMIOS_H 1
| #define HAVE_TERMIO_H 1
| #define HAVE_FCNTL_H 1
| #define HAVE_PWD_H 1
| #define HAVE_UTIME_H 1
| #define HAVE_SYS_POLL_H 1
| #define HAVE_POLL_H 1
| #define HAVE_SYS_RESOURCE_H 1
| #define HAVE_LIBGEN_H 1
| #define HAVE_LOCALE_H 1
| #define HAVE_STDBOOL_H 1
| #define HAVE_SYS_EVENTFD_H 1
| #define HAVE_SYS_TYPES_H 1
| #define HAVE_STRUCT_TIMEVAL 1
| #define SIZEOF_SIZE_T 8
| #define SIZEOF_LONG 8
| #define SIZEOF_INT 4
| #define SIZEOF_TIME_T 8
| #define SIZEOF_OFF_T 8
| #define SIZEOF_CURL_OFF_T 8
| #define SIZEOF_CURL_SOCKET_T 4
| #define HAVE_BOOL_T 1
| #define HAVE_SA_FAMILY_T 1
| #define HAVE_SUSECONDS_T 1
| #define HAVE_STRUCT_SOCKADDR_STORAGE 1
| #define HAVE_SYS_TYPES_H 1
| #define HAVE_RECV 1
| #define HAVE_SYS_TYPES_H 1
| #define HAVE_SEND 1
| #define HAVE_SYS_TYPES_H 1
| #define HAVE_UNISTD_H 1
| #define HAVE_ALARM 1
| #define HAVE_SYS_TYPES_H 1
| #define HAVE_STRINGS_H 1
| #define HAVE_SYS_TYPES_H 1
| #define HAVE_LIBGEN_H 1
| #define HAVE_BASENAME 1
| #define HAVE_SYS_TYPES_H 1
| #define HAVE_SYS_TYPES_H 1
| #define HAVE_UNISTD_H 1
| #define HAVE_FCNTL_H 1
| #define HAVE_FCNTL 1
| #define HAVE_FCNTL_O_NONBLOCK 1
| #define HAVE_SYS_TYPES_H 1
| #define HAVE_NETDB_H 1
| #define HAVE_FREEADDRINFO 1
| #define HAVE_SYS_TYPES_H 1
| #define HAVE_SYS_XATTR_H 1
| #define HAVE_FSETXATTR 1
| #define HAVE_FSETXATTR_5 1
| #define HAVE_SYS_TYPES_H 1
| #define HAVE_GETADDRINFO 1
| #define HAVE_GETADDRINFO_THREADSAFE 1
| #define HAVE_GETHOSTBYNAME_R 1
| #define HAVE_GETHOSTBYNAME_R_6 1
| /* end confdefs.h.  */
| 
| 
|               /* includes start */
| #ifdef _WIN32
| #  ifndef WIN32_LEAN_AND_MEAN
| #  define WIN32_LEAN_AND_MEAN
| #  endif
| #  include <winsock2.h>
| #endif
| /* includes end */
|               /* includes start */
| #ifdef HAVE_SYS_TYPES_H
| #  include <sys/types.h>
| #endif
| #ifdef HAVE_UNISTD_H
| #  include <unistd.h>
| #endif
| /* includes end */
|               /* includes start */
| #ifdef HAVE_PROTO_BSDSOCKET_H
| #  define __NO_NET_API
| #  define __USE_INLINE__
| #  include <proto/bsdsocket.h>
| #  ifdef HAVE_SYS_IOCTL_H
| #    include <sys/ioctl.h>
| #  endif
| #  ifdef __amigaos4__
| struct SocketIFace *ISocket = NULL;
| #  else
| struct Library *SocketBase = NULL;
| #  endif
| #  define select(a, b, c, d, e)  WaitSelect(a, b, c, d, e, 0)
| #endif
| /* includes end */
|               /* preprocess start */
| #ifdef _WIN32
| #  define FUNCALLCONV __stdcall
| #else
| #  define FUNCALLCONV
| #endif
| /* preprocess end */
|               #if defined(_WIN32) && defined(WINSOCK_API_LINKAGE)
|               WINSOCK_API_LINKAGE
|               #else
|               extern
|               #endif
|               int FUNCALLCONV gethostname(char *, int);
| 
| int main(void)
| {
| 
|               char s[1];
|               if(gethostname((char *)s, 0))
|                 return 1;
| 
|   return 0;
| }
| 
configure:42787: gcc -c -Werror-implicit-function-declaration -O2 -Wno-system-headers -I/home/alex/dev/OmniAmp/1.0.3/modules/http-deps/include -D_GNU_SOURCE -I/home/alex/dev/OmniAmp/1.0.3/modules/http-deps/include conftest.c >&5
conftest.c:166:31: error: conflicting types for 'gethostname'; have 'int(char *, unsigned int)'
  166 |               int FUNCALLCONV gethostname(char *, unsigned int);
      |                               ^~~~~~~~~~~
In file included from /usr/include/features.h:502,
                 from /usr/include/x86_64-linux-gnu/sys/types.h:25,
                 from conftest.c:132:
/usr/include/x86_64-linux-gnu/bits/unistd.h:143:1: note: previous definition of 'gethostname' with type 'int(char *, size_t)' {aka 'int(char *, long unsigned int)'}
  143 | __NTH (gethostname (char *__buf, size_t __buflen))
      | ^~~~~
configure:42787: $? = 1
configure: failed program was:
| /* confdefs.h */
| #define PACKAGE_NAME "curl"
| #define PACKAGE_TARNAME "curl"
| #define PACKAGE_VERSION "-"
| #define PACKAGE_STRING "curl -"
| #define PACKAGE_BUGREPORT "a suitable curl mailing list: https://curl.se/mail/"
| #define PACKAGE_URL ""
| #define HAVE_STDIO_H 1
| #define HAVE_STDLIB_H 1
| #define HAVE_STRING_H 1
| #define HAVE_INTTYPES_H 1
| #define HAVE_STDINT_H 1
| #define HAVE_STRINGS_H 1
| #define HAVE_SYS_STAT_H 1
| #define HAVE_SYS_TYPES_H 1
| #define HAVE_UNISTD_H 1
| #define STDC_HEADERS 1
| #define HAVE_STDATOMIC_H 1
| #define HAVE_ATOMIC 1
| #define PACKAGE "curl"
| #define VERSION "-"
| #define CURL_OS "x86_64-pc-linux-gnu"
| #define HAVE_DLFCN_H 1
| #define LT_OBJDIR ".libs/"
| #define HAVE_LDAP_SSL 1
| #define HAVE_SYS_TYPES_H 1
| #define HAVE_CLOCK_GETTIME_MONOTONIC 1
| #define HAVE_SYS_TYPES_H 1
| #define HAVE_CLOCK_GETTIME_MONOTONIC_RAW 1
| #define USE_IPV6 1
| #define HAVE_SOCKADDR_IN6_SIN6_SCOPE_ID 1
| #define HAVE_WRITABLE_ARGV 1
| #define HAVE_LIBSSL 1
| #define HAVE_OPENSSL_RSA_H 1
| #define USE_OPENSSL 1
| #define HAVE_OPENSSL_CRYPTO_H 1
| #define USE_OPENSSL 1
| #define HAVE_OPENSSL_PEM_H 1
| #define USE_OPENSSL 1
| #define HAVE_OPENSSL_SSL_H 1
| #define USE_OPENSSL 1
| #define HAVE_OPENSSL_ERR_H 1
| #define USE_OPENSSL 1
| #define HAVE_SSL_SET_QUIC_TLS_CBS 1
| #define HAVE_DES_ECB_ENCRYPT 1
| #define CURL_CA_BUNDLE "/etc/ssl/certs/ca-certificates.crt"
| #define CURL_CA_PATH "/etc/ssl/certs"
| #define CURL_DISABLE_LDAP 1
| #define CURL_DISABLE_LDAPS 1
| #define HAVE_SYS_TYPES_H 1
| #define HAVE_SYS_SELECT_H 1
| #define HAVE_SYS_IOCTL_H 1
| #define HAVE_UNISTD_H 1
| #define HAVE_ARPA_INET_H 1
| #define HAVE_NET_IF_H 1
| #define HAVE_NETINET_IN_H 1
| #define HAVE_SYS_UN_H 1
| #define HAVE_LINUX_TCP_H 1
| #define HAVE_NETINET_TCP_H 1
| #define HAVE_NETINET_UDP_H 1
| #define HAVE_NETINET_IP_H 1
| #define HAVE_NETDB_H 1
| #define HAVE_SYS_PARAM_H 1
| #define HAVE_TERMIOS_H 1
| #define HAVE_TERMIO_H 1
| #define HAVE_FCNTL_H 1
| #define HAVE_PWD_H 1
| #define HAVE_UTIME_H 1
| #define HAVE_SYS_POLL_H 1
| #define HAVE_POLL_H 1
| #define HAVE_SYS_RESOURCE_H 1
| #define HAVE_LIBGEN_H 1
| #define HAVE_LOCALE_H 1
| #define HAVE_STDBOOL_H 1
| #define HAVE_SYS_EVENTFD_H 1
| #define HAVE_SYS_TYPES_H 1
| #define HAVE_STRUCT_TIMEVAL 1
| #define SIZEOF_SIZE_T 8
| #define SIZEOF_LONG 8
| #define SIZEOF_INT 4
| #define SIZEOF_TIME_T 8
| #define SIZEOF_OFF_T 8
| #define SIZEOF_CURL_OFF_T 8
| #define SIZEOF_CURL_SOCKET_T 4
| #define HAVE_BOOL_T 1
| #define HAVE_SA_FAMILY_T 1
| #define HAVE_SUSECONDS_T 1
| #define HAVE_STRUCT_SOCKADDR_STORAGE 1
| #define HAVE_SYS_TYPES_H 1
| #define HAVE_RECV 1
| #define HAVE_SYS_TYPES_H 1
| #define HAVE_SEND 1
| #define HAVE_SYS_TYPES_H 1
| #define HAVE_UNISTD_H 1
| #define HAVE_ALARM 1
| #define HAVE_SYS_TYPES_H 1
| #define HAVE_STRINGS_H 1
| #define HAVE_SYS_TYPES_H 1
| #define HAVE_LIBGEN_H 1
| #define HAVE_BASENAME 1
| #define HAVE_SYS_TYPES_H 1
| #define HAVE_SYS_TYPES_H 1
| #define HAVE_UNISTD_H 1
| #define HAVE_FCNTL_H 1
| #define HAVE_FCNTL 1
| #define HAVE_FCNTL_O_NONBLOCK 1
| #define HAVE_SYS_TYPES_H 1
| #define HAVE_NETDB_H 1
| #define HAVE_FREEADDRINFO 1
| #define HAVE_SYS_TYPES_H 1
| #define HAVE_SYS_XATTR_H 1
| #define HAVE_FSETXATTR 1
| #define HAVE_FSETXATTR_5 1
| #define HAVE_SYS_TYPES_H 1
| #define HAVE_GETADDRINFO 1
| #define HAVE_GETADDRINFO_THREADSAFE 1
| #define HAVE_GETHOSTBYNAME_R 1
| #define HAVE_GETHOSTBYNAME_R_6 1
| /* end confdefs.h.  */
| 
| 
|               /* includes start */
| #ifdef _WIN32
| #  ifndef WIN32_LEAN_AND_MEAN
| #  define WIN32_LEAN_AND_MEAN
| #  endif
| #  include <winsock2.h>
| #endif
| /* includes end */
|               /* includes start */
| #ifdef HAVE_SYS_TYPES_H
| #  include <sys/types.h>
| #endif
| #ifdef HAVE_UNISTD_H
| #  include <unistd.h>
| #endif
| /* includes end */
|               /* includes start */
| #ifdef HAVE_PROTO_BSDSOCKET_H
| #  define __NO_NET_API
| #  define __USE_INLINE__
| #  include <proto/bsdsocket.h>
| #  ifdef HAVE_SYS_IOCTL_H
| #    include <sys/ioctl.h>
| #  endif
| #  ifdef __amigaos4__
| struct SocketIFace *ISocket = NULL;
| #  else
| struct Library *SocketBase = NULL;
| #  endif
| #  define select(a, b, c, d, e)  WaitSelect(a, b, c, d, e, 0)
| #endif
| /* includes end */
|               /* preprocess start */
| #ifdef _WIN32
| #  define FUNCALLCONV __stdcall
| #else
| #  define FUNCALLCONV
| #endif
| /* preprocess end */
|               #if defined(_WIN32) && defined(WINSOCK_API_LINKAGE)
|               WINSOCK_API_LINKAGE
|               #else
|               extern
|               #endif
|               int FUNCALLCONV gethostname(char *, unsigned int);
| 
| int main(void)
| {
| 
|               char s[1];
|               if(gethostname((char *)s, 0))
|                 return 1;
| 
|   return 0;
| }
| 
configure:42787: gcc -c -Werror-implicit-function-declaration -O2 -Wno-system-headers -I/home/alex/dev/OmniAmp/1.0.3/modules/http-deps/include -D_GNU_SOURCE -I/home/alex/dev/OmniAmp/1.0.3/modules/http-deps/include conftest.c >&5
configure:42787: $? = 0
configure:42797: result: size_t
configure:42807: checking if gethostname usage allowed
configure:42810: result: yes
configure:42820: checking if gethostname might be used
configure:42826: result: yes
configure:42854: checking for sys/types.h
configure:42854: result: yes
configure:42861: checking for netinet/in.h
configure:42861: result: yes
configure:42868: checking for ifaddrs.h
configure:42868: gcc -c -Werror-implicit-function-declaration -O2 -Wno-system-headers -I/home/alex/dev/OmniAmp/1.0.3/modules/http-deps/include -D_GNU_SOURCE -I/home/alex/dev/OmniAmp/1.0.3/modules/http-deps/include conftest.c >&5
configure:42868: $? = 0
configure:42868: result: yes
configure:42887: checking if getifaddrs can be linked
configure:42915: gcc -o conftest -Werror-implicit-function-declaration -O2 -Wno-system-headers -I/home/alex/dev/OmniAmp/1.0.3/modules/http-deps/include -D_GNU_SOURCE -I/home/alex/dev/OmniAmp/1.0.3/modules/http-deps/include -L/home/alex/dev/OmniAmp/1.0.3/modules/http-deps/lib -L/home/alex/dev/OmniAmp/1.0.3/modules/http-deps/lib conftest.c -lssl -lcrypto  >&5
configure:42915: $? = 0
configure:42918: result: yes
configure:42933: checking if getifaddrs is prototyped
configure:42945: result: yes
configure:42961: checking if getifaddrs is compilable
configure:42979: gcc -c -Werror-implicit-function-declaration -O2 -Wno-system-headers -I/home/alex/dev/OmniAmp/1.0.3/modules/http-deps/include -D_GNU_SOURCE -I/home/alex/dev/OmniAmp/1.0.3/modules/http-deps/include conftest.c >&5
configure:42979: $? = 0
configure:42982: result: yes
configure:42998: checking if getifaddrs seems to work
configure:43088: sh ./run-compiler -o conftest -Werror-implicit-function-declaration -O2 -Wno-system-headers -I/home/alex/dev/OmniAmp/1.0.3/modules/http-deps/include -D_GNU_SOURCE -I/home/alex/dev/OmniAmp/1.0.3/modules/http-deps/include -L/home/alex/dev/OmniAmp/1.0.3/modules/http-deps/lib -L/home/alex/dev/OmniAmp/1.0.3/modules/http-deps/lib conftest.c -lssl -lcrypto  >&5
configure:43088: $? = 0
configure:43088: ./conftest
configure:43088: $? = 0
configure:43090: result: yes
configure:43113: checking if getifaddrs usage allowed
configure:43116: result: yes
configure:43126: checking if getifaddrs might be used
configure:43133: result: yes
configure:43156: checking if getpeername can be linked
configure:43176: gcc -o conftest -Werror-implicit-function-declaration -O2 -Wno-system-headers -I/home/alex/dev/OmniAmp/1.0.3/modules/http-deps/include -D_GNU_SOURCE -I/home/alex/dev/OmniAmp/1.0.3/modules/http-deps/include -L/home/alex/dev/OmniAmp/1.0.3/modules/http-deps/lib -L/home/alex/dev/OmniAmp/1.0.3/modules/http-deps/lib conftest.c -lssl -lcrypto  >&5
configure:43176: $? = 0
configure:43179: result: yes
configure:43194: checking if getpeername is prototyped
configure:43208: result: yes
configure:43224: checking if getpeername is compilable
configure:43244: gcc -c -Werror-implicit-function-declaration -O2 -Wno-system-headers -I/home/alex/dev/OmniAmp/1.0.3/modules/http-deps/include -D_GNU_SOURCE -I/home/alex/dev/OmniAmp/1.0.3/modules/http-deps/include conftest.c >&5
configure:43244: $? = 0
configure:43247: result: yes
configure:43262: checking if getpeername usage allowed
configure:43265: result: yes
configure:43275: checking if getpeername might be used
configure:43281: result: yes
configure:43304: checking if getsockname can be linked
configure:43324: gcc -o conftest -Werror-implicit-function-declaration -O2 -Wno-system-headers -I/home/alex/dev/OmniAmp/1.0.3/modules/http-deps/include -D_GNU_SOURCE -I/home/alex/dev/OmniAmp/1.0.3/modules/http-deps/include -L/home/alex/dev/OmniAmp/1.0.3/modules/http-deps/lib -L/home/alex/dev/OmniAmp/1.0.3/modules/http-deps/lib conftest.c -lssl -lcrypto  >&5
configure:43324: $? = 0
configure:43327: result: yes
configure:43342: checking if getsockname is prototyped
configure:43356: result: yes
configure:43372: checking if getsockname is compilable
configure:43392: gcc -c -Werror-implicit-function-declaration -O2 -Wno-system-headers -I/home/alex/dev/OmniAmp/1.0.3/modules/http-deps/include -D_GNU_SOURCE -I/home/alex/dev/OmniAmp/1.0.3/modules/http-deps/include conftest.c >&5
configure:43392: $? = 0
configure:43395: result: yes
configure:43410: checking if getsockname usage allowed
configure:43413: result: yes
configure:43423: checking if getsockname might be used
configure:43429: result: yes
configure:43452: checking for sys/types.h
configure:43452: result: yes
configure:43471: checking if gmtime_r can be linked
configure:43499: gcc -o conftest -Werror-implicit-function-declaration -O2 -Wno-system-headers -I/home/alex/dev/OmniAmp/1.0.3/modules/http-deps/include -D_GNU_SOURCE -I/home/alex/dev/OmniAmp/1.0.3/modules/http-deps/include -L/home/alex/dev/OmniAmp/1.0.3/modules/http-deps/lib -L/home/alex/dev/OmniAmp/1.0.3/modules/http-deps/lib conftest.c -lssl -lcrypto  >&5
configure:43499: $? = 0
configure:43502: result: yes
configure:43517: checking if gmtime_r is prototyped
configure:43529: result: yes
configure:43545: checking if gmtime_r is compilable
configure:43566: gcc -c -Werror-implicit-function-declaration -O2 -Wno-system-headers -I/home/alex/dev/OmniAmp/1.0.3/modules/http-deps/include -D_GNU_SOURCE -I/home/alex/dev/OmniAmp/1.0.3/modules/http-deps/include conftest.c >&5
configure:43566: $? = 0
configure:43569: result: yes
configure:43585: checking if gmtime_r seems to work
configure:43673: sh ./run-compiler -o conftest -Werror-implicit-function-declaration -O2 -Wno-system-headers -I/home/alex/dev/OmniAmp/1.0.3/modules/http-deps/include -D_GNU_SOURCE -I/home/alex/dev/OmniAmp/1.0.3/modules/http-deps/include -L/home/alex/dev/OmniAmp/1.0.3/modules/http-deps/lib -L/home/alex/dev/OmniAmp/1.0.3/modules/http-deps/lib conftest.c -lssl -lcrypto  >&5
configure:43673: $? = 0
configure:43673: ./conftest
configure:43673: $? = 0
configure:43675: result: yes
configure:43698: checking if gmtime_r usage allowed
configure:43701: result: yes
configure:43711: checking if gmtime_r might be used
configure:43718: result: yes
configure:43749: checking for sys/types.h
configure:43749: result: yes
configure:43756: checking for unistd.h
configure:43756: result: yes
configure:43763: checking for sys/ioctl.h
configure:43763: result: yes
configure:43770: checking for stropts.h
configure:43770: gcc -c -Werror-implicit-function-declaration -O2 -Wno-system-headers -I/home/alex/dev/OmniAmp/1.0.3/modules/http-deps/include -D_GNU_SOURCE -I/home/alex/dev/OmniAmp/1.0.3/modules/http-deps/include conftest.c >&5
conftest.c:151:10: fatal error: stropts.h: No such file or directory
  151 | #include <stropts.h>
      |          ^~~~~~~~~~~
compilation terminated.
configure:43770: $? = 1
configure: failed program was:
| /* confdefs.h */
| #define PACKAGE_NAME "curl"
| #define PACKAGE_TARNAME "curl"
| #define PACKAGE_VERSION "-"
| #define PACKAGE_STRING "curl -"
| #define PACKAGE_BUGREPORT "a suitable curl mailing list: https://curl.se/mail/"
| #define PACKAGE_URL ""
| #define HAVE_STDIO_H 1
| #define HAVE_STDLIB_H 1
| #define HAVE_STRING_H 1
| #define HAVE_INTTYPES_H 1
| #define HAVE_STDINT_H 1
| #define HAVE_STRINGS_H 1
| #define HAVE_SYS_STAT_H 1
| #define HAVE_SYS_TYPES_H 1
| #define HAVE_UNISTD_H 1
| #define STDC_HEADERS 1
| #define HAVE_STDATOMIC_H 1
| #define HAVE_ATOMIC 1
| #define PACKAGE "curl"
| #define VERSION "-"
| #define CURL_OS "x86_64-pc-linux-gnu"
| #define HAVE_DLFCN_H 1
| #define LT_OBJDIR ".libs/"
| #define HAVE_LDAP_SSL 1
| #define HAVE_SYS_TYPES_H 1
| #define HAVE_CLOCK_GETTIME_MONOTONIC 1
| #define HAVE_SYS_TYPES_H 1
| #define HAVE_CLOCK_GETTIME_MONOTONIC_RAW 1
| #define USE_IPV6 1
| #define HAVE_SOCKADDR_IN6_SIN6_SCOPE_ID 1
| #define HAVE_WRITABLE_ARGV 1
| #define HAVE_LIBSSL 1
| #define HAVE_OPENSSL_RSA_H 1
| #define USE_OPENSSL 1
| #define HAVE_OPENSSL_CRYPTO_H 1
| #define USE_OPENSSL 1
| #define HAVE_OPENSSL_PEM_H 1
| #define USE_OPENSSL 1
| #define HAVE_OPENSSL_SSL_H 1
| #define USE_OPENSSL 1
| #define HAVE_OPENSSL_ERR_H 1
| #define USE_OPENSSL 1
| #define HAVE_SSL_SET_QUIC_TLS_CBS 1
| #define HAVE_DES_ECB_ENCRYPT 1
| #define CURL_CA_BUNDLE "/etc/ssl/certs/ca-certificates.crt"
| #define CURL_CA_PATH "/etc/ssl/certs"
| #define CURL_DISABLE_LDAP 1
| #define CURL_DISABLE_LDAPS 1
| #define HAVE_SYS_TYPES_H 1
| #define HAVE_SYS_SELECT_H 1
| #define HAVE_SYS_IOCTL_H 1
| #define HAVE_UNISTD_H 1
| #define HAVE_ARPA_INET_H 1
| #define HAVE_NET_IF_H 1
| #define HAVE_NETINET_IN_H 1
| #define HAVE_SYS_UN_H 1
| #define HAVE_LINUX_TCP_H 1
| #define HAVE_NETINET_TCP_H 1
| #define HAVE_NETINET_UDP_H 1
| #define HAVE_NETINET_IP_H 1
| #define HAVE_NETDB_H 1
| #define HAVE_SYS_PARAM_H 1
| #define HAVE_TERMIOS_H 1
| #define HAVE_TERMIO_H 1
| #define HAVE_FCNTL_H 1
| #define HAVE_PWD_H 1
| #define HAVE_UTIME_H 1
| #define HAVE_SYS_POLL_H 1
| #define HAVE_POLL_H 1
| #define HAVE_SYS_RESOURCE_H 1
| #define HAVE_LIBGEN_H 1
| #define HAVE_LOCALE_H 1
| #define HAVE_STDBOOL_H 1
| #define HAVE_SYS_EVENTFD_H 1
| #define HAVE_SYS_TYPES_H 1
| #define HAVE_STRUCT_TIMEVAL 1
| #define SIZEOF_SIZE_T 8
| #define SIZEOF_LONG 8
| #define SIZEOF_INT 4
| #define SIZEOF_TIME_T 8
| #define SIZEOF_OFF_T 8
| #define SIZEOF_CURL_OFF_T 8
| #define SIZEOF_CURL_SOCKET_T 4
| #define HAVE_BOOL_T 1
| #define HAVE_SA_FAMILY_T 1
| #define HAVE_SUSECONDS_T 1
| #define HAVE_STRUCT_SOCKADDR_STORAGE 1
| #define HAVE_SYS_TYPES_H 1
| #define HAVE_RECV 1
| #define HAVE_SYS_TYPES_H 1
| #define HAVE_SEND 1
| #define HAVE_SYS_TYPES_H 1
| #define HAVE_UNISTD_H 1
| #define HAVE_ALARM 1
| #define HAVE_SYS_TYPES_H 1
| #define HAVE_STRINGS_H 1
| #define HAVE_SYS_TYPES_H 1
| #define HAVE_LIBGEN_H 1
| #define HAVE_BASENAME 1
| #define HAVE_SYS_TYPES_H 1
| #define HAVE_SYS_TYPES_H 1
| #define HAVE_UNISTD_H 1
| #define HAVE_FCNTL_H 1
| #define HAVE_FCNTL 1
| #define HAVE_FCNTL_O_NONBLOCK 1
| #define HAVE_SYS_TYPES_H 1
| #define HAVE_NETDB_H 1
| #define HAVE_FREEADDRINFO 1
| #define HAVE_SYS_TYPES_H 1
| #define HAVE_SYS_XATTR_H 1
| #define HAVE_FSETXATTR 1
| #define HAVE_FSETXATTR_5 1
| #define HAVE_SYS_TYPES_H 1
| #define HAVE_GETADDRINFO 1
| #define HAVE_GETADDRINFO_THREADSAFE 1
| #define HAVE_GETHOSTBYNAME_R 1
| #define HAVE_GETHOSTBYNAME_R_6 1
| #define GETHOSTNAME_TYPE_ARG2 size_t
| #define HAVE_GETHOSTNAME 1
| #define HAVE_SYS_TYPES_H 1
| #define HAVE_NETINET_IN_H 1
| #define HAVE_IFADDRS_H 1
| #define HAVE_GETIFADDRS 1
| #define HAVE_GETPEERNAME 1
| #define HAVE_GETSOCKNAME 1
| #define HAVE_SYS_TYPES_H 1
| #define HAVE_GMTIME_R 1
| #define HAVE_SYS_TYPES_H 1
| #define HAVE_UNISTD_H 1
| #define HAVE_SYS_IOCTL_H 1
| /* end confdefs.h.  */
| /* includes start */
| #ifdef HAVE_SYS_TYPES_H
| #  include <sys/types.h>
| #endif
| #ifdef HAVE_UNISTD_H
| #  include <unistd.h>
| #endif
| #ifndef _WIN32
| #  include <sys/socket.h>
| #endif
| #ifdef HAVE_SYS_IOCTL_H
| #  include <sys/ioctl.h>
| #endif
| #ifdef HAVE_STROPTS_H
| #  include <stropts.h>
| #endif
| /* includes end */
| 
| #include <stropts.h>
configure:43770: result: no
configure:43787: checking if ioctl can be linked
configure:43815: gcc -o conftest -Werror-implicit-function-declaration -O2 -Wno-system-headers -I/home/alex/dev/OmniAmp/1.0.3/modules/http-deps/include -D_GNU_SOURCE -I/home/alex/dev/OmniAmp/1.0.3/modules/http-deps/include -L/home/alex/dev/OmniAmp/1.0.3/modules/http-deps/lib -L/home/alex/dev/OmniAmp/1.0.3/modules/http-deps/lib conftest.c -lssl -lcrypto  >&5
configure:43815: $? = 0
configure:43818: result: yes
configure:43833: checking if ioctl is prototyped
configure:43845: result: yes
configure:43861: checking if ioctl is compilable
configure:43879: gcc -c -Werror-implicit-function-declaration -O2 -Wno-system-headers -I/home/alex/dev/OmniAmp/1.0.3/modules/http-deps/include -D_GNU_SOURCE -I/home/alex/dev/OmniAmp/1.0.3/modules/http-deps/include conftest.c >&5
configure:43879: $? = 0
configure:43882: result: yes
configure:43897: checking if ioctl usage allowed
configure:43900: result: yes
configure:43910: checking if ioctl might be used
configure:43916: result: yes
configure:43925: checking if ioctl FIONBIO is compilable
configure:43944: gcc -c -Werror-implicit-function-declaration -O2 -Wno-system-headers -I/home/alex/dev/OmniAmp/1.0.3/modules/http-deps/include -D_GNU_SOURCE -I/home/alex/dev/OmniAmp/1.0.3/modules/http-deps/include conftest.c >&5
configure:43944: $? = 0
configure:43947: result: yes
configure:43962: checking if ioctl FIONBIO usage allowed
configure:43965: result: yes
configure:43975: checking if ioctl FIONBIO might be used
configure:43979: result: yes
configure:43997: checking if ioctl SIOCGIFADDR is compilable
configure:44017: gcc -c -Werror-implicit-function-declaration -O2 -Wno-system-headers -I/home/alex/dev/OmniAmp/1.0.3/modules/http-deps/include -D_GNU_SOURCE -I/home/alex/dev/OmniAmp/1.0.3/modules/http-deps/include conftest.c >&5
configure:44017: $? = 0
configure:44020: result: yes
configure:44035: checking if ioctl SIOCGIFADDR usage allowed
configure:44038: result: yes
configure:44048: checking if ioctl SIOCGIFADDR might be used
configure:44052: result: yes
configure:44078: checking if ioctlsocket can be linked
configure:44096: gcc -o conftest -Werror-implicit-function-declaration -O2 -Wno-system-headers -I/home/alex/dev/OmniAmp/1.0.3/modules/http-deps/include -D_GNU_SOURCE -I/home/alex/dev/OmniAmp/1.0.3/modules/http-deps/include -L/home/alex/dev/OmniAmp/1.0.3/modules/http-deps/lib -L/home/alex/dev/OmniAmp/1.0.3/modules/http-deps/lib conftest.c -lssl -lcrypto  >&5
conftest.c: In function 'main':
conftest.c:149:10: error: implicit declaration of function 'ioctlsocket' [-Werror=implicit-function-declaration]
  149 |       if(ioctlsocket(0, 0, 0))
      |          ^~~~~~~~~~~
cc1: some warnings being treated as errors
configure:44096: $? = 1
configure: failed program was:
| /* confdefs.h */
| #define PACKAGE_NAME "curl"
| #define PACKAGE_TARNAME "curl"
| #define PACKAGE_VERSION "-"
| #define PACKAGE_STRING "curl -"
| #define PACKAGE_BUGREPORT "a suitable curl mailing list: https://curl.se/mail/"
| #define PACKAGE_URL ""
| #define HAVE_STDIO_H 1
| #define HAVE_STDLIB_H 1
| #define HAVE_STRING_H 1
| #define HAVE_INTTYPES_H 1
| #define HAVE_STDINT_H 1
| #define HAVE_STRINGS_H 1
| #define HAVE_SYS_STAT_H 1
| #define HAVE_SYS_TYPES_H 1
| #define HAVE_UNISTD_H 1
| #define STDC_HEADERS 1
| #define HAVE_STDATOMIC_H 1
| #define HAVE_ATOMIC 1
| #define PACKAGE "curl"
| #define VERSION "-"
| #define CURL_OS "x86_64-pc-linux-gnu"
| #define HAVE_DLFCN_H 1
| #define LT_OBJDIR ".libs/"
| #define HAVE_LDAP_SSL 1
| #define HAVE_SYS_TYPES_H 1
| #define HAVE_CLOCK_GETTIME_MONOTONIC 1
| #define HAVE_SYS_TYPES_H 1
| #define HAVE_CLOCK_GETTIME_MONOTONIC_RAW 1
| #define USE_IPV6 1
| #define HAVE_SOCKADDR_IN6_SIN6_SCOPE_ID 1
| #define HAVE_WRITABLE_ARGV 1
| #define HAVE_LIBSSL 1
| #define HAVE_OPENSSL_RSA_H 1
| #define USE_OPENSSL 1
| #define HAVE_OPENSSL_CRYPTO_H 1
| #define USE_OPENSSL 1
| #define HAVE_OPENSSL_PEM_H 1
| #define USE_OPENSSL 1
| #define HAVE_OPENSSL_SSL_H 1
| #define USE_OPENSSL 1
| #define HAVE_OPENSSL_ERR_H 1
| #define USE_OPENSSL 1
| #define HAVE_SSL_SET_QUIC_TLS_CBS 1
| #define HAVE_DES_ECB_ENCRYPT 1
| #define CURL_CA_BUNDLE "/etc/ssl/certs/ca-certificates.crt"
| #define CURL_CA_PATH "/etc/ssl/certs"
| #define CURL_DISABLE_LDAP 1
| #define CURL_DISABLE_LDAPS 1
| #define HAVE_SYS_TYPES_H 1
| #define HAVE_SYS_SELECT_H 1
| #define HAVE_SYS_IOCTL_H 1
| #define HAVE_UNISTD_H 1
| #define HAVE_ARPA_INET_H 1
| #define HAVE_NET_IF_H 1
| #define HAVE_NETINET_IN_H 1
| #define HAVE_SYS_UN_H 1
| #define HAVE_LINUX_TCP_H 1
| #define HAVE_NETINET_TCP_H 1
| #define HAVE_NETINET_UDP_H 1
| #define HAVE_NETINET_IP_H 1
| #define HAVE_NETDB_H 1
| #define HAVE_SYS_PARAM_H 1
| #define HAVE_TERMIOS_H 1
| #define HAVE_TERMIO_H 1
| #define HAVE_FCNTL_H 1
| #define HAVE_PWD_H 1
| #define HAVE_UTIME_H 1
| #define HAVE_SYS_POLL_H 1
| #define HAVE_POLL_H 1
| #define HAVE_SYS_RESOURCE_H 1
| #define HAVE_LIBGEN_H 1
| #define HAVE_LOCALE_H 1
| #define HAVE_STDBOOL_H 1
| #define HAVE_SYS_EVENTFD_H 1
| #define HAVE_SYS_TYPES_H 1
| #define HAVE_STRUCT_TIMEVAL 1
| #define SIZEOF_SIZE_T 8
| #define SIZEOF_LONG 8
| #define SIZEOF_INT 4
| #define SIZEOF_TIME_T 8
| #define SIZEOF_OFF_T 8
| #define SIZEOF_CURL_OFF_T 8
| #define SIZEOF_CURL_SOCKET_T 4
| #define HAVE_BOOL_T 1
| #define HAVE_SA_FAMILY_T 1
| #define HAVE_SUSECONDS_T 1
| #define HAVE_STRUCT_SOCKADDR_STORAGE 1
| #define HAVE_SYS_TYPES_H 1
| #define HAVE_RECV 1
| #define HAVE_SYS_TYPES_H 1
| #define HAVE_SEND 1
| #define HAVE_SYS_TYPES_H 1
| #define HAVE_UNISTD_H 1
| #define HAVE_ALARM 1
| #define HAVE_SYS_TYPES_H 1
| #define HAVE_STRINGS_H 1
| #define HAVE_SYS_TYPES_H 1
| #define HAVE_LIBGEN_H 1
| #define HAVE_BASENAME 1
| #define HAVE_SYS_TYPES_H 1
| #define HAVE_SYS_TYPES_H 1
| #define HAVE_UNISTD_H 1
| #define HAVE_FCNTL_H 1
| #define HAVE_FCNTL 1
| #define HAVE_FCNTL_O_NONBLOCK 1
| #define HAVE_SYS_TYPES_H 1
| #define HAVE_NETDB_H 1
| #define HAVE_FREEADDRINFO 1
| #define HAVE_SYS_TYPES_H 1
| #define HAVE_SYS_XATTR_H 1
| #define HAVE_FSETXATTR 1
| #define HAVE_FSETXATTR_5 1
| #define HAVE_SYS_TYPES_H 1
| #define HAVE_GETADDRINFO 1
| #define HAVE_GETADDRINFO_THREADSAFE 1
| #define HAVE_GETHOSTBYNAME_R 1
| #define HAVE_GETHOSTBYNAME_R_6 1
| #define GETHOSTNAME_TYPE_ARG2 size_t
| #define HAVE_GETHOSTNAME 1
| #define HAVE_SYS_TYPES_H 1
| #define HAVE_NETINET_IN_H 1
| #define HAVE_IFADDRS_H 1
| #define HAVE_GETIFADDRS 1
| #define HAVE_GETPEERNAME 1
| #define HAVE_GETSOCKNAME 1
| #define HAVE_SYS_TYPES_H 1
| #define HAVE_GMTIME_R 1
| #define HAVE_SYS_TYPES_H 1
| #define HAVE_UNISTD_H 1
| #define HAVE_SYS_IOCTL_H 1
| #define HAVE_IOCTL_FIONBIO 1
| #define HAVE_IOCTL_SIOCGIFADDR 1
| /* end confdefs.h.  */
| 
| 
|       /* includes start */
| #ifdef _WIN32
| #  ifndef WIN32_LEAN_AND_MEAN
| #  define WIN32_LEAN_AND_MEAN
| #  endif
| #  include <winsock2.h>
| #endif
| /* includes end */
| 
| int main(void)
| {
| 
|       if(ioctlsocket(0, 0, 0))
|         return 1;
| 
|   return 0;
| }
| 
configure:44105: result: no
configure:44191: checking if ioctlsocket might be used
configure:44276: result: no
configure:44288: checking if IoctlSocket can be linked
configure:44306: gcc -o conftest -Werror-implicit-function-declaration -O2 -Wno-system-headers -I/home/alex/dev/OmniAmp/1.0.3/modules/http-deps/include -D_GNU_SOURCE -I/home/alex/dev/OmniAmp/1.0.3/modules/http-deps/include -L/home/alex/dev/OmniAmp/1.0.3/modules/http-deps/lib -L/home/alex/dev/OmniAmp/1.0.3/modules/http-deps/lib conftest.c -lssl -lcrypto  >&5
conftest.c: In function 'main':
conftest.c:157:10: error: implicit declaration of function 'IoctlSocket' [-Werror=implicit-function-declaration]
  157 |       if(IoctlSocket(0, 0, 0))
      |          ^~~~~~~~~~~
cc1: some warnings being treated as errors
configure:44306: $? = 1
configure: failed program was:
| /* confdefs.h */
| #define PACKAGE_NAME "curl"
| #define PACKAGE_TARNAME "curl"
| #define PACKAGE_VERSION "-"
| #define PACKAGE_STRING "curl -"
| #define PACKAGE_BUGREPORT "a suitable curl mailing list: https://curl.se/mail/"
| #define PACKAGE_URL ""
| #define HAVE_STDIO_H 1
| #define HAVE_STDLIB_H 1
| #define HAVE_STRING_H 1
| #define HAVE_INTTYPES_H 1
| #define HAVE_STDINT_H 1
| #define HAVE_STRINGS_H 1
| #define HAVE_SYS_STAT_H 1
| #define HAVE_SYS_TYPES_H 1
| #define HAVE_UNISTD_H 1
| #define STDC_HEADERS 1
| #define HAVE_STDATOMIC_H 1
| #define HAVE_ATOMIC 1
| #define PACKAGE "curl"
| #define VERSION "-"
| #define CURL_OS "x86_64-pc-linux-gnu"
| #define HAVE_DLFCN_H 1
| #define LT_OBJDIR ".libs/"
| #define HAVE_LDAP_SSL 1
| #define HAVE_SYS_TYPES_H 1
| #define HAVE_CLOCK_GETTIME_MONOTONIC 1
| #define HAVE_SYS_TYPES_H 1
| #define HAVE_CLOCK_GETTIME_MONOTONIC_RAW 1
| #define USE_IPV6 1
| #define HAVE_SOCKADDR_IN6_SIN6_SCOPE_ID 1
| #define HAVE_WRITABLE_ARGV 1
| #define HAVE_LIBSSL 1
| #define HAVE_OPENSSL_RSA_H 1
| #define USE_OPENSSL 1
| #define HAVE_OPENSSL_CRYPTO_H 1
| #define USE_OPENSSL 1
| #define HAVE_OPENSSL_PEM_H 1
| #define USE_OPENSSL 1
| #define HAVE_OPENSSL_SSL_H 1
| #define USE_OPENSSL 1
| #define HAVE_OPENSSL_ERR_H 1
| #define USE_OPENSSL 1
| #define HAVE_SSL_SET_QUIC_TLS_CBS 1
| #define HAVE_DES_ECB_ENCRYPT 1
| #define CURL_CA_BUNDLE "/etc/ssl/certs/ca-certificates.crt"
| #define CURL_CA_PATH "/etc/ssl/certs"
| #define CURL_DISABLE_LDAP 1
| #define CURL_DISABLE_LDAPS 1
| #define HAVE_SYS_TYPES_H 1
| #define HAVE_SYS_SELECT_H 1
| #define HAVE_SYS_IOCTL_H 1
| #define HAVE_UNISTD_H 1
| #define HAVE_ARPA_INET_H 1
| #define HAVE_NET_IF_H 1
| #define HAVE_NETINET_IN_H 1
| #define HAVE_SYS_UN_H 1
| #define HAVE_LINUX_TCP_H 1
| #define HAVE_NETINET_TCP_H 1
| #define HAVE_NETINET_UDP_H 1
| #define HAVE_NETINET_IP_H 1
| #define HAVE_NETDB_H 1
| #define HAVE_SYS_PARAM_H 1
| #define HAVE_TERMIOS_H 1
| #define HAVE_TERMIO_H 1
| #define HAVE_FCNTL_H 1
| #define HAVE_PWD_H 1
| #define HAVE_UTIME_H 1
| #define HAVE_SYS_POLL_H 1
| #define HAVE_POLL_H 1
| #define HAVE_SYS_RESOURCE_H 1
| #define HAVE_LIBGEN_H 1
| #define HAVE_LOCALE_H 1
| #define HAVE_STDBOOL_H 1
| #define HAVE_SYS_EVENTFD_H 1
| #define HAVE_SYS_TYPES_H 1
| #define HAVE_STRUCT_TIMEVAL 1
| #define SIZEOF_SIZE_T 8
| #define SIZEOF_LONG 8
| #define SIZEOF_INT 4
| #define SIZEOF_TIME_T 8
| #define SIZEOF_OFF_T 8
| #define SIZEOF_CURL_OFF_T 8
| #define SIZEOF_CURL_SOCKET_T 4
| #define HAVE_BOOL_T 1
| #define HAVE_SA_FAMILY_T 1
| #define HAVE_SUSECONDS_T 1
| #define HAVE_STRUCT_SOCKADDR_STORAGE 1
| #define HAVE_SYS_TYPES_H 1
| #define HAVE_RECV 1
| #define HAVE_SYS_TYPES_H 1
| #define HAVE_SEND 1
| #define HAVE_SYS_TYPES_H 1
| #define HAVE_UNISTD_H 1
| #define HAVE_ALARM 1
| #define HAVE_SYS_TYPES_H 1
| #define HAVE_STRINGS_H 1
| #define HAVE_SYS_TYPES_H 1
| #define HAVE_LIBGEN_H 1
| #define HAVE_BASENAME 1
| #define HAVE_SYS_TYPES_H 1
| #define HAVE_SYS_TYPES_H 1
| #define HAVE_UNISTD_H 1
| #define HAVE_FCNTL_H 1
| #define HAVE_FCNTL 1
| #define HAVE_FCNTL_O_NONBLOCK 1
| #define HAVE_SYS_TYPES_H 1
| #define HAVE_NETDB_H 1
| #define HAVE_FREEADDRINFO 1
| #define HAVE_SYS_TYPES_H 1
| #define HAVE_SYS_XATTR_H 1
| #define HAVE_FSETXATTR 1
| #define HAVE_FSETXATTR_5 1
| #define HAVE_SYS_TYPES_H 1
| #define HAVE_GETADDRINFO 1
| #define HAVE_GETADDRINFO_THREADSAFE 1
| #define HAVE_GETHOSTBYNAME_R 1
| #define HAVE_GETHOSTBYNAME_R_6 1
| #define GETHOSTNAME_TYPE_ARG2 size_t
| #define HAVE_GETHOSTNAME 1
| #define HAVE_SYS_TYPES_H 1
| #define HAVE_NETINET_IN_H 1
| #define HAVE_IFADDRS_H 1
| #define HAVE_GETIFADDRS 1
| #define HAVE_GETPEERNAME 1
| #define HAVE_GETSOCKNAME 1
| #define HAVE_SYS_TYPES_H 1
| #define HAVE_GMTIME_R 1
| #define HAVE_SYS_TYPES_H 1
| #define HAVE_UNISTD_H 1
| #define HAVE_SYS_IOCTL_H 1
| #define HAVE_IOCTL_FIONBIO 1
| #define HAVE_IOCTL_SIOCGIFADDR 1
| /* end confdefs.h.  */
| 
| 
|       /* includes start */
| #ifdef HAVE_PROTO_BSDSOCKET_H
| #  define __NO_NET_API
| #  define __USE_INLINE__
| #  include <proto/bsdsocket.h>
| #  ifdef HAVE_SYS_IOCTL_H
| #    include <sys/ioctl.h>
| #  endif
| #  ifdef __amigaos4__
| struct SocketIFace *ISocket = NULL;
| #  else
| struct Library *SocketBase = NULL;
| #  endif
| #  define select(a, b, c, d, e)  WaitSelect(a, b, c, d, e, 0)
| #endif
| /* includes end */
| 
| int main(void)
| {
| 
|       if(IoctlSocket(0, 0, 0))
|         return 1;
| 
|   return 0;
| }
| 
configure:44315: result: no
configure:44373: checking if IoctlSocket might be used
configure:44458: result: no
configure:44473: checking if localtime_r can be linked
configure:44501: gcc -o conftest -Werror-implicit-function-declaration -O2 -Wno-system-headers -I/home/alex/dev/OmniAmp/1.0.3/modules/http-deps/include -D_GNU_SOURCE -I/home/alex/dev/OmniAmp/1.0.3/modules/http-deps/include -L/home/alex/dev/OmniAmp/1.0.3/modules/http-deps/lib -L/home/alex/dev/OmniAmp/1.0.3/modules/http-deps/lib conftest.c -lssl -lcrypto  >&5
configure:44501: $? = 0
configure:44504: result: yes
configure:44519: checking if localtime_r is prototyped
configure:44531: result: yes
configure:44547: checking if localtime_r is compilable
configure:44568: gcc -c -Werror-implicit-function-declaration -O2 -Wno-system-headers -I/home/alex/dev/OmniAmp/1.0.3/modules/http-deps/include -D_GNU_SOURCE -I/home/alex/dev/OmniAmp/1.0.3/modules/http-deps/include conftest.c >&5
configure:44568: $? = 0
configure:44571: result: yes
configure:44587: checking if localtime_r seems to work
configure:44675: sh ./run-compiler -o conftest -Werror-implicit-function-declaration -O2 -Wno-system-headers -I/home/alex/dev/OmniAmp/1.0.3/modules/http-deps/include -D_GNU_SOURCE -I/home/alex/dev/OmniAmp/1.0.3/modules/http-deps/include -L/home/alex/dev/OmniAmp/1.0.3/modules/http-deps/lib -L/home/alex/dev/OmniAmp/1.0.3/modules/http-deps/lib conftest.c -lssl -lcrypto  >&5
configure:44675: $? = 0
configure:44675: ./conftest
configure:44675: $? = 0
configure:44677: result: yes
configure:44700: checking if localtime_r usage allowed
configure:44703: result: yes
configure:44713: checking if localtime_r might be used
configure:44720: result: yes
configure:44741: checking if memrchr can be linked
configure:44769: gcc -o conftest -Werror-implicit-function-declaration -O2 -Wno-system-headers -I/home/alex/dev/OmniAmp/1.0.3/modules/http-deps/include -D_GNU_SOURCE -I/home/alex/dev/OmniAmp/1.0.3/modules/http-deps/include -L/home/alex/dev/OmniAmp/1.0.3/modules/http-deps/lib -L/home/alex/dev/OmniAmp/1.0.3/modules/http-deps/lib conftest.c -lssl -lcrypto  >&5
configure:44769: $? = 0
configure:44772: result: yes
configure:44824: checking if memrchr is prototyped
configure:44836: result: yes
configure:44853: checking if memrchr is compilable
configure:44871: gcc -c -Werror-implicit-function-declaration -O2 -Wno-system-headers -I/home/alex/dev/OmniAmp/1.0.3/modules/http-deps/include -D_GNU_SOURCE -I/home/alex/dev/OmniAmp/1.0.3/modules/http-deps/include conftest.c >&5
configure:44871: $? = 0
configure:44874: result: yes
configure:44889: checking if memrchr usage allowed
configure:44892: result: yes
configure:44902: checking if memrchr might be used
configure:44908: result: yes
configure:44928: checking for sys/types.h
configure:44928: result: yes
configure:44945: checking if sigaction can be linked
configure:44973: gcc -o conftest -Werror-implicit-function-declaration -O2 -Wno-system-headers -I/home/alex/dev/OmniAmp/1.0.3/modules/http-deps/include -D_GNU_SOURCE -I/home/alex/dev/OmniAmp/1.0.3/modules/http-deps/include -L/home/alex/dev/OmniAmp/1.0.3/modules/http-deps/lib -L/home/alex/dev/OmniAmp/1.0.3/modules/http-deps/lib conftest.c -lssl -lcrypto  >&5
configure:44973: $? = 0
configure:44976: result: yes
configure:44991: checking if sigaction is prototyped
configure:45003: result: yes
configure:45019: checking if sigaction is compilable
configure:45037: gcc -c -Werror-implicit-function-declaration -O2 -Wno-system-headers -I/home/alex/dev/OmniAmp/1.0.3/modules/http-deps/include -D_GNU_SOURCE -I/home/alex/dev/OmniAmp/1.0.3/modules/http-deps/include conftest.c >&5
configure:45037: $? = 0
configure:45040: result: yes
configure:45055: checking if sigaction usage allowed
configure:45058: result: yes
configure:45068: checking if sigaction might be used
configure:45074: result: yes
configure:45094: checking if siginterrupt can be linked
configure:45122: gcc -o conftest -Werror-implicit-function-declaration -O2 -Wno-system-headers -I/home/alex/dev/OmniAmp/1.0.3/modules/http-deps/include -D_GNU_SOURCE -I/home/alex/dev/OmniAmp/1.0.3/modules/http-deps/include -L/home/alex/dev/OmniAmp/1.0.3/modules/http-deps/lib -L/home/alex/dev/OmniAmp/1.0.3/modules/http-deps/lib conftest.c -lssl -lcrypto  >&5
configure:45122: $? = 0
configure:45125: result: yes
configure:45140: checking if siginterrupt is prototyped
configure:45152: result: yes
configure:45168: checking if siginterrupt is compilable
configure:45186: gcc -c -Werror-implicit-function-declaration -O2 -Wno-system-headers -I/home/alex/dev/OmniAmp/1.0.3/modules/http-deps/include -D_GNU_SOURCE -I/home/alex/dev/OmniAmp/1.0.3/modules/http-deps/include conftest.c >&5
conftest.c: In function 'main':
conftest.c:151:9: warning: 'siginterrupt' is deprecated: Use sigaction with SA_RESTART instead [-Wdeprecated-declarations]
  151 |         if(siginterrupt(0, 0))
      |         ^~
In file included from conftest.c:145:
/usr/include/signal.h:324:12: note: declared here
  324 | extern int siginterrupt (int __sig, int __interrupt) __THROW
      |            ^~~~~~~~~~~~
configure:45186: $? = 0
configure:45189: result: yes
configure:45204: checking if siginterrupt usage allowed
configure:45207: result: yes
configure:45217: checking if siginterrupt might be used
configure:45223: result: yes
configure:45243: checking if signal can be linked
configure:45271: gcc -o conftest -Werror-implicit-function-declaration -O2 -Wno-system-headers -I/home/alex/dev/OmniAmp/1.0.3/modules/http-deps/include -D_GNU_SOURCE -I/home/alex/dev/OmniAmp/1.0.3/modules/http-deps/include -L/home/alex/dev/OmniAmp/1.0.3/modules/http-deps/lib -L/home/alex/dev/OmniAmp/1.0.3/modules/http-deps/lib conftest.c -lssl -lcrypto  >&5
configure:45271: $? = 0
configure:45274: result: yes
configure:45289: checking if signal is prototyped
configure:45301: result: yes
configure:45317: checking if signal is compilable
configure:45335: gcc -c -Werror-implicit-function-declaration -O2 -Wno-system-headers -I/home/alex/dev/OmniAmp/1.0.3/modules/http-deps/include -D_GNU_SOURCE -I/home/alex/dev/OmniAmp/1.0.3/modules/http-deps/include conftest.c >&5
configure:45335: $? = 0
configure:45338: result: yes
configure:45353: checking if signal usage allowed
configure:45356: result: yes
configure:45366: checking if signal might be used
configure:45372: result: yes
configure:45392: checking for sys/types.h
configure:45392: result: yes
configure:45410: checking if sigsetjmp can be linked
configure:45438: gcc -o conftest -Werror-implicit-function-declaration -O2 -Wno-system-headers -I/home/alex/dev/OmniAmp/1.0.3/modules/http-deps/include -D_GNU_SOURCE -I/home/alex/dev/OmniAmp/1.0.3/modules/http-deps/include -L/home/alex/dev/OmniAmp/1.0.3/modules/http-deps/lib -L/home/alex/dev/OmniAmp/1.0.3/modules/http-deps/lib conftest.c -lssl -lcrypto  >&5
/usr/bin/ld: /tmp/cc21ixFl.o: in function `main':
conftest.c:(.text.startup+0xb): undefined reference to `sigsetjmp'
collect2: error: ld returned 1 exit status
configure:45438: $? = 1
configure: failed program was:
| /* confdefs.h */
| #define PACKAGE_NAME "curl"
| #define PACKAGE_TARNAME "curl"
| #define PACKAGE_VERSION "-"
| #define PACKAGE_STRING "curl -"
| #define PACKAGE_BUGREPORT "a suitable curl mailing list: https://curl.se/mail/"
| #define PACKAGE_URL ""
| #define HAVE_STDIO_H 1
| #define HAVE_STDLIB_H 1
| #define HAVE_STRING_H 1
| #define HAVE_INTTYPES_H 1
| #define HAVE_STDINT_H 1
| #define HAVE_STRINGS_H 1
| #define HAVE_SYS_STAT_H 1
| #define HAVE_SYS_TYPES_H 1
| #define HAVE_UNISTD_H 1
| #define STDC_HEADERS 1
| #define HAVE_STDATOMIC_H 1
| #define HAVE_ATOMIC 1
| #define PACKAGE "curl"
| #define VERSION "-"
| #define CURL_OS "x86_64-pc-linux-gnu"
| #define HAVE_DLFCN_H 1
| #define LT_OBJDIR ".libs/"
| #define HAVE_LDAP_SSL 1
| #define HAVE_SYS_TYPES_H 1
| #define HAVE_CLOCK_GETTIME_MONOTONIC 1
| #define HAVE_SYS_TYPES_H 1
| #define HAVE_CLOCK_GETTIME_MONOTONIC_RAW 1
| #define USE_IPV6 1
| #define HAVE_SOCKADDR_IN6_SIN6_SCOPE_ID 1
| #define HAVE_WRITABLE_ARGV 1
| #define HAVE_LIBSSL 1
| #define HAVE_OPENSSL_RSA_H 1
| #define USE_OPENSSL 1
| #define HAVE_OPENSSL_CRYPTO_H 1
| #define USE_OPENSSL 1
| #define HAVE_OPENSSL_PEM_H 1
| #define USE_OPENSSL 1
| #define HAVE_OPENSSL_SSL_H 1
| #define USE_OPENSSL 1
| #define HAVE_OPENSSL_ERR_H 1
| #define USE_OPENSSL 1
| #define HAVE_SSL_SET_QUIC_TLS_CBS 1
| #define HAVE_DES_ECB_ENCRYPT 1
| #define CURL_CA_BUNDLE "/etc/ssl/certs/ca-certificates.crt"
| #define CURL_CA_PATH "/etc/ssl/certs"
| #define CURL_DISABLE_LDAP 1
| #define CURL_DISABLE_LDAPS 1
| #define HAVE_SYS_TYPES_H 1
| #define HAVE_SYS_SELECT_H 1
| #define HAVE_SYS_IOCTL_H 1
| #define HAVE_UNISTD_H 1
| #define HAVE_ARPA_INET_H 1
| #define HAVE_NET_IF_H 1
| #define HAVE_NETINET_IN_H 1
| #define HAVE_SYS_UN_H 1
| #define HAVE_LINUX_TCP_H 1
| #define HAVE_NETINET_TCP_H 1
| #define HAVE_NETINET_UDP_H 1
| #define HAVE_NETINET_IP_H 1
| #define HAVE_NETDB_H 1
| #define HAVE_SYS_PARAM_H 1
| #define HAVE_TERMIOS_H 1
| #define HAVE_TERMIO_H 1
| #define HAVE_FCNTL_H 1
| #define HAVE_PWD_H 1
| #define HAVE_UTIME_H 1
| #define HAVE_SYS_POLL_H 1
| #define HAVE_POLL_H 1
| #define HAVE_SYS_RESOURCE_H 1
| #define HAVE_LIBGEN_H 1
| #define HAVE_LOCALE_H 1
| #define HAVE_STDBOOL_H 1
| #define HAVE_SYS_EVENTFD_H 1
| #define HAVE_SYS_TYPES_H 1
| #define HAVE_STRUCT_TIMEVAL 1
| #define SIZEOF_SIZE_T 8
| #define SIZEOF_LONG 8
| #define SIZEOF_INT 4
| #define SIZEOF_TIME_T 8
| #define SIZEOF_OFF_T 8
| #define SIZEOF_CURL_OFF_T 8
| #define SIZEOF_CURL_SOCKET_T 4
| #define HAVE_BOOL_T 1
| #define HAVE_SA_FAMILY_T 1
| #define HAVE_SUSECONDS_T 1
| #define HAVE_STRUCT_SOCKADDR_STORAGE 1
| #define HAVE_SYS_TYPES_H 1
| #define HAVE_RECV 1
| #define HAVE_SYS_TYPES_H 1
| #define HAVE_SEND 1
| #define HAVE_SYS_TYPES_H 1
| #define HAVE_UNISTD_H 1
| #define HAVE_ALARM 1
| #define HAVE_SYS_TYPES_H 1
| #define HAVE_STRINGS_H 1
| #define HAVE_SYS_TYPES_H 1
| #define HAVE_LIBGEN_H 1
| #define HAVE_BASENAME 1
| #define HAVE_SYS_TYPES_H 1
| #define HAVE_SYS_TYPES_H 1
| #define HAVE_UNISTD_H 1
| #define HAVE_FCNTL_H 1
| #define HAVE_FCNTL 1
| #define HAVE_FCNTL_O_NONBLOCK 1
| #define HAVE_SYS_TYPES_H 1
| #define HAVE_NETDB_H 1
| #define HAVE_FREEADDRINFO 1
| #define HAVE_SYS_TYPES_H 1
| #define HAVE_SYS_XATTR_H 1
| #define HAVE_FSETXATTR 1
| #define HAVE_FSETXATTR_5 1
| #define HAVE_SYS_TYPES_H 1
| #define HAVE_GETADDRINFO 1
| #define HAVE_GETADDRINFO_THREADSAFE 1
| #define HAVE_GETHOSTBYNAME_R 1
| #define HAVE_GETHOSTBYNAME_R_6 1
| #define GETHOSTNAME_TYPE_ARG2 size_t
| #define HAVE_GETHOSTNAME 1
| #define HAVE_SYS_TYPES_H 1
| #define HAVE_NETINET_IN_H 1
| #define HAVE_IFADDRS_H 1
| #define HAVE_GETIFADDRS 1
| #define HAVE_GETPEERNAME 1
| #define HAVE_GETSOCKNAME 1
| #define HAVE_SYS_TYPES_H 1
| #define HAVE_GMTIME_R 1
| #define HAVE_SYS_TYPES_H 1
| #define HAVE_UNISTD_H 1
| #define HAVE_SYS_IOCTL_H 1
| #define HAVE_IOCTL_FIONBIO 1
| #define HAVE_IOCTL_SIOCGIFADDR 1
| #define HAVE_LOCALTIME_R 1
| #define HAVE_MEMRCHR 1
| #define HAVE_SYS_TYPES_H 1
| #define HAVE_SIGACTION 1
| #define HAVE_SIGINTERRUPT 1
| #define HAVE_SIGNAL 1
| #define HAVE_SYS_TYPES_H 1
| /* end confdefs.h.  */
| 
| 
| #define sigsetjmp innocuous_sigsetjmp
| #ifdef __STDC__
| #  include <limits.h>
| #else
| #  include <assert.h>
| #endif
| #undef sigsetjmp
| #ifdef __cplusplus
| extern "C"
| #endif
| char sigsetjmp ();
| #if defined __stub_sigsetjmp || defined __stub___sigsetjmp
| #error force compilation error
| #endif
| 
| int main(void)
| {
| return sigsetjmp ();
|   return 0;
| }
| 
configure:45447: result: no
configure:45456: checking if sigsetjmp seems a macro
configure:45475: gcc -o conftest -Werror-implicit-function-declaration -O2 -Wno-system-headers -I/home/alex/dev/OmniAmp/1.0.3/modules/http-deps/include -D_GNU_SOURCE -I/home/alex/dev/OmniAmp/1.0.3/modules/http-deps/include -L/home/alex/dev/OmniAmp/1.0.3/modules/http-deps/lib -L/home/alex/dev/OmniAmp/1.0.3/modules/http-deps/lib conftest.c -lssl -lcrypto  >&5
configure:45475: $? = 0
configure:45478: result: yes
configure:45523: checking if sigsetjmp is compilable
configure:45542: gcc -c -Werror-implicit-function-declaration -O2 -Wno-system-headers -I/home/alex/dev/OmniAmp/1.0.3/modules/http-deps/include -D_GNU_SOURCE -I/home/alex/dev/OmniAmp/1.0.3/modules/http-deps/include conftest.c >&5
configure:45542: $? = 0
configure:45545: result: yes
configure:45560: checking if sigsetjmp usage allowed
configure:45563: result: yes
configure:45573: checking if sigsetjmp might be used
configure:45579: result: yes
configure:45600: checking if socket can be linked
configure:45620: gcc -o conftest -Werror-implicit-function-declaration -O2 -Wno-system-headers -I/home/alex/dev/OmniAmp/1.0.3/modules/http-deps/include -D_GNU_SOURCE -I/home/alex/dev/OmniAmp/1.0.3/modules/http-deps/include -L/home/alex/dev/OmniAmp/1.0.3/modules/http-deps/lib -L/home/alex/dev/OmniAmp/1.0.3/modules/http-deps/lib conftest.c -lssl -lcrypto  >&5
configure:45620: $? = 0
configure:45623: result: yes
configure:45638: checking if socket is prototyped
configure:45652: result: yes
configure:45668: checking if socket is compilable
configure:45688: gcc -c -Werror-implicit-function-declaration -O2 -Wno-system-headers -I/home/alex/dev/OmniAmp/1.0.3/modules/http-deps/include -D_GNU_SOURCE -I/home/alex/dev/OmniAmp/1.0.3/modules/http-deps/include conftest.c >&5
configure:45688: $? = 0
configure:45691: result: yes
configure:45706: checking if socket usage allowed
configure:45709: result: yes
configure:45719: checking if socket might be used
configure:45725: result: yes
configure:45745: checking if socketpair can be linked
configure:45773: gcc -o conftest -Werror-implicit-function-declaration -O2 -Wno-system-headers -I/home/alex/dev/OmniAmp/1.0.3/modules/http-deps/include -D_GNU_SOURCE -I/home/alex/dev/OmniAmp/1.0.3/modules/http-deps/include -L/home/alex/dev/OmniAmp/1.0.3/modules/http-deps/lib -L/home/alex/dev/OmniAmp/1.0.3/modules/http-deps/lib conftest.c -lssl -lcrypto  >&5
configure:45773: $? = 0
configure:45776: result: yes
configure:45791: checking if socketpair is prototyped
configure:45803: result: yes
configure:45819: checking if socketpair is compilable
configure:45838: gcc -c -Werror-implicit-function-declaration -O2 -Wno-system-headers -I/home/alex/dev/OmniAmp/1.0.3/modules/http-deps/include -D_GNU_SOURCE -I/home/alex/dev/OmniAmp/1.0.3/modules/http-deps/include conftest.c >&5
configure:45838: $? = 0
configure:45841: result: yes
configure:45856: checking if socketpair usage allowed
configure:45859: result: yes
configure:45869: checking if socketpair might be used
configure:45875: result: yes
configure:45902: checking if strerror_r can be linked
configure:45930: gcc -o conftest -Werror-implicit-function-declaration -O2 -Wno-system-headers -I/home/alex/dev/OmniAmp/1.0.3/modules/http-deps/include -D_GNU_SOURCE -I/home/alex/dev/OmniAmp/1.0.3/modules/http-deps/include -L/home/alex/dev/OmniAmp/1.0.3/modules/http-deps/lib -L/home/alex/dev/OmniAmp/1.0.3/modules/http-deps/lib conftest.c -lssl -lcrypto  >&5
configure:45930: $? = 0
configure:45933: result: yes
configure:45948: checking if strerror_r is prototyped
configure:45960: result: yes
configure:45976: checking if strerror_r is compilable
configure:45995: gcc -c -Werror-implicit-function-declaration -O2 -Wno-system-headers -I/home/alex/dev/OmniAmp/1.0.3/modules/http-deps/include -D_GNU_SOURCE -I/home/alex/dev/OmniAmp/1.0.3/modules/http-deps/include conftest.c >&5
configure:45995: $? = 0
configure:45998: result: yes
configure:46013: checking if strerror_r is glibc like
configure:46037: gcc -c -Werror-implicit-function-declaration -O2 -Wno-system-headers -I/home/alex/dev/OmniAmp/1.0.3/modules/http-deps/include -D_GNU_SOURCE -I/home/alex/dev/OmniAmp/1.0.3/modules/http-deps/include conftest.c >&5
configure:46037: $? = 0
configure:46053: result: yes
configure:46062: checking if strerror_r seems to work
configure:46154: sh ./run-compiler -o conftest -Werror-implicit-function-declaration -O2 -Wno-system-headers -I/home/alex/dev/OmniAmp/1.0.3/modules/http-deps/include -D_GNU_SOURCE -I/home/alex/dev/OmniAmp/1.0.3/modules/http-deps/include -L/home/alex/dev/OmniAmp/1.0.3/modules/http-deps/lib -L/home/alex/dev/OmniAmp/1.0.3/modules/http-deps/lib conftest.c -lssl -lcrypto  >&5
configure:46154: $? = 0
configure:46154: ./conftest
configure:46154: $? = 0
configure:46156: result: yes
configure:46360: checking if strerror_r usage allowed
configure:46363: result: yes
configure:46373: checking if strerror_r might be used
configure:46379: result: yes
configure:46420: checking for accept4
configure:46420: gcc -o conftest -Werror-implicit-function-declaration -O2 -Wno-system-headers -I/home/alex/dev/OmniAmp/1.0.3/modules/http-deps/include -D_GNU_SOURCE -I/home/alex/dev/OmniAmp/1.0.3/modules/http-deps/include -L/home/alex/dev/OmniAmp/1.0.3/modules/http-deps/lib -L/home/alex/dev/OmniAmp/1.0.3/modules/http-deps/lib conftest.c -lssl -lcrypto  >&5
configure:46420: $? = 0
configure:46420: result: yes
configure:46426: checking for eventfd
configure:46426: gcc -o conftest -Werror-implicit-function-declaration -O2 -Wno-system-headers -I/home/alex/dev/OmniAmp/1.0.3/modules/http-deps/include -D_GNU_SOURCE -I/home/alex/dev/OmniAmp/1.0.3/modules/http-deps/include -L/home/alex/dev/OmniAmp/1.0.3/modules/http-deps/lib -L/home/alex/dev/OmniAmp/1.0.3/modules/http-deps/lib conftest.c -lssl -lcrypto  >&5
configure:46426: $? = 0
configure:46426: result: yes
configure:46432: checking for fnmatch
configure:46432: gcc -o conftest -Werror-implicit-function-declaration -O2 -Wno-system-headers -I/home/alex/dev/OmniAmp/1.0.3/modules/http-deps/include -D_GNU_SOURCE -I/home/alex/dev/OmniAmp/1.0.3/modules/http-deps/include -L/home/alex/dev/OmniAmp/1.0.3/modules/http-deps/lib -L/home/alex/dev/OmniAmp/1.0.3/modules/http-deps/lib conftest.c -lssl -lcrypto  >&5
configure:46432: $? = 0
configure:46432: result: yes
configure:46438: checking for geteuid
configure:46438: gcc -o conftest -Werror-implicit-function-declaration -O2 -Wno-system-headers -I/home/alex/dev/OmniAmp/1.0.3/modules/http-deps/include -D_GNU_SOURCE -I/home/alex/dev/OmniAmp/1.0.3/modules/http-deps/include -L/home/alex/dev/OmniAmp/1.0.3/modules/http-deps/lib -L/home/alex/dev/OmniAmp/1.0.3/modules/http-deps/lib conftest.c -lssl -lcrypto  >&5
configure:46438: $? = 0
configure:46438: result: yes
configure:46444: checking for getpass_r
configure:46444: gcc -o conftest -Werror-implicit-function-declaration -O2 -Wno-system-headers -I/home/alex/dev/OmniAmp/1.0.3/modules/http-deps/include -D_GNU_SOURCE -I/home/alex/dev/OmniAmp/1.0.3/modules/http-deps/include -L/home/alex/dev/OmniAmp/1.0.3/modules/http-deps/lib -L/home/alex/dev/OmniAmp/1.0.3/modules/http-deps/lib conftest.c -lssl -lcrypto  >&5
/usr/bin/ld: /tmp/cc8TZeiV.o: in function `main':
conftest.c:(.text.startup+0xb): undefined reference to `getpass_r'
collect2: error: ld returned 1 exit status
configure:46444: $? = 1
configure: failed program was:
| /* confdefs.h */
| #define PACKAGE_NAME "curl"
| #define PACKAGE_TARNAME "curl"
| #define PACKAGE_VERSION "-"
| #define PACKAGE_STRING "curl -"
| #define PACKAGE_BUGREPORT "a suitable curl mailing list: https://curl.se/mail/"
| #define PACKAGE_URL ""
| #define HAVE_STDIO_H 1
| #define HAVE_STDLIB_H 1
| #define HAVE_STRING_H 1
| #define HAVE_INTTYPES_H 1
| #define HAVE_STDINT_H 1
| #define HAVE_STRINGS_H 1
| #define HAVE_SYS_STAT_H 1
| #define HAVE_SYS_TYPES_H 1
| #define HAVE_UNISTD_H 1
| #define STDC_HEADERS 1
| #define HAVE_STDATOMIC_H 1
| #define HAVE_ATOMIC 1
| #define PACKAGE "curl"
| #define VERSION "-"
| #define CURL_OS "x86_64-pc-linux-gnu"
| #define HAVE_DLFCN_H 1
| #define LT_OBJDIR ".libs/"
| #define HAVE_LDAP_SSL 1
| #define HAVE_SYS_TYPES_H 1
| #define HAVE_CLOCK_GETTIME_MONOTONIC 1
| #define HAVE_SYS_TYPES_H 1
| #define HAVE_CLOCK_GETTIME_MONOTONIC_RAW 1
| #define USE_IPV6 1
| #define HAVE_SOCKADDR_IN6_SIN6_SCOPE_ID 1
| #define HAVE_WRITABLE_ARGV 1
| #define HAVE_LIBSSL 1
| #define HAVE_OPENSSL_RSA_H 1
| #define USE_OPENSSL 1
| #define HAVE_OPENSSL_CRYPTO_H 1
| #define USE_OPENSSL 1
| #define HAVE_OPENSSL_PEM_H 1
| #define USE_OPENSSL 1
| #define HAVE_OPENSSL_SSL_H 1
| #define USE_OPENSSL 1
| #define HAVE_OPENSSL_ERR_H 1
| #define USE_OPENSSL 1
| #define HAVE_SSL_SET_QUIC_TLS_CBS 1
| #define HAVE_DES_ECB_ENCRYPT 1
| #define CURL_CA_BUNDLE "/etc/ssl/certs/ca-certificates.crt"
| #define CURL_CA_PATH "/etc/ssl/certs"
| #define CURL_DISABLE_LDAP 1
| #define CURL_DISABLE_LDAPS 1
| #define HAVE_SYS_TYPES_H 1
| #define HAVE_SYS_SELECT_H 1
| #define HAVE_SYS_IOCTL_H 1
| #define HAVE_UNISTD_H 1
| #define HAVE_ARPA_INET_H 1
| #define HAVE_NET_IF_H 1
| #define HAVE_NETINET_IN_H 1
| #define HAVE_SYS_UN_H 1
| #define HAVE_LINUX_TCP_H 1
| #define HAVE_NETINET_TCP_H 1
| #define HAVE_NETINET_UDP_H 1
| #define HAVE_NETINET_IP_H 1
| #define HAVE_NETDB_H 1
| #define HAVE_SYS_PARAM_H 1
| #define HAVE_TERMIOS_H 1
| #define HAVE_TERMIO_H 1
| #define HAVE_FCNTL_H 1
| #define HAVE_PWD_H 1
| #define HAVE_UTIME_H 1
| #define HAVE_SYS_POLL_H 1
| #define HAVE_POLL_H 1
| #define HAVE_SYS_RESOURCE_H 1
| #define HAVE_LIBGEN_H 1
| #define HAVE_LOCALE_H 1
| #define HAVE_STDBOOL_H 1
| #define HAVE_SYS_EVENTFD_H 1
| #define HAVE_SYS_TYPES_H 1
| #define HAVE_STRUCT_TIMEVAL 1
| #define SIZEOF_SIZE_T 8
| #define SIZEOF_LONG 8
| #define SIZEOF_INT 4
| #define SIZEOF_TIME_T 8
| #define SIZEOF_OFF_T 8
| #define SIZEOF_CURL_OFF_T 8
| #define SIZEOF_CURL_SOCKET_T 4
| #define HAVE_BOOL_T 1
| #define HAVE_SA_FAMILY_T 1
| #define HAVE_SUSECONDS_T 1
| #define HAVE_STRUCT_SOCKADDR_STORAGE 1
| #define HAVE_SYS_TYPES_H 1
| #define HAVE_RECV 1
| #define HAVE_SYS_TYPES_H 1
| #define HAVE_SEND 1
| #define HAVE_SYS_TYPES_H 1
| #define HAVE_UNISTD_H 1
| #define HAVE_ALARM 1
| #define HAVE_SYS_TYPES_H 1
| #define HAVE_STRINGS_H 1
| #define HAVE_SYS_TYPES_H 1
| #define HAVE_LIBGEN_H 1
| #define HAVE_BASENAME 1
| #define HAVE_SYS_TYPES_H 1
| #define HAVE_SYS_TYPES_H 1
| #define HAVE_UNISTD_H 1
| #define HAVE_FCNTL_H 1
| #define HAVE_FCNTL 1
| #define HAVE_FCNTL_O_NONBLOCK 1
| #define HAVE_SYS_TYPES_H 1
| #define HAVE_NETDB_H 1
| #define HAVE_FREEADDRINFO 1
| #define HAVE_SYS_TYPES_H 1
| #define HAVE_SYS_XATTR_H 1
| #define HAVE_FSETXATTR 1
| #define HAVE_FSETXATTR_5 1
| #define HAVE_SYS_TYPES_H 1
| #define HAVE_GETADDRINFO 1
| #define HAVE_GETADDRINFO_THREADSAFE 1
| #define HAVE_GETHOSTBYNAME_R 1
| #define HAVE_GETHOSTBYNAME_R_6 1
| #define GETHOSTNAME_TYPE_ARG2 size_t
| #define HAVE_GETHOSTNAME 1
| #define HAVE_SYS_TYPES_H 1
| #define HAVE_NETINET_IN_H 1
| #define HAVE_IFADDRS_H 1
| #define HAVE_GETIFADDRS 1
| #define HAVE_GETPEERNAME 1
| #define HAVE_GETSOCKNAME 1
| #define HAVE_SYS_TYPES_H 1
| #define HAVE_GMTIME_R 1
| #define HAVE_SYS_TYPES_H 1
| #define HAVE_UNISTD_H 1
| #define HAVE_SYS_IOCTL_H 1
| #define HAVE_IOCTL_FIONBIO 1
| #define HAVE_IOCTL_SIOCGIFADDR 1
| #define HAVE_LOCALTIME_R 1
| #define HAVE_MEMRCHR 1
| #define HAVE_SYS_TYPES_H 1
| #define HAVE_SIGACTION 1
| #define HAVE_SIGINTERRUPT 1
| #define HAVE_SIGNAL 1
| #define HAVE_SYS_TYPES_H 1
| #define HAVE_SIGSETJMP 1
| #define HAVE_SOCKET 1
| #define HAVE_SOCKETPAIR 1
| #define HAVE_STRERROR_R 1
| #define HAVE_GLIBC_STRERROR_R 1
| #define HAVE_ACCEPT4 1
| #define HAVE_EVENTFD 1
| #define HAVE_FNMATCH 1
| #define HAVE_GETEUID 1
| /* end confdefs.h.  */
| 
| #define getpass_r innocuous_getpass_r
| #ifdef __STDC__
| #  include <limits.h>
| #else
| #  include <assert.h>
| #endif
| #undef getpass_r
| #ifdef __cplusplus
| extern "C"
| #endif
| char getpass_r ();
| #if defined __stub_getpass_r || defined __stub___getpass_r
| #error force compilation error
| #endif
| 
| int main(void)
| {
| return getpass_r ();
|   return 0;
| }
configure:46444: result: no
configure:46450: checking for getppid
configure:46450: gcc -o conftest -Werror-implicit-function-declaration -O2 -Wno-system-headers -I/home/alex/dev/OmniAmp/1.0.3/modules/http-deps/include -D_GNU_SOURCE -I/home/alex/dev/OmniAmp/1.0.3/modules/http-deps/include -L/home/alex/dev/OmniAmp/1.0.3/modules/http-deps/lib -L/home/alex/dev/OmniAmp/1.0.3/modules/http-deps/lib conftest.c -lssl -lcrypto  >&5
configure:46450: $? = 0
configure:46450: result: yes
configure:46456: checking for getpwuid
configure:46456: gcc -o conftest -Werror-implicit-function-declaration -O2 -Wno-system-headers -I/home/alex/dev/OmniAmp/1.0.3/modules/http-deps/include -D_GNU_SOURCE -I/home/alex/dev/OmniAmp/1.0.3/modules/http-deps/include -L/home/alex/dev/OmniAmp/1.0.3/modules/http-deps/lib -L/home/alex/dev/OmniAmp/1.0.3/modules/http-deps/lib conftest.c -lssl -lcrypto  >&5
configure:46456: $? = 0
configure:46456: result: yes
configure:46462: checking for getpwuid_r
configure:46462: gcc -o conftest -Werror-implicit-function-declaration -O2 -Wno-system-headers -I/home/alex/dev/OmniAmp/1.0.3/modules/http-deps/include -D_GNU_SOURCE -I/home/alex/dev/OmniAmp/1.0.3/modules/http-deps/include -L/home/alex/dev/OmniAmp/1.0.3/modules/http-deps/lib -L/home/alex/dev/OmniAmp/1.0.3/modules/http-deps/lib conftest.c -lssl -lcrypto  >&5
configure:46462: $? = 0
configure:46462: result: yes
configure:46468: checking for getrlimit
configure:46468: gcc -o conftest -Werror-implicit-function-declaration -O2 -Wno-system-headers -I/home/alex/dev/OmniAmp/1.0.3/modules/http-deps/include -D_GNU_SOURCE -I/home/alex/dev/OmniAmp/1.0.3/modules/http-deps/include -L/home/alex/dev/OmniAmp/1.0.3/modules/http-deps/lib -L/home/alex/dev/OmniAmp/1.0.3/modules/http-deps/lib conftest.c -lssl -lcrypto  >&5
configure:46468: $? = 0
configure:46468: result: yes
configure:46474: checking for mach_absolute_time
configure:46474: gcc -o conftest -Werror-implicit-function-declaration -O2 -Wno-system-headers -I/home/alex/dev/OmniAmp/1.0.3/modules/http-deps/include -D_GNU_SOURCE -I/home/alex/dev/OmniAmp/1.0.3/modules/http-deps/include -L/home/alex/dev/OmniAmp/1.0.3/modules/http-deps/lib -L/home/alex/dev/OmniAmp/1.0.3/modules/http-deps/lib conftest.c -lssl -lcrypto  >&5
/usr/bin/ld: /tmp/ccBmXZP5.o: in function `main':
conftest.c:(.text.startup+0xb): undefined reference to `mach_absolute_time'
collect2: error: ld returned 1 exit status
configure:46474: $? = 1
configure: failed program was:
| /* confdefs.h */
| #define PACKAGE_NAME "curl"
| #define PACKAGE_TARNAME "curl"
| #define PACKAGE_VERSION "-"
| #define PACKAGE_STRING "curl -"
| #define PACKAGE_BUGREPORT "a suitable curl mailing list: https://curl.se/mail/"
| #define PACKAGE_URL ""
| #define HAVE_STDIO_H 1
| #define HAVE_STDLIB_H 1
| #define HAVE_STRING_H 1
| #define HAVE_INTTYPES_H 1
| #define HAVE_STDINT_H 1
| #define HAVE_STRINGS_H 1
| #define HAVE_SYS_STAT_H 1
| #define HAVE_SYS_TYPES_H 1
| #define HAVE_UNISTD_H 1
| #define STDC_HEADERS 1
| #define HAVE_STDATOMIC_H 1
| #define HAVE_ATOMIC 1
| #define PACKAGE "curl"
| #define VERSION "-"
| #define CURL_OS "x86_64-pc-linux-gnu"
| #define HAVE_DLFCN_H 1
| #define LT_OBJDIR ".libs/"
| #define HAVE_LDAP_SSL 1
| #define HAVE_SYS_TYPES_H 1
| #define HAVE_CLOCK_GETTIME_MONOTONIC 1
| #define HAVE_SYS_TYPES_H 1
| #define HAVE_CLOCK_GETTIME_MONOTONIC_RAW 1
| #define USE_IPV6 1
| #define HAVE_SOCKADDR_IN6_SIN6_SCOPE_ID 1
| #define HAVE_WRITABLE_ARGV 1
| #define HAVE_LIBSSL 1
| #define HAVE_OPENSSL_RSA_H 1
| #define USE_OPENSSL 1
| #define HAVE_OPENSSL_CRYPTO_H 1
| #define USE_OPENSSL 1
| #define HAVE_OPENSSL_PEM_H 1
| #define USE_OPENSSL 1
| #define HAVE_OPENSSL_SSL_H 1
| #define USE_OPENSSL 1
| #define HAVE_OPENSSL_ERR_H 1
| #define USE_OPENSSL 1
| #define HAVE_SSL_SET_QUIC_TLS_CBS 1
| #define HAVE_DES_ECB_ENCRYPT 1
| #define CURL_CA_BUNDLE "/etc/ssl/certs/ca-certificates.crt"
| #define CURL_CA_PATH "/etc/ssl/certs"
| #define CURL_DISABLE_LDAP 1
| #define CURL_DISABLE_LDAPS 1
| #define HAVE_SYS_TYPES_H 1
| #define HAVE_SYS_SELECT_H 1
| #define HAVE_SYS_IOCTL_H 1
| #define HAVE_UNISTD_H 1
| #define HAVE_ARPA_INET_H 1
| #define HAVE_NET_IF_H 1
| #define HAVE_NETINET_IN_H 1
| #define HAVE_SYS_UN_H 1
| #define HAVE_LINUX_TCP_H 1
| #define HAVE_NETINET_TCP_H 1
| #define HAVE_NETINET_UDP_H 1
| #define HAVE_NETINET_IP_H 1
| #define HAVE_NETDB_H 1
| #define HAVE_SYS_PARAM_H 1
| #define HAVE_TERMIOS_H 1
| #define HAVE_TERMIO_H 1
| #define HAVE_FCNTL_H 1
| #define HAVE_PWD_H 1
| #define HAVE_UTIME_H 1
| #define HAVE_SYS_POLL_H 1
| #define HAVE_POLL_H 1
| #define HAVE_SYS_RESOURCE_H 1
| #define HAVE_LIBGEN_H 1
| #define HAVE_LOCALE_H 1
| #define HAVE_STDBOOL_H 1
| #define HAVE_SYS_EVENTFD_H 1
| #define HAVE_SYS_TYPES_H 1
| #define HAVE_STRUCT_TIMEVAL 1
| #define SIZEOF_SIZE_T 8
| #define SIZEOF_LONG 8
| #define SIZEOF_INT 4
| #define SIZEOF_TIME_T 8
| #define SIZEOF_OFF_T 8
| #define SIZEOF_CURL_OFF_T 8
| #define SIZEOF_CURL_SOCKET_T 4
| #define HAVE_BOOL_T 1
| #define HAVE_SA_FAMILY_T 1
| #define HAVE_SUSECONDS_T 1
| #define HAVE_STRUCT_SOCKADDR_STORAGE 1
| #define HAVE_SYS_TYPES_H 1
| #define HAVE_RECV 1
| #define HAVE_SYS_TYPES_H 1
| #define HAVE_SEND 1
| #define HAVE_SYS_TYPES_H 1
| #define HAVE_UNISTD_H 1
| #define HAVE_ALARM 1
| #define HAVE_SYS_TYPES_H 1
| #define HAVE_STRINGS_H 1
| #define HAVE_SYS_TYPES_H 1
| #define HAVE_LIBGEN_H 1
| #define HAVE_BASENAME 1
| #define HAVE_SYS_TYPES_H 1
| #define HAVE_SYS_TYPES_H 1
| #define HAVE_UNISTD_H 1
| #define HAVE_FCNTL_H 1
| #define HAVE_FCNTL 1
| #define HAVE_FCNTL_O_NONBLOCK 1
| #define HAVE_SYS_TYPES_H 1
| #define HAVE_NETDB_H 1
| #define HAVE_FREEADDRINFO 1
| #define HAVE_SYS_TYPES_H 1
| #define HAVE_SYS_XATTR_H 1
| #define HAVE_FSETXATTR 1
| #define HAVE_FSETXATTR_5 1
| #define HAVE_SYS_TYPES_H 1
| #define HAVE_GETADDRINFO 1
| #define HAVE_GETADDRINFO_THREADSAFE 1
| #define HAVE_GETHOSTBYNAME_R 1
| #define HAVE_GETHOSTBYNAME_R_6 1
| #define GETHOSTNAME_TYPE_ARG2 size_t
| #define HAVE_GETHOSTNAME 1
| #define HAVE_SYS_TYPES_H 1
| #define HAVE_NETINET_IN_H 1
| #define HAVE_IFADDRS_H 1
| #define HAVE_GETIFADDRS 1
| #define HAVE_GETPEERNAME 1
| #define HAVE_GETSOCKNAME 1
| #define HAVE_SYS_TYPES_H 1
| #define HAVE_GMTIME_R 1
| #define HAVE_SYS_TYPES_H 1
| #define HAVE_UNISTD_H 1
| #define HAVE_SYS_IOCTL_H 1
| #define HAVE_IOCTL_FIONBIO 1
| #define HAVE_IOCTL_SIOCGIFADDR 1
| #define HAVE_LOCALTIME_R 1
| #define HAVE_MEMRCHR 1
| #define HAVE_SYS_TYPES_H 1
| #define HAVE_SIGACTION 1
| #define HAVE_SIGINTERRUPT 1
| #define HAVE_SIGNAL 1
| #define HAVE_SYS_TYPES_H 1
| #define HAVE_SIGSETJMP 1
| #define HAVE_SOCKET 1
| #define HAVE_SOCKETPAIR 1
| #define HAVE_STRERROR_R 1
| #define HAVE_GLIBC_STRERROR_R 1
| #define HAVE_ACCEPT4 1
| #define HAVE_EVENTFD 1
| #define HAVE_FNMATCH 1
| #define HAVE_GETEUID 1
| #define HAVE_GETPPID 1
| #define HAVE_GETPWUID 1
| #define HAVE_GETPWUID_R 1
| #define HAVE_GETRLIMIT 1
| /* end confdefs.h.  */
| 
| #define mach_absolute_time innocuous_mach_absolute_time
| #ifdef __STDC__
| #  include <limits.h>
| #else
| #  include <assert.h>
| #endif
| #undef mach_absolute_time
| #ifdef __cplusplus
| extern "C"
| #endif
| char mach_absolute_time ();
| #if defined __stub_mach_absolute_time || defined __stub___mach_absolute_time
| #error force compilation error
| #endif
| 
| int main(void)
| {
| return mach_absolute_time ();
|   return 0;
| }
configure:46474: result: no
configure:46480: checking for pipe
configure:46480: gcc -o conftest -Werror-implicit-function-declaration -O2 -Wno-system-headers -I/home/alex/dev/OmniAmp/1.0.3/modules/http-deps/include -D_GNU_SOURCE -I/home/alex/dev/OmniAmp/1.0.3/modules/http-deps/include -L/home/alex/dev/OmniAmp/1.0.3/modules/http-deps/lib -L/home/alex/dev/OmniAmp/1.0.3/modules/http-deps/lib conftest.c -lssl -lcrypto  >&5
configure:46480: $? = 0
configure:46480: result: yes
configure:46486: checking for poll
configure:46486: gcc -o conftest -Werror-implicit-function-declaration -O2 -Wno-system-headers -I/home/alex/dev/OmniAmp/1.0.3/modules/http-deps/include -D_GNU_SOURCE -I/home/alex/dev/OmniAmp/1.0.3/modules/http-deps/include -L/home/alex/dev/OmniAmp/1.0.3/modules/http-deps/lib -L/home/alex/dev/OmniAmp/1.0.3/modules/http-deps/lib conftest.c -lssl -lcrypto  >&5
configure:46486: $? = 0
configure:46486: result: yes
configure:46492: checking for sendmmsg
configure:46492: gcc -o conftest -Werror-implicit-function-declaration -O2 -Wno-system-headers -I/home/alex/dev/OmniAmp/1.0.3/modules/http-deps/include -D_GNU_SOURCE -I/home/alex/dev/OmniAmp/1.0.3/modules/http-deps/include -L/home/alex/dev/OmniAmp/1.0.3/modules/http-deps/lib -L/home/alex/dev/OmniAmp/1.0.3/modules/http-deps/lib conftest.c -lssl -lcrypto  >&5
configure:46492: $? = 0
configure:46492: result: yes
configure:46498: checking for sendmsg
configure:46498: gcc -o conftest -Werror-implicit-function-declaration -O2 -Wno-system-headers -I/home/alex/dev/OmniAmp/1.0.3/modules/http-deps/include -D_GNU_SOURCE -I/home/alex/dev/OmniAmp/1.0.3/modules/http-deps/include -L/home/alex/dev/OmniAmp/1.0.3/modules/http-deps/lib -L/home/alex/dev/OmniAmp/1.0.3/modules/http-deps/lib conftest.c -lssl -lcrypto  >&5
configure:46498: $? = 0
configure:46498: result: yes
configure:46504: checking for setlocale
configure:46504: gcc -o conftest -Werror-implicit-function-declaration -O2 -Wno-system-headers -I/home/alex/dev/OmniAmp/1.0.3/modules/http-deps/include -D_GNU_SOURCE -I/home/alex/dev/OmniAmp/1.0.3/modules/http-deps/include -L/home/alex/dev/OmniAmp/1.0.3/modules/http-deps/lib -L/home/alex/dev/OmniAmp/1.0.3/modules/http-deps/lib conftest.c -lssl -lcrypto  >&5
configure:46504: $? = 0
configure:46504: result: yes
configure:46510: checking for setrlimit
configure:46510: gcc -o conftest -Werror-implicit-function-declaration -O2 -Wno-system-headers -I/home/alex/dev/OmniAmp/1.0.3/modules/http-deps/include -D_GNU_SOURCE -I/home/alex/dev/OmniAmp/1.0.3/modules/http-deps/include -L/home/alex/dev/OmniAmp/1.0.3/modules/http-deps/lib -L/home/alex/dev/OmniAmp/1.0.3/modules/http-deps/lib conftest.c -lssl -lcrypto  >&5
configure:46510: $? = 0
configure:46510: result: yes
configure:46516: checking for utime
configure:46516: gcc -o conftest -Werror-implicit-function-declaration -O2 -Wno-system-headers -I/home/alex/dev/OmniAmp/1.0.3/modules/http-deps/include -D_GNU_SOURCE -I/home/alex/dev/OmniAmp/1.0.3/modules/http-deps/include -L/home/alex/dev/OmniAmp/1.0.3/modules/http-deps/lib -L/home/alex/dev/OmniAmp/1.0.3/modules/http-deps/lib conftest.c -lssl -lcrypto  >&5
configure:46516: $? = 0
configure:46516: result: yes
configure:46522: checking for utimes
configure:46522: gcc -o conftest -Werror-implicit-function-declaration -O2 -Wno-system-headers -I/home/alex/dev/OmniAmp/1.0.3/modules/http-deps/include -D_GNU_SOURCE -I/home/alex/dev/OmniAmp/1.0.3/modules/http-deps/include -L/home/alex/dev/OmniAmp/1.0.3/modules/http-deps/lib -L/home/alex/dev/OmniAmp/1.0.3/modules/http-deps/lib conftest.c -lssl -lcrypto  >&5
configure:46522: $? = 0
configure:46522: result: yes
configure:46531: checking for pipe2
configure:46531: gcc -o conftest -Werror-implicit-function-declaration -O2 -Wno-system-headers -I/home/alex/dev/OmniAmp/1.0.3/modules/http-deps/include -D_GNU_SOURCE -I/home/alex/dev/OmniAmp/1.0.3/modules/http-deps/include -L/home/alex/dev/OmniAmp/1.0.3/modules/http-deps/lib -L/home/alex/dev/OmniAmp/1.0.3/modules/http-deps/lib conftest.c -lssl -lcrypto  >&5
configure:46531: $? = 0
configure:46531: result: yes
configure:46541: checking for gettimeofday
configure:46541: gcc -o conftest -Werror-implicit-function-declaration -O2 -Wno-system-headers -I/home/alex/dev/OmniAmp/1.0.3/modules/http-deps/include -D_GNU_SOURCE -I/home/alex/dev/OmniAmp/1.0.3/modules/http-deps/include -L/home/alex/dev/OmniAmp/1.0.3/modules/http-deps/lib -L/home/alex/dev/OmniAmp/1.0.3/modules/http-deps/lib conftest.c -lssl -lcrypto  >&5
configure:46541: $? = 0
configure:46541: result: yes
configure:46547: checking for if_nametoindex
configure:46547: gcc -o conftest -Werror-implicit-function-declaration -O2 -Wno-system-headers -I/home/alex/dev/OmniAmp/1.0.3/modules/http-deps/include -D_GNU_SOURCE -I/home/alex/dev/OmniAmp/1.0.3/modules/http-deps/include -L/home/alex/dev/OmniAmp/1.0.3/modules/http-deps/lib -L/home/alex/dev/OmniAmp/1.0.3/modules/http-deps/lib conftest.c -lssl -lcrypto  >&5
configure:46547: $? = 0
configure:46547: result: yes
configure:46553: checking for realpath
configure:46553: gcc -o conftest -Werror-implicit-function-declaration -O2 -Wno-system-headers -I/home/alex/dev/OmniAmp/1.0.3/modules/http-deps/include -D_GNU_SOURCE -I/home/alex/dev/OmniAmp/1.0.3/modules/http-deps/include -L/home/alex/dev/OmniAmp/1.0.3/modules/http-deps/lib -L/home/alex/dev/OmniAmp/1.0.3/modules/http-deps/lib conftest.c -lssl -lcrypto  >&5
configure:46553: $? = 0
configure:46553: result: yes
configure:46559: checking for sched_yield
configure:46559: gcc -o conftest -Werror-implicit-function-declaration -O2 -Wno-system-headers -I/home/alex/dev/OmniAmp/1.0.3/modules/http-deps/include -D_GNU_SOURCE -I/home/alex/dev/OmniAmp/1.0.3/modules/http-deps/include -L/home/alex/dev/OmniAmp/1.0.3/modules/http-deps/lib -L/home/alex/dev/OmniAmp/1.0.3/modules/http-deps/lib conftest.c -lssl -lcrypto  >&5
configure:46559: $? = 0
configure:46559: result: yes
configure:46574: checking if strcasecmp can be linked
configure:46602: gcc -o conftest -Werror-implicit-function-declaration -O2 -Wno-system-headers -I/home/alex/dev/OmniAmp/1.0.3/modules/http-deps/include -D_GNU_SOURCE -I/home/alex/dev/OmniAmp/1.0.3/modules/http-deps/include -L/home/alex/dev/OmniAmp/1.0.3/modules/http-deps/lib -L/home/alex/dev/OmniAmp/1.0.3/modules/http-deps/lib conftest.c -lssl -lcrypto  >&5
conftest.c:180:6: warning: conflicting types for built-in function 'strcasecmp'; expected 'int(const char *, const char *)' [-Wbuiltin-declaration-mismatch]
  180 | char strcasecmp ();
      |      ^~~~~~~~~~
configure:46602: $? = 0
configure:46605: result: yes
configure:46620: checking if strcasecmp is prototyped
configure:46632: result: yes
configure:46648: checking if strcasecmp is compilable
configure:46666: gcc -c -Werror-implicit-function-declaration -O2 -Wno-system-headers -I/home/alex/dev/OmniAmp/1.0.3/modules/http-deps/include -D_GNU_SOURCE -I/home/alex/dev/OmniAmp/1.0.3/modules/http-deps/include conftest.c >&5
configure:46666: $? = 0
configure:46669: result: yes
configure:46684: checking if strcasecmp usage allowed
configure:46687: result: yes
configure:46697: checking if strcasecmp might be used
configure:46703: result: yes
configure:46723: checking if strcmpi can be linked
configure:46751: gcc -o conftest -Werror-implicit-function-declaration -O2 -Wno-system-headers -I/home/alex/dev/OmniAmp/1.0.3/modules/http-deps/include -D_GNU_SOURCE -I/home/alex/dev/OmniAmp/1.0.3/modules/http-deps/include -L/home/alex/dev/OmniAmp/1.0.3/modules/http-deps/lib -L/home/alex/dev/OmniAmp/1.0.3/modules/http-deps/lib conftest.c -lssl -lcrypto  >&5
/usr/bin/ld: /tmp/ccCKLHSF.o: in function `main':
conftest.c:(.text.startup+0xb): undefined reference to `strcmpi'
collect2: error: ld returned 1 exit status
configure:46751: $? = 1
configure: failed program was:
| /* confdefs.h */
| #define PACKAGE_NAME "curl"
| #define PACKAGE_TARNAME "curl"
| #define PACKAGE_VERSION "-"
| #define PACKAGE_STRING "curl -"
| #define PACKAGE_BUGREPORT "a suitable curl mailing list: https://curl.se/mail/"
| #define PACKAGE_URL ""
| #define HAVE_STDIO_H 1
| #define HAVE_STDLIB_H 1
| #define HAVE_STRING_H 1
| #define HAVE_INTTYPES_H 1
| #define HAVE_STDINT_H 1
| #define HAVE_STRINGS_H 1
| #define HAVE_SYS_STAT_H 1
| #define HAVE_SYS_TYPES_H 1
| #define HAVE_UNISTD_H 1
| #define STDC_HEADERS 1
| #define HAVE_STDATOMIC_H 1
| #define HAVE_ATOMIC 1
| #define PACKAGE "curl"
| #define VERSION "-"
| #define CURL_OS "x86_64-pc-linux-gnu"
| #define HAVE_DLFCN_H 1
| #define LT_OBJDIR ".libs/"
| #define HAVE_LDAP_SSL 1
| #define HAVE_SYS_TYPES_H 1
| #define HAVE_CLOCK_GETTIME_MONOTONIC 1
| #define HAVE_SYS_TYPES_H 1
| #define HAVE_CLOCK_GETTIME_MONOTONIC_RAW 1
| #define USE_IPV6 1
| #define HAVE_SOCKADDR_IN6_SIN6_SCOPE_ID 1
| #define HAVE_WRITABLE_ARGV 1
| #define HAVE_LIBSSL 1
| #define HAVE_OPENSSL_RSA_H 1
| #define USE_OPENSSL 1
| #define HAVE_OPENSSL_CRYPTO_H 1
| #define USE_OPENSSL 1
| #define HAVE_OPENSSL_PEM_H 1
| #define USE_OPENSSL 1
| #define HAVE_OPENSSL_SSL_H 1
| #define USE_OPENSSL 1
| #define HAVE_OPENSSL_ERR_H 1
| #define USE_OPENSSL 1
| #define HAVE_SSL_SET_QUIC_TLS_CBS 1
| #define HAVE_DES_ECB_ENCRYPT 1
| #define CURL_CA_BUNDLE "/etc/ssl/certs/ca-certificates.crt"
| #define CURL_CA_PATH "/etc/ssl/certs"
| #define CURL_DISABLE_LDAP 1
| #define CURL_DISABLE_LDAPS 1
| #define HAVE_SYS_TYPES_H 1
| #define HAVE_SYS_SELECT_H 1
| #define HAVE_SYS_IOCTL_H 1
| #define HAVE_UNISTD_H 1
| #define HAVE_ARPA_INET_H 1
| #define HAVE_NET_IF_H 1
| #define HAVE_NETINET_IN_H 1
| #define HAVE_SYS_UN_H 1
| #define HAVE_LINUX_TCP_H 1
| #define HAVE_NETINET_TCP_H 1
| #define HAVE_NETINET_UDP_H 1
| #define HAVE_NETINET_IP_H 1
| #define HAVE_NETDB_H 1
| #define HAVE_SYS_PARAM_H 1
| #define HAVE_TERMIOS_H 1
| #define HAVE_TERMIO_H 1
| #define HAVE_FCNTL_H 1
| #define HAVE_PWD_H 1
| #define HAVE_UTIME_H 1
| #define HAVE_SYS_POLL_H 1
| #define HAVE_POLL_H 1
| #define HAVE_SYS_RESOURCE_H 1
| #define HAVE_LIBGEN_H 1
| #define HAVE_LOCALE_H 1
| #define HAVE_STDBOOL_H 1
| #define HAVE_SYS_EVENTFD_H 1
| #define HAVE_SYS_TYPES_H 1
| #define HAVE_STRUCT_TIMEVAL 1
| #define SIZEOF_SIZE_T 8
| #define SIZEOF_LONG 8
| #define SIZEOF_INT 4
| #define SIZEOF_TIME_T 8
| #define SIZEOF_OFF_T 8
| #define SIZEOF_CURL_OFF_T 8
| #define SIZEOF_CURL_SOCKET_T 4
| #define HAVE_BOOL_T 1
| #define HAVE_SA_FAMILY_T 1
| #define HAVE_SUSECONDS_T 1
| #define HAVE_STRUCT_SOCKADDR_STORAGE 1
| #define HAVE_SYS_TYPES_H 1
| #define HAVE_RECV 1
| #define HAVE_SYS_TYPES_H 1
| #define HAVE_SEND 1
| #define HAVE_SYS_TYPES_H 1
| #define HAVE_UNISTD_H 1
| #define HAVE_ALARM 1
| #define HAVE_SYS_TYPES_H 1
| #define HAVE_STRINGS_H 1
| #define HAVE_SYS_TYPES_H 1
| #define HAVE_LIBGEN_H 1
| #define HAVE_BASENAME 1
| #define HAVE_SYS_TYPES_H 1
| #define HAVE_SYS_TYPES_H 1
| #define HAVE_UNISTD_H 1
| #define HAVE_FCNTL_H 1
| #define HAVE_FCNTL 1
| #define HAVE_FCNTL_O_NONBLOCK 1
| #define HAVE_SYS_TYPES_H 1
| #define HAVE_NETDB_H 1
| #define HAVE_FREEADDRINFO 1
| #define HAVE_SYS_TYPES_H 1
| #define HAVE_SYS_XATTR_H 1
| #define HAVE_FSETXATTR 1
| #define HAVE_FSETXATTR_5 1
| #define HAVE_SYS_TYPES_H 1
| #define HAVE_GETADDRINFO 1
| #define HAVE_GETADDRINFO_THREADSAFE 1
| #define HAVE_GETHOSTBYNAME_R 1
| #define HAVE_GETHOSTBYNAME_R_6 1
| #define GETHOSTNAME_TYPE_ARG2 size_t
| #define HAVE_GETHOSTNAME 1
| #define HAVE_SYS_TYPES_H 1
| #define HAVE_NETINET_IN_H 1
| #define HAVE_IFADDRS_H 1
| #define HAVE_GETIFADDRS 1
| #define HAVE_GETPEERNAME 1
| #define HAVE_GETSOCKNAME 1
| #define HAVE_SYS_TYPES_H 1
| #define HAVE_GMTIME_R 1
| #define HAVE_SYS_TYPES_H 1
| #define HAVE_UNISTD_H 1
| #define HAVE_SYS_IOCTL_H 1
| #define HAVE_IOCTL_FIONBIO 1
| #define HAVE_IOCTL_SIOCGIFADDR 1
| #define HAVE_LOCALTIME_R 1
| #define HAVE_MEMRCHR 1
| #define HAVE_SYS_TYPES_H 1
| #define HAVE_SIGACTION 1
| #define HAVE_SIGINTERRUPT 1
| #define HAVE_SIGNAL 1
| #define HAVE_SYS_TYPES_H 1
| #define HAVE_SIGSETJMP 1
| #define HAVE_SOCKET 1
| #define HAVE_SOCKETPAIR 1
| #define HAVE_STRERROR_R 1
| #define HAVE_GLIBC_STRERROR_R 1
| #define HAVE_ACCEPT4 1
| #define HAVE_EVENTFD 1
| #define HAVE_FNMATCH 1
| #define HAVE_GETEUID 1
| #define HAVE_GETPPID 1
| #define HAVE_GETPWUID 1
| #define HAVE_GETPWUID_R 1
| #define HAVE_GETRLIMIT 1
| #define HAVE_PIPE 1
| #define HAVE_POLL 1
| #define HAVE_SENDMMSG 1
| #define HAVE_SENDMSG 1
| #define HAVE_SETLOCALE 1
| #define HAVE_SETRLIMIT 1
| #define HAVE_UTIME 1
| #define HAVE_UTIMES 1
| #define HAVE_PIPE2 1
| #define HAVE_GETTIMEOFDAY 1
| #define HAVE_IF_NAMETOINDEX 1
| #define HAVE_REALPATH 1
| #define HAVE_SCHED_YIELD 1
| #define HAVE_STRCASECMP 1
| /* end confdefs.h.  */
| 
| 
| #define strcmpi innocuous_strcmpi
| #ifdef __STDC__
| #  include <limits.h>
| #else
| #  include <assert.h>
| #endif
| #undef strcmpi
| #ifdef __cplusplus
| extern "C"
| #endif
| char strcmpi ();
| #if defined __stub_strcmpi || defined __stub___strcmpi
| #error force compilation error
| #endif
| 
| int main(void)
| {
| return strcmpi ();
|   return 0;
| }
| 
configure:46760: result: no
configure:46846: checking if strcmpi might be used
configure:46859: result: no
configure:46872: checking if stricmp can be linked
configure:46900: gcc -o conftest -Werror-implicit-function-declaration -O2 -Wno-system-headers -I/home/alex/dev/OmniAmp/1.0.3/modules/http-deps/include -D_GNU_SOURCE -I/home/alex/dev/OmniAmp/1.0.3/modules/http-deps/include -L/home/alex/dev/OmniAmp/1.0.3/modules/http-deps/lib -L/home/alex/dev/OmniAmp/1.0.3/modules/http-deps/lib conftest.c -lssl -lcrypto  >&5
/usr/bin/ld: /tmp/cc6icFPD.o: in function `main':
conftest.c:(.text.startup+0xb): undefined reference to `stricmp'
collect2: error: ld returned 1 exit status
configure:46900: $? = 1
configure: failed program was:
| /* confdefs.h */
| #define PACKAGE_NAME "curl"
| #define PACKAGE_TARNAME "curl"
| #define PACKAGE_VERSION "-"
| #define PACKAGE_STRING "curl -"
| #define PACKAGE_BUGREPORT "a suitable curl mailing list: https://curl.se/mail/"
| #define PACKAGE_URL ""
| #define HAVE_STDIO_H 1
| #define HAVE_STDLIB_H 1
| #define HAVE_STRING_H 1
| #define HAVE_INTTYPES_H 1
| #define HAVE_STDINT_H 1
| #define HAVE_STRINGS_H 1
| #define HAVE_SYS_STAT_H 1
| #define HAVE_SYS_TYPES_H 1
| #define HAVE_UNISTD_H 1
| #define STDC_HEADERS 1
| #define HAVE_STDATOMIC_H 1
| #define HAVE_ATOMIC 1
| #define PACKAGE "curl"
| #define VERSION "-"
| #define CURL_OS "x86_64-pc-linux-gnu"
| #define HAVE_DLFCN_H 1
| #define LT_OBJDIR ".libs/"
| #define HAVE_LDAP_SSL 1
| #define HAVE_SYS_TYPES_H 1
| #define HAVE_CLOCK_GETTIME_MONOTONIC 1
| #define HAVE_SYS_TYPES_H 1
| #define HAVE_CLOCK_GETTIME_MONOTONIC_RAW 1
| #define USE_IPV6 1
| #define HAVE_SOCKADDR_IN6_SIN6_SCOPE_ID 1
| #define HAVE_WRITABLE_ARGV 1
| #define HAVE_LIBSSL 1
| #define HAVE_OPENSSL_RSA_H 1
| #define USE_OPENSSL 1
| #define HAVE_OPENSSL_CRYPTO_H 1
| #define USE_OPENSSL 1
| #define HAVE_OPENSSL_PEM_H 1
| #define USE_OPENSSL 1
| #define HAVE_OPENSSL_SSL_H 1
| #define USE_OPENSSL 1
| #define HAVE_OPENSSL_ERR_H 1
| #define USE_OPENSSL 1
| #define HAVE_SSL_SET_QUIC_TLS_CBS 1
| #define HAVE_DES_ECB_ENCRYPT 1
| #define CURL_CA_BUNDLE "/etc/ssl/certs/ca-certificates.crt"
| #define CURL_CA_PATH "/etc/ssl/certs"
| #define CURL_DISABLE_LDAP 1
| #define CURL_DISABLE_LDAPS 1
| #define HAVE_SYS_TYPES_H 1
| #define HAVE_SYS_SELECT_H 1
| #define HAVE_SYS_IOCTL_H 1
| #define HAVE_UNISTD_H 1
| #define HAVE_ARPA_INET_H 1
| #define HAVE_NET_IF_H 1
| #define HAVE_NETINET_IN_H 1
| #define HAVE_SYS_UN_H 1
| #define HAVE_LINUX_TCP_H 1
| #define HAVE_NETINET_TCP_H 1
| #define HAVE_NETINET_UDP_H 1
| #define HAVE_NETINET_IP_H 1
| #define HAVE_NETDB_H 1
| #define HAVE_SYS_PARAM_H 1
| #define HAVE_TERMIOS_H 1
| #define HAVE_TERMIO_H 1
| #define HAVE_FCNTL_H 1
| #define HAVE_PWD_H 1
| #define HAVE_UTIME_H 1
| #define HAVE_SYS_POLL_H 1
| #define HAVE_POLL_H 1
| #define HAVE_SYS_RESOURCE_H 1
| #define HAVE_LIBGEN_H 1
| #define HAVE_LOCALE_H 1
| #define HAVE_STDBOOL_H 1
| #define HAVE_SYS_EVENTFD_H 1
| #define HAVE_SYS_TYPES_H 1
| #define HAVE_STRUCT_TIMEVAL 1
| #define SIZEOF_SIZE_T 8
| #define SIZEOF_LONG 8
| #define SIZEOF_INT 4
| #define SIZEOF_TIME_T 8
| #define SIZEOF_OFF_T 8
| #define SIZEOF_CURL_OFF_T 8
| #define SIZEOF_CURL_SOCKET_T 4
| #define HAVE_BOOL_T 1
| #define HAVE_SA_FAMILY_T 1
| #define HAVE_SUSECONDS_T 1
| #define HAVE_STRUCT_SOCKADDR_STORAGE 1
| #define HAVE_SYS_TYPES_H 1
| #define HAVE_RECV 1
| #define HAVE_SYS_TYPES_H 1
| #define HAVE_SEND 1
| #define HAVE_SYS_TYPES_H 1
| #define HAVE_UNISTD_H 1
| #define HAVE_ALARM 1
| #define HAVE_SYS_TYPES_H 1
| #define HAVE_STRINGS_H 1
| #define HAVE_SYS_TYPES_H 1
| #define HAVE_LIBGEN_H 1
| #define HAVE_BASENAME 1
| #define HAVE_SYS_TYPES_H 1
| #define HAVE_SYS_TYPES_H 1
| #define HAVE_UNISTD_H 1
| #define HAVE_FCNTL_H 1
| #define HAVE_FCNTL 1
| #define HAVE_FCNTL_O_NONBLOCK 1
| #define HAVE_SYS_TYPES_H 1
| #define HAVE_NETDB_H 1
| #define HAVE_FREEADDRINFO 1
| #define HAVE_SYS_TYPES_H 1
| #define HAVE_SYS_XATTR_H 1
| #define HAVE_FSETXATTR 1
| #define HAVE_FSETXATTR_5 1
| #define HAVE_SYS_TYPES_H 1
| #define HAVE_GETADDRINFO 1
| #define HAVE_GETADDRINFO_THREADSAFE 1
| #define HAVE_GETHOSTBYNAME_R 1
| #define HAVE_GETHOSTBYNAME_R_6 1
| #define GETHOSTNAME_TYPE_ARG2 size_t
| #define HAVE_GETHOSTNAME 1
| #define HAVE_SYS_TYPES_H 1
| #define HAVE_NETINET_IN_H 1
| #define HAVE_IFADDRS_H 1
| #define HAVE_GETIFADDRS 1
| #define HAVE_GETPEERNAME 1
| #define HAVE_GETSOCKNAME 1
| #define HAVE_SYS_TYPES_H 1
| #define HAVE_GMTIME_R 1
| #define HAVE_SYS_TYPES_H 1
| #define HAVE_UNISTD_H 1
| #define HAVE_SYS_IOCTL_H 1
| #define HAVE_IOCTL_FIONBIO 1
| #define HAVE_IOCTL_SIOCGIFADDR 1
| #define HAVE_LOCALTIME_R 1
| #define HAVE_MEMRCHR 1
| #define HAVE_SYS_TYPES_H 1
| #define HAVE_SIGACTION 1
| #define HAVE_SIGINTERRUPT 1
| #define HAVE_SIGNAL 1
| #define HAVE_SYS_TYPES_H 1
| #define HAVE_SIGSETJMP 1
| #define HAVE_SOCKET 1
| #define HAVE_SOCKETPAIR 1
| #define HAVE_STRERROR_R 1
| #define HAVE_GLIBC_STRERROR_R 1
| #define HAVE_ACCEPT4 1
| #define HAVE_EVENTFD 1
| #define HAVE_FNMATCH 1
| #define HAVE_GETEUID 1
| #define HAVE_GETPPID 1
| #define HAVE_GETPWUID 1
| #define HAVE_GETPWUID_R 1
| #define HAVE_GETRLIMIT 1
| #define HAVE_PIPE 1
| #define HAVE_POLL 1
| #define HAVE_SENDMMSG 1
| #define HAVE_SENDMSG 1
| #define HAVE_SETLOCALE 1
| #define HAVE_SETRLIMIT 1
| #define HAVE_UTIME 1
| #define HAVE_UTIMES 1
| #define HAVE_PIPE2 1
| #define HAVE_GETTIMEOFDAY 1
| #define HAVE_IF_NAMETOINDEX 1
| #define HAVE_REALPATH 1
| #define HAVE_SCHED_YIELD 1
| #define HAVE_STRCASECMP 1
| /* end confdefs.h.  */
| 
| 
| #define stricmp innocuous_stricmp
| #ifdef __STDC__
| #  include <limits.h>
| #else
| #  include <assert.h>
| #endif
| #undef stricmp
| #ifdef __cplusplus
| extern "C"
| #endif
| char stricmp ();
| #if defined __stub_stricmp || defined __stub___stricmp
| #error force compilation error
| #endif
| 
| int main(void)
| {
| return stricmp ();
|   return 0;
| }
| 
configure:46909: result: no
configure:46995: checking if stricmp might be used
configure:47008: result: no
configure:47022: checking if memset_s can be linked
configure:47050: gcc -o conftest -Werror-implicit-function-declaration -O2 -Wno-system-headers -I/home/alex/dev/OmniAmp/1.0.3/modules/http-deps/include -D_GNU_SOURCE -I/home/alex/dev/OmniAmp/1.0.3/modules/http-deps/include -L/home/alex/dev/OmniAmp/1.0.3/modules/http-deps/lib -L/home/alex/dev/OmniAmp/1.0.3/modules/http-deps/lib conftest.c -lssl -lcrypto  >&5
/usr/bin/ld: /tmp/ccnyDRVy.o: in function `main':
conftest.c:(.text.startup+0xb): undefined reference to `memset_s'
collect2: error: ld returned 1 exit status
configure:47050: $? = 1
configure: failed program was:
| /* confdefs.h */
| #define PACKAGE_NAME "curl"
| #define PACKAGE_TARNAME "curl"
| #define PACKAGE_VERSION "-"
| #define PACKAGE_STRING "curl -"
| #define PACKAGE_BUGREPORT "a suitable curl mailing list: https://curl.se/mail/"
| #define PACKAGE_URL ""
| #define HAVE_STDIO_H 1
| #define HAVE_STDLIB_H 1
| #define HAVE_STRING_H 1
| #define HAVE_INTTYPES_H 1
| #define HAVE_STDINT_H 1
| #define HAVE_STRINGS_H 1
| #define HAVE_SYS_STAT_H 1
| #define HAVE_SYS_TYPES_H 1
| #define HAVE_UNISTD_H 1
| #define STDC_HEADERS 1
| #define HAVE_STDATOMIC_H 1
| #define HAVE_ATOMIC 1
| #define PACKAGE "curl"
| #define VERSION "-"
| #define CURL_OS "x86_64-pc-linux-gnu"
| #define HAVE_DLFCN_H 1
| #define LT_OBJDIR ".libs/"
| #define HAVE_LDAP_SSL 1
| #define HAVE_SYS_TYPES_H 1
| #define HAVE_CLOCK_GETTIME_MONOTONIC 1
| #define HAVE_SYS_TYPES_H 1
| #define HAVE_CLOCK_GETTIME_MONOTONIC_RAW 1
| #define USE_IPV6 1
| #define HAVE_SOCKADDR_IN6_SIN6_SCOPE_ID 1
| #define HAVE_WRITABLE_ARGV 1
| #define HAVE_LIBSSL 1
| #define HAVE_OPENSSL_RSA_H 1
| #define USE_OPENSSL 1
| #define HAVE_OPENSSL_CRYPTO_H 1
| #define USE_OPENSSL 1
| #define HAVE_OPENSSL_PEM_H 1
| #define USE_OPENSSL 1
| #define HAVE_OPENSSL_SSL_H 1
| #define USE_OPENSSL 1
| #define HAVE_OPENSSL_ERR_H 1
| #define USE_OPENSSL 1
| #define HAVE_SSL_SET_QUIC_TLS_CBS 1
| #define HAVE_DES_ECB_ENCRYPT 1
| #define CURL_CA_BUNDLE "/etc/ssl/certs/ca-certificates.crt"
| #define CURL_CA_PATH "/etc/ssl/certs"
| #define CURL_DISABLE_LDAP 1
| #define CURL_DISABLE_LDAPS 1
| #define HAVE_SYS_TYPES_H 1
| #define HAVE_SYS_SELECT_H 1
| #define HAVE_SYS_IOCTL_H 1
| #define HAVE_UNISTD_H 1
| #define HAVE_ARPA_INET_H 1
| #define HAVE_NET_IF_H 1
| #define HAVE_NETINET_IN_H 1
| #define HAVE_SYS_UN_H 1
| #define HAVE_LINUX_TCP_H 1
| #define HAVE_NETINET_TCP_H 1
| #define HAVE_NETINET_UDP_H 1
| #define HAVE_NETINET_IP_H 1
| #define HAVE_NETDB_H 1
| #define HAVE_SYS_PARAM_H 1
| #define HAVE_TERMIOS_H 1
| #define HAVE_TERMIO_H 1
| #define HAVE_FCNTL_H 1
| #define HAVE_PWD_H 1
| #define HAVE_UTIME_H 1
| #define HAVE_SYS_POLL_H 1
| #define HAVE_POLL_H 1
| #define HAVE_SYS_RESOURCE_H 1
| #define HAVE_LIBGEN_H 1
| #define HAVE_LOCALE_H 1
| #define HAVE_STDBOOL_H 1
| #define HAVE_SYS_EVENTFD_H 1
| #define HAVE_SYS_TYPES_H 1
| #define HAVE_STRUCT_TIMEVAL 1
| #define SIZEOF_SIZE_T 8
| #define SIZEOF_LONG 8
| #define SIZEOF_INT 4
| #define SIZEOF_TIME_T 8
| #define SIZEOF_OFF_T 8
| #define SIZEOF_CURL_OFF_T 8
| #define SIZEOF_CURL_SOCKET_T 4
| #define HAVE_BOOL_T 1
| #define HAVE_SA_FAMILY_T 1
| #define HAVE_SUSECONDS_T 1
| #define HAVE_STRUCT_SOCKADDR_STORAGE 1
| #define HAVE_SYS_TYPES_H 1
| #define HAVE_RECV 1
| #define HAVE_SYS_TYPES_H 1
| #define HAVE_SEND 1
| #define HAVE_SYS_TYPES_H 1
| #define HAVE_UNISTD_H 1
| #define HAVE_ALARM 1
| #define HAVE_SYS_TYPES_H 1
| #define HAVE_STRINGS_H 1
| #define HAVE_SYS_TYPES_H 1
| #define HAVE_LIBGEN_H 1
| #define HAVE_BASENAME 1
| #define HAVE_SYS_TYPES_H 1
| #define HAVE_SYS_TYPES_H 1
| #define HAVE_UNISTD_H 1
| #define HAVE_FCNTL_H 1
| #define HAVE_FCNTL 1
| #define HAVE_FCNTL_O_NONBLOCK 1
| #define HAVE_SYS_TYPES_H 1
| #define HAVE_NETDB_H 1
| #define HAVE_FREEADDRINFO 1
| #define HAVE_SYS_TYPES_H 1
| #define HAVE_SYS_XATTR_H 1
| #define HAVE_FSETXATTR 1
| #define HAVE_FSETXATTR_5 1
| #define HAVE_SYS_TYPES_H 1
| #define HAVE_GETADDRINFO 1
| #define HAVE_GETADDRINFO_THREADSAFE 1
| #define HAVE_GETHOSTBYNAME_R 1
| #define HAVE_GETHOSTBYNAME_R_6 1
| #define GETHOSTNAME_TYPE_ARG2 size_t
| #define HAVE_GETHOSTNAME 1
| #define HAVE_SYS_TYPES_H 1
| #define HAVE_NETINET_IN_H 1
| #define HAVE_IFADDRS_H 1
| #define HAVE_GETIFADDRS 1
| #define HAVE_GETPEERNAME 1
| #define HAVE_GETSOCKNAME 1
| #define HAVE_SYS_TYPES_H 1
| #define HAVE_GMTIME_R 1
| #define HAVE_SYS_TYPES_H 1
| #define HAVE_UNISTD_H 1
| #define HAVE_SYS_IOCTL_H 1
| #define HAVE_IOCTL_FIONBIO 1
| #define HAVE_IOCTL_SIOCGIFADDR 1
| #define HAVE_LOCALTIME_R 1
| #define HAVE_MEMRCHR 1
| #define HAVE_SYS_TYPES_H 1
| #define HAVE_SIGACTION 1
| #define HAVE_SIGINTERRUPT 1
| #define HAVE_SIGNAL 1
| #define HAVE_SYS_TYPES_H 1
| #define HAVE_SIGSETJMP 1
| #define HAVE_SOCKET 1
| #define HAVE_SOCKETPAIR 1
| #define HAVE_STRERROR_R 1
| #define HAVE_GLIBC_STRERROR_R 1
| #define HAVE_ACCEPT4 1
| #define HAVE_EVENTFD 1
| #define HAVE_FNMATCH 1
| #define HAVE_GETEUID 1
| #define HAVE_GETPPID 1
| #define HAVE_GETPWUID 1
| #define HAVE_GETPWUID_R 1
| #define HAVE_GETRLIMIT 1
| #define HAVE_PIPE 1
| #define HAVE_POLL 1
| #define HAVE_SENDMMSG 1
| #define HAVE_SENDMSG 1
| #define HAVE_SETLOCALE 1
| #define HAVE_SETRLIMIT 1
| #define HAVE_UTIME 1
| #define HAVE_UTIMES 1
| #define HAVE_PIPE2 1
| #define HAVE_GETTIMEOFDAY 1
| #define HAVE_IF_NAMETOINDEX 1
| #define HAVE_REALPATH 1
| #define HAVE_SCHED_YIELD 1
| #define HAVE_STRCASECMP 1
| /* end confdefs.h.  */
| 
| 
| #define memset_s innocuous_memset_s
| #ifdef __STDC__
| #  include <limits.h>
| #else
| #  include <assert.h>
| #endif
| #undef memset_s
| #ifdef __cplusplus
| extern "C"
| #endif
| char memset_s ();
| #if defined __stub_memset_s || defined __stub___memset_s
| #error force compilation error
| #endif
| 
| int main(void)
| {
| return memset_s ();
|   return 0;
| }
| 
configure:47059: result: no
configure:47146: checking if memset_s might be used
configure:47159: result: no
configure:47165: checking for memset_explicit
configure:47165: gcc -o conftest -Werror-implicit-function-declaration -O2 -Wno-system-headers -I/home/alex/dev/OmniAmp/1.0.3/modules/http-deps/include -D_GNU_SOURCE -I/home/alex/dev/OmniAmp/1.0.3/modules/http-deps/include -L/home/alex/dev/OmniAmp/1.0.3/modules/http-deps/lib -L/home/alex/dev/OmniAmp/1.0.3/modules/http-deps/lib conftest.c -lssl -lcrypto  >&5
/usr/bin/ld: /tmp/ccTMjqwb.o: in function `main':
conftest.c:(.text.startup+0xb): undefined reference to `memset_explicit'
collect2: error: ld returned 1 exit status
configure:47165: $? = 1
configure: failed program was:
| /* confdefs.h */
| #define PACKAGE_NAME "curl"
| #define PACKAGE_TARNAME "curl"
| #define PACKAGE_VERSION "-"
| #define PACKAGE_STRING "curl -"
| #define PACKAGE_BUGREPORT "a suitable curl mailing list: https://curl.se/mail/"
| #define PACKAGE_URL ""
| #define HAVE_STDIO_H 1
| #define HAVE_STDLIB_H 1
| #define HAVE_STRING_H 1
| #define HAVE_INTTYPES_H 1
| #define HAVE_STDINT_H 1
| #define HAVE_STRINGS_H 1
| #define HAVE_SYS_STAT_H 1
| #define HAVE_SYS_TYPES_H 1
| #define HAVE_UNISTD_H 1
| #define STDC_HEADERS 1
| #define HAVE_STDATOMIC_H 1
| #define HAVE_ATOMIC 1
| #define PACKAGE "curl"
| #define VERSION "-"
| #define CURL_OS "x86_64-pc-linux-gnu"
| #define HAVE_DLFCN_H 1
| #define LT_OBJDIR ".libs/"
| #define HAVE_LDAP_SSL 1
| #define HAVE_SYS_TYPES_H 1
| #define HAVE_CLOCK_GETTIME_MONOTONIC 1
| #define HAVE_SYS_TYPES_H 1
| #define HAVE_CLOCK_GETTIME_MONOTONIC_RAW 1
| #define USE_IPV6 1
| #define HAVE_SOCKADDR_IN6_SIN6_SCOPE_ID 1
| #define HAVE_WRITABLE_ARGV 1
| #define HAVE_LIBSSL 1
| #define HAVE_OPENSSL_RSA_H 1
| #define USE_OPENSSL 1
| #define HAVE_OPENSSL_CRYPTO_H 1
| #define USE_OPENSSL 1
| #define HAVE_OPENSSL_PEM_H 1
| #define USE_OPENSSL 1
| #define HAVE_OPENSSL_SSL_H 1
| #define USE_OPENSSL 1
| #define HAVE_OPENSSL_ERR_H 1
| #define USE_OPENSSL 1
| #define HAVE_SSL_SET_QUIC_TLS_CBS 1
| #define HAVE_DES_ECB_ENCRYPT 1
| #define CURL_CA_BUNDLE "/etc/ssl/certs/ca-certificates.crt"
| #define CURL_CA_PATH "/etc/ssl/certs"
| #define CURL_DISABLE_LDAP 1
| #define CURL_DISABLE_LDAPS 1
| #define HAVE_SYS_TYPES_H 1
| #define HAVE_SYS_SELECT_H 1
| #define HAVE_SYS_IOCTL_H 1
| #define HAVE_UNISTD_H 1
| #define HAVE_ARPA_INET_H 1
| #define HAVE_NET_IF_H 1
| #define HAVE_NETINET_IN_H 1
| #define HAVE_SYS_UN_H 1
| #define HAVE_LINUX_TCP_H 1
| #define HAVE_NETINET_TCP_H 1
| #define HAVE_NETINET_UDP_H 1
| #define HAVE_NETINET_IP_H 1
| #define HAVE_NETDB_H 1
| #define HAVE_SYS_PARAM_H 1
| #define HAVE_TERMIOS_H 1
| #define HAVE_TERMIO_H 1
| #define HAVE_FCNTL_H 1
| #define HAVE_PWD_H 1
| #define HAVE_UTIME_H 1
| #define HAVE_SYS_POLL_H 1
| #define HAVE_POLL_H 1
| #define HAVE_SYS_RESOURCE_H 1
| #define HAVE_LIBGEN_H 1
| #define HAVE_LOCALE_H 1
| #define HAVE_STDBOOL_H 1
| #define HAVE_SYS_EVENTFD_H 1
| #define HAVE_SYS_TYPES_H 1
| #define HAVE_STRUCT_TIMEVAL 1
| #define SIZEOF_SIZE_T 8
| #define SIZEOF_LONG 8
| #define SIZEOF_INT 4
| #define SIZEOF_TIME_T 8
| #define SIZEOF_OFF_T 8
| #define SIZEOF_CURL_OFF_T 8
| #define SIZEOF_CURL_SOCKET_T 4
| #define HAVE_BOOL_T 1
| #define HAVE_SA_FAMILY_T 1
| #define HAVE_SUSECONDS_T 1
| #define HAVE_STRUCT_SOCKADDR_STORAGE 1
| #define HAVE_SYS_TYPES_H 1
| #define HAVE_RECV 1
| #define HAVE_SYS_TYPES_H 1
| #define HAVE_SEND 1
| #define HAVE_SYS_TYPES_H 1
| #define HAVE_UNISTD_H 1
| #define HAVE_ALARM 1
| #define HAVE_SYS_TYPES_H 1
| #define HAVE_STRINGS_H 1
| #define HAVE_SYS_TYPES_H 1
| #define HAVE_LIBGEN_H 1
| #define HAVE_BASENAME 1
| #define HAVE_SYS_TYPES_H 1
| #define HAVE_SYS_TYPES_H 1
| #define HAVE_UNISTD_H 1
| #define HAVE_FCNTL_H 1
| #define HAVE_FCNTL 1
| #define HAVE_FCNTL_O_NONBLOCK 1
| #define HAVE_SYS_TYPES_H 1
| #define HAVE_NETDB_H 1
| #define HAVE_FREEADDRINFO 1
| #define HAVE_SYS_TYPES_H 1
| #define HAVE_SYS_XATTR_H 1
| #define HAVE_FSETXATTR 1
| #define HAVE_FSETXATTR_5 1
| #define HAVE_SYS_TYPES_H 1
| #define HAVE_GETADDRINFO 1
| #define HAVE_GETADDRINFO_THREADSAFE 1
| #define HAVE_GETHOSTBYNAME_R 1
| #define HAVE_GETHOSTBYNAME_R_6 1
| #define GETHOSTNAME_TYPE_ARG2 size_t
| #define HAVE_GETHOSTNAME 1
| #define HAVE_SYS_TYPES_H 1
| #define HAVE_NETINET_IN_H 1
| #define HAVE_IFADDRS_H 1
| #define HAVE_GETIFADDRS 1
| #define HAVE_GETPEERNAME 1
| #define HAVE_GETSOCKNAME 1
| #define HAVE_SYS_TYPES_H 1
| #define HAVE_GMTIME_R 1
| #define HAVE_SYS_TYPES_H 1
| #define HAVE_UNISTD_H 1
| #define HAVE_SYS_IOCTL_H 1
| #define HAVE_IOCTL_FIONBIO 1
| #define HAVE_IOCTL_SIOCGIFADDR 1
| #define HAVE_LOCALTIME_R 1
| #define HAVE_MEMRCHR 1
| #define HAVE_SYS_TYPES_H 1
| #define HAVE_SIGACTION 1
| #define HAVE_SIGINTERRUPT 1
| #define HAVE_SIGNAL 1
| #define HAVE_SYS_TYPES_H 1
| #define HAVE_SIGSETJMP 1
| #define HAVE_SOCKET 1
| #define HAVE_SOCKETPAIR 1
| #define HAVE_STRERROR_R 1
| #define HAVE_GLIBC_STRERROR_R 1
| #define HAVE_ACCEPT4 1
| #define HAVE_EVENTFD 1
| #define HAVE_FNMATCH 1
| #define HAVE_GETEUID 1
| #define HAVE_GETPPID 1
| #define HAVE_GETPWUID 1
| #define HAVE_GETPWUID_R 1
| #define HAVE_GETRLIMIT 1
| #define HAVE_PIPE 1
| #define HAVE_POLL 1
| #define HAVE_SENDMMSG 1
| #define HAVE_SENDMSG 1
| #define HAVE_SETLOCALE 1
| #define HAVE_SETRLIMIT 1
| #define HAVE_UTIME 1
| #define HAVE_UTIMES 1
| #define HAVE_PIPE2 1
| #define HAVE_GETTIMEOFDAY 1
| #define HAVE_IF_NAMETOINDEX 1
| #define HAVE_REALPATH 1
| #define HAVE_SCHED_YIELD 1
| #define HAVE_STRCASECMP 1
| /* end confdefs.h.  */
| 
| #define memset_explicit innocuous_memset_explicit
| #ifdef __STDC__
| #  include <limits.h>
| #else
| #  include <assert.h>
| #endif
| #undef memset_explicit
| #ifdef __cplusplus
| extern "C"
| #endif
| char memset_explicit ();
| #if defined __stub_memset_explicit || defined __stub___memset_explicit
| #error force compilation error
| #endif
| 
| int main(void)
| {
| return memset_explicit ();
|   return 0;
| }
configure:47165: result: no
configure:47186: checking for fseeko
configure:47186: gcc -o conftest -Werror-implicit-function-declaration -O2 -Wno-system-headers -I/home/alex/dev/OmniAmp/1.0.3/modules/http-deps/include -D_GNU_SOURCE -I/home/alex/dev/OmniAmp/1.0.3/modules/http-deps/include -L/home/alex/dev/OmniAmp/1.0.3/modules/http-deps/lib -L/home/alex/dev/OmniAmp/1.0.3/modules/http-deps/lib conftest.c -lssl -lcrypto  >&5
configure:47186: $? = 0
configure:47186: result: yes
configure:47194: checking for gcc options needed to detect all undeclared functions
configure:47214: gcc -c -Werror-implicit-function-declaration -O2 -Wno-system-headers  -I/home/alex/dev/OmniAmp/1.0.3/modules/http-deps/include -D_GNU_SOURCE -I/home/alex/dev/OmniAmp/1.0.3/modules/http-deps/include conftest.c >&5
conftest.c: In function 'main':
conftest.c:173:8: error: 'strchr' undeclared (first use in this function)
  173 | (void) strchr;
      |        ^~~~~~
conftest.c:1:1: note: 'strchr' is defined in header '<string.h>'; did you forget to '#include <string.h>'?
    1 | /* confdefs.h */
conftest.c:173:8: note: each undeclared identifier is reported only once for each function it appears in
  173 | (void) strchr;
      |        ^~~~~~
configure:47214: $? = 1
configure: failed program was:
| /* confdefs.h */
| #define PACKAGE_NAME "curl"
| #define PACKAGE_TARNAME "curl"
| #define PACKAGE_VERSION "-"
| #define PACKAGE_STRING "curl -"
| #define PACKAGE_BUGREPORT "a suitable curl mailing list: https://curl.se/mail/"
| #define PACKAGE_URL ""
| #define HAVE_STDIO_H 1
| #define HAVE_STDLIB_H 1
| #define HAVE_STRING_H 1
| #define HAVE_INTTYPES_H 1
| #define HAVE_STDINT_H 1
| #define HAVE_STRINGS_H 1
| #define HAVE_SYS_STAT_H 1
| #define HAVE_SYS_TYPES_H 1
| #define HAVE_UNISTD_H 1
| #define STDC_HEADERS 1
| #define HAVE_STDATOMIC_H 1
| #define HAVE_ATOMIC 1
| #define PACKAGE "curl"
| #define VERSION "-"
| #define CURL_OS "x86_64-pc-linux-gnu"
| #define HAVE_DLFCN_H 1
| #define LT_OBJDIR ".libs/"
| #define HAVE_LDAP_SSL 1
| #define HAVE_SYS_TYPES_H 1
| #define HAVE_CLOCK_GETTIME_MONOTONIC 1
| #define HAVE_SYS_TYPES_H 1
| #define HAVE_CLOCK_GETTIME_MONOTONIC_RAW 1
| #define USE_IPV6 1
| #define HAVE_SOCKADDR_IN6_SIN6_SCOPE_ID 1
| #define HAVE_WRITABLE_ARGV 1
| #define HAVE_LIBSSL 1
| #define HAVE_OPENSSL_RSA_H 1
| #define USE_OPENSSL 1
| #define HAVE_OPENSSL_CRYPTO_H 1
| #define USE_OPENSSL 1
| #define HAVE_OPENSSL_PEM_H 1
| #define USE_OPENSSL 1
| #define HAVE_OPENSSL_SSL_H 1
| #define USE_OPENSSL 1
| #define HAVE_OPENSSL_ERR_H 1
| #define USE_OPENSSL 1
| #define HAVE_SSL_SET_QUIC_TLS_CBS 1
| #define HAVE_DES_ECB_ENCRYPT 1
| #define CURL_CA_BUNDLE "/etc/ssl/certs/ca-certificates.crt"
| #define CURL_CA_PATH "/etc/ssl/certs"
| #define CURL_DISABLE_LDAP 1
| #define CURL_DISABLE_LDAPS 1
| #define HAVE_SYS_TYPES_H 1
| #define HAVE_SYS_SELECT_H 1
| #define HAVE_SYS_IOCTL_H 1
| #define HAVE_UNISTD_H 1
| #define HAVE_ARPA_INET_H 1
| #define HAVE_NET_IF_H 1
| #define HAVE_NETINET_IN_H 1
| #define HAVE_SYS_UN_H 1
| #define HAVE_LINUX_TCP_H 1
| #define HAVE_NETINET_TCP_H 1
| #define HAVE_NETINET_UDP_H 1
| #define HAVE_NETINET_IP_H 1
| #define HAVE_NETDB_H 1
| #define HAVE_SYS_PARAM_H 1
| #define HAVE_TERMIOS_H 1
| #define HAVE_TERMIO_H 1
| #define HAVE_FCNTL_H 1
| #define HAVE_PWD_H 1
| #define HAVE_UTIME_H 1
| #define HAVE_SYS_POLL_H 1
| #define HAVE_POLL_H 1
| #define HAVE_SYS_RESOURCE_H 1
| #define HAVE_LIBGEN_H 1
| #define HAVE_LOCALE_H 1
| #define HAVE_STDBOOL_H 1
| #define HAVE_SYS_EVENTFD_H 1
| #define HAVE_SYS_TYPES_H 1
| #define HAVE_STRUCT_TIMEVAL 1
| #define SIZEOF_SIZE_T 8
| #define SIZEOF_LONG 8
| #define SIZEOF_INT 4
| #define SIZEOF_TIME_T 8
| #define SIZEOF_OFF_T 8
| #define SIZEOF_CURL_OFF_T 8
| #define SIZEOF_CURL_SOCKET_T 4
| #define HAVE_BOOL_T 1
| #define HAVE_SA_FAMILY_T 1
| #define HAVE_SUSECONDS_T 1
| #define HAVE_STRUCT_SOCKADDR_STORAGE 1
| #define HAVE_SYS_TYPES_H 1
| #define HAVE_RECV 1
| #define HAVE_SYS_TYPES_H 1
| #define HAVE_SEND 1
| #define HAVE_SYS_TYPES_H 1
| #define HAVE_UNISTD_H 1
| #define HAVE_ALARM 1
| #define HAVE_SYS_TYPES_H 1
| #define HAVE_STRINGS_H 1
| #define HAVE_SYS_TYPES_H 1
| #define HAVE_LIBGEN_H 1
| #define HAVE_BASENAME 1
| #define HAVE_SYS_TYPES_H 1
| #define HAVE_SYS_TYPES_H 1
| #define HAVE_UNISTD_H 1
| #define HAVE_FCNTL_H 1
| #define HAVE_FCNTL 1
| #define HAVE_FCNTL_O_NONBLOCK 1
| #define HAVE_SYS_TYPES_H 1
| #define HAVE_NETDB_H 1
| #define HAVE_FREEADDRINFO 1
| #define HAVE_SYS_TYPES_H 1
| #define HAVE_SYS_XATTR_H 1
| #define HAVE_FSETXATTR 1
| #define HAVE_FSETXATTR_5 1
| #define HAVE_SYS_TYPES_H 1
| #define HAVE_GETADDRINFO 1
| #define HAVE_GETADDRINFO_THREADSAFE 1
| #define HAVE_GETHOSTBYNAME_R 1
| #define HAVE_GETHOSTBYNAME_R_6 1
| #define GETHOSTNAME_TYPE_ARG2 size_t
| #define HAVE_GETHOSTNAME 1
| #define HAVE_SYS_TYPES_H 1
| #define HAVE_NETINET_IN_H 1
| #define HAVE_IFADDRS_H 1
| #define HAVE_GETIFADDRS 1
| #define HAVE_GETPEERNAME 1
| #define HAVE_GETSOCKNAME 1
| #define HAVE_SYS_TYPES_H 1
| #define HAVE_GMTIME_R 1
| #define HAVE_SYS_TYPES_H 1
| #define HAVE_UNISTD_H 1
| #define HAVE_SYS_IOCTL_H 1
| #define HAVE_IOCTL_FIONBIO 1
| #define HAVE_IOCTL_SIOCGIFADDR 1
| #define HAVE_LOCALTIME_R 1
| #define HAVE_MEMRCHR 1
| #define HAVE_SYS_TYPES_H 1
| #define HAVE_SIGACTION 1
| #define HAVE_SIGINTERRUPT 1
| #define HAVE_SIGNAL 1
| #define HAVE_SYS_TYPES_H 1
| #define HAVE_SIGSETJMP 1
| #define HAVE_SOCKET 1
| #define HAVE_SOCKETPAIR 1
| #define HAVE_STRERROR_R 1
| #define HAVE_GLIBC_STRERROR_R 1
| #define HAVE_ACCEPT4 1
| #define HAVE_EVENTFD 1
| #define HAVE_FNMATCH 1
| #define HAVE_GETEUID 1
| #define HAVE_GETPPID 1
| #define HAVE_GETPWUID 1
| #define HAVE_GETPWUID_R 1
| #define HAVE_GETRLIMIT 1
| #define HAVE_PIPE 1
| #define HAVE_POLL 1
| #define HAVE_SENDMMSG 1
| #define HAVE_SENDMSG 1
| #define HAVE_SETLOCALE 1
| #define HAVE_SETRLIMIT 1
| #define HAVE_UTIME 1
| #define HAVE_UTIMES 1
| #define HAVE_PIPE2 1
| #define HAVE_GETTIMEOFDAY 1
| #define HAVE_IF_NAMETOINDEX 1
| #define HAVE_REALPATH 1
| #define HAVE_SCHED_YIELD 1
| #define HAVE_STRCASECMP 1
| #define HAVE_FSEEKO 1
| /* end confdefs.h.  */
| 
| int main(void)
| {
| (void) strchr;
|   return 0;
| }
configure:47239: gcc -c -Werror-implicit-function-declaration -O2 -Wno-system-headers  -I/home/alex/dev/OmniAmp/1.0.3/modules/http-deps/include -D_GNU_SOURCE -I/home/alex/dev/OmniAmp/1.0.3/modules/http-deps/include conftest.c >&5
configure:47239: $? = 0
configure:47256: result: none needed
configure:47270: checking whether fseeko is declared
configure:47270: gcc -c -Werror-implicit-function-declaration -O2 -Wno-system-headers  -I/home/alex/dev/OmniAmp/1.0.3/modules/http-deps/include -D_GNU_SOURCE -I/home/alex/dev/OmniAmp/1.0.3/modules/http-deps/include conftest.c >&5
configure:47270: $? = 0
configure:47270: result: yes
configure:47287: checking how to set a socket into non-blocking mode
configure:47300: result: fcntl O_NONBLOCK
configure:47912: checking whether to enable the threaded resolver
configure:47943: result: yes
configure:47996: checking for pthread.h
configure:47996: gcc -c -Werror-implicit-function-declaration -O2 -Wno-system-headers -I/home/alex/dev/OmniAmp/1.0.3/modules/http-deps/include -D_GNU_SOURCE -I/home/alex/dev/OmniAmp/1.0.3/modules/http-deps/include conftest.c >&5
configure:47996: $? = 0
configure:47996: result: yes
configure:48004: checking for pthread_create
configure:48004: gcc -o conftest -Werror-implicit-function-declaration -O2 -Wno-system-headers -I/home/alex/dev/OmniAmp/1.0.3/modules/http-deps/include -D_GNU_SOURCE -I/home/alex/dev/OmniAmp/1.0.3/modules/http-deps/include -L/home/alex/dev/OmniAmp/1.0.3/modules/http-deps/lib -L/home/alex/dev/OmniAmp/1.0.3/modules/http-deps/lib conftest.c  >&5
configure:48004: $? = 0
configure:48004: result: yes
configure:48116: checking for dirent.h
configure:48116: gcc -c -Werror-implicit-function-declaration -O2 -Wno-system-headers -I/home/alex/dev/OmniAmp/1.0.3/modules/http-deps/include -D_GNU_SOURCE -I/home/alex/dev/OmniAmp/1.0.3/modules/http-deps/include conftest.c >&5
configure:48116: $? = 0
configure:48116: result: yes
configure:48122: checking for opendir
configure:48122: gcc -o conftest -Werror-implicit-function-declaration -O2 -Wno-system-headers -I/home/alex/dev/OmniAmp/1.0.3/modules/http-deps/include -D_GNU_SOURCE -I/home/alex/dev/OmniAmp/1.0.3/modules/http-deps/include -L/home/alex/dev/OmniAmp/1.0.3/modules/http-deps/lib -L/home/alex/dev/OmniAmp/1.0.3/modules/http-deps/lib conftest.c -lssl -lcrypto  >&5
configure:48122: $? = 0
configure:48122: result: yes
configure:48139: checking convert -I options to -isystem
configure:48144: result: yes
configure:48182: checking whether to enable curl_easy_setopt()/curl_easy_getinfo() type checking
configure:48200: result: yes
configure:48206: checking whether to enable verbose strings
configure:48226: result: yes
configure:48233: checking whether to enable SSPI support (Windows native builds only)
configure:48270: result: no
configure:48282: checking whether to enable basic authentication method
configure:48301: result: yes
configure:48307: checking whether to enable bearer authentication method
configure:48326: result: yes
configure:48332: checking whether to enable digest authentication method
configure:48351: result: yes
configure:48357: checking whether to enable kerberos authentication method
configure:48377: result: yes
configure:48383: checking whether to enable negotiate authentication method
configure:48403: result: yes
configure:48409: checking whether to enable aws-sigv4 methods
configure:48428: result: yes
configure:48434: checking whether to enable HTTP Message Signatures (RFC 9421)
configure:48452: result: no
configure:48470: checking whether to support NTLM
configure:48490: result: no
configure:48496: checking whether to enable Unix domain sockets
configure:48515: result: auto
configure:48530: checking for struct sockaddr_un.sun_path
configure:48530: gcc -c -Werror-implicit-function-declaration -O2 -Wno-system-headers -isystem /home/alex/dev/OmniAmp/1.0.3/modules/http-deps/include -D_GNU_SOURCE -isystem /home/alex/dev/OmniAmp/1.0.3/modules/http-deps/include conftest.c >&5
configure:48530: $? = 0
configure:48530: result: yes
configure:48554: checking whether to support cookies
configure:48573: result: yes
configure:48579: checking whether to support socketpair
configure:48598: result: yes
configure:48604: checking whether to support HTTP authentication
configure:48623: result: yes
configure:48629: checking whether to support DoH
configure:48648: result: yes
configure:48654: checking whether to support the MIME API
configure:48673: result: yes
configure:48679: checking whether to support binding connections locally
configure:48698: result: yes
configure:48704: checking whether to support the form API
configure:48734: result: yes
configure:48741: checking whether to support date parsing
configure:48760: result: yes
configure:48766: checking whether to support netrc parsing
configure:48785: result: yes
configure:48791: checking whether to support progress-meter
configure:48810: result: yes
configure:48816: checking whether to support the SHA-512/256 hash algorithm
configure:48835: result: yes
configure:48841: checking whether to support DNS shuffling
configure:48860: result: yes
configure:48866: checking whether to support curl_easy_option*
configure:48885: result: yes
configure:48891: checking whether to support alt-svc
configure:48912: result: yes
configure:48918: checking whether to support headers-api
configure:48938: result: yes
configure:48945: checking whether to support HSTS
configure:48962: result: yes
configure:49039: checking whether to enable HTTPS-RR support
configure:49050: result: no
configure:49060: checking for SSL_set0_wbio
configure:49060: gcc -o conftest -Werror-implicit-function-declaration -O2 -Wno-system-headers -isystem /home/alex/dev/OmniAmp/1.0.3/modules/http-deps/include -D_GNU_SOURCE -isystem /home/alex/dev/OmniAmp/1.0.3/modules/http-deps/include -L/home/alex/dev/OmniAmp/1.0.3/modules/http-deps/lib -L/home/alex/dev/OmniAmp/1.0.3/modules/http-deps/lib conftest.c -lssl -lcrypto  >&5
configure:49060: $? = 0
configure:49060: result: yes
configure:49070: checking whether to support WebSockets
configure:49101: result: yes
configure:49160: checking whether hiding of library internal symbols does actually happen
configure:49171: result: yes
configure:49351: checking if this build supports HTTPS-proxy
configure:49361: result: yes
configure:49847: checking that generated files are newer than configure
configure:49853: result: done
configure:49984: creating ./config.status

## ---------------------- ##
## Running config.status. ##
## ---------------------- ##

This file was extended by curl config.status -, which was
generated by GNU Autoconf 2.71.  Invocation command line was

  CONFIG_FILES    = 
  CONFIG_HEADERS  = 
  CONFIG_LINKS    = 
  CONFIG_COMMANDS = 
  $ ./config.status 

on alex-linux

config.status:1409: creating Makefile
config.status:1409: creating docs/Makefile
config.status:1409: creating docs/examples/Makefile
config.status:1409: creating docs/libcurl/Makefile
config.status:1409: creating docs/libcurl/opts/Makefile
config.status:1409: creating docs/cmdline-opts/Makefile
config.status:1409: creating include/Makefile
config.status:1409: creating include/curl/Makefile
config.status:1409: creating src/Makefile
config.status:1409: creating lib/Makefile
config.status:1409: creating scripts/Makefile
config.status:1409: creating lib/libcurl.vers
config.status:1409: creating tests/Makefile
config.status:1409: creating tests/config
config.status:1409: creating tests/configurehelp.pm
config.status:1409: creating tests/certs/Makefile
config.status:1409: creating tests/data/Makefile
config.status:1409: creating tests/http/config.ini
config.status:1409: creating tests/http/Makefile
config.status:1409: creating tests/libtest/Makefile
config.status:1409: creating tests/perf/Makefile
config.status:1409: creating tests/server/Makefile
config.status:1409: creating tests/tunit/Makefile
config.status:1409: creating tests/unit/Makefile
config.status:1409: creating projects/Makefile
config.status:1409: creating projects/vms/Makefile
config.status:1409: creating curl-config
config.status:1409: creating libcurl.pc
config.status:1409: creating lib/curl_config.h
config.status:1638: executing depfiles commands
config.status:1715: cd docs/examples       && sed -e '/# am--include-marker/d' Makefile         | make -f - am--depfiles
config.status:1720: $? = 0
config.status:1715: cd src       && sed -e '/# am--include-marker/d' Makefile         | make -f - am--depfiles
config.status:1720: $? = 0
config.status:1715: cd lib       && sed -e '/# am--include-marker/d' Makefile         | make -f - am--depfiles
config.status:1720: $? = 0
config.status:1715: cd tests/libtest       && sed -e '/# am--include-marker/d' Makefile         | make -f - am--depfiles
config.status:1720: $? = 0
config.status:1715: cd tests/perf       && sed -e '/# am--include-marker/d' Makefile         | make -f - am--depfiles
config.status:1720: $? = 0
config.status:1715: cd tests/server       && sed -e '/# am--include-marker/d' Makefile         | make -f - am--depfiles
config.status:1720: $? = 0
config.status:1715: cd tests/tunit       && sed -e '/# am--include-marker/d' Makefile         | make -f - am--depfiles
config.status:1720: $? = 0
config.status:1715: cd tests/unit       && sed -e '/# am--include-marker/d' Makefile         | make -f - am--depfiles
config.status:1720: $? = 0
config.status:1638: executing libtool commands
configure:52378: Configured to build curl/libcurl:

  Host setup:       x86_64-pc-linux-gnu
  Install prefix:   /home/alex/dev/OmniAmp/1.0.3/modules/http-deps
  Compiler:         gcc
   CFLAGS:          -Werror-implicit-function-declaration -O2 -Wno-system-headers
   CFLAGS extras:   
   CPPFLAGS:        -isystem /home/alex/dev/OmniAmp/1.0.3/modules/http-deps/include -D_GNU_SOURCE -isystem /home/alex/dev/OmniAmp/1.0.3/modules/http-deps/include
   LDFLAGS:         -L/home/alex/dev/OmniAmp/1.0.3/modules/http-deps/lib -L/home/alex/dev/OmniAmp/1.0.3/modules/http-deps/lib
     curl-config:   -L/home/alex/dev/OmniAmp/1.0.3/modules/http-deps/lib -L/home/alex/dev/OmniAmp/1.0.3/modules/http-deps/lib
   LIBS:            -lssl -lcrypto

  curl version:     8.22.0
  SSL:              enabled (OpenSSL)
  SSH:              no       (--with-{libssh,libssh2})
  zlib:             no       (--with-zlib)
  brotli:           no       (--with-brotli)
  zstd:             no       (--with-zstd)
  GSS-API:          no       (--with-gssapi)
  GSASL:            no       (--with-gsasl)
  resolver:         POSIX threaded
  IPv6:             enabled
  Unix sockets:     enabled
  IDN:              no       (--with-{libidn2,winidn})
  Build docs:       enabled  (--disable-docs)
  Build libcurl:    Shared=no, Static=yes
  Built-in manual:  enabled
  --libcurl option: enabled  (--disable-libcurl-option)
  Type checking:    enabled  (--disable-typecheck)
  Verbose errors:   enabled  (--disable-verbose)
  Code coverage:    disabled
  SSPI:             no       (--enable-sspi)
  CA native:        no
  CA cert bundle:   /etc/ssl/certs/ca-certificates.crt
  CA cert path:     /etc/ssl/certs
  CA cert embed:    no
  CA fallback:      no
  LDAP:             no       (--enable-ldap / --with-ldap-lib / --with-lber-lib)
  LDAPS:            no       (--enable-ldaps)
  IPFS/IPNS:        enabled
  RTSP:             enabled
  PSL:              no       (--with-libpsl)
  Alt-svc:          enabled  (--disable-alt-svc)
  Headers API:      enabled  (--disable-headers-api)
  HSTS:             enabled  (--disable-hsts)
  HTTP1:            enabled  (internal)
  HTTP2:            no       (--with-nghttp2)
  HTTP3:            no       (--with-ngtcp2 --with-nghttp3, --with-quiche)
  proxy-HTTP3:      no      (--enable-proxy-http3)
  ECH:              no      (--enable-ech)
  HTTPS RR:         no      (--enable-httpsrr)
  SSLS-EXPORT:      no      (--enable-ssls-export)
  Protocols:        dict file ftp ftps gopher gophers http https imap imaps ipfs ipns mqtt mqtts pop3 pop3s rtsp smtp smtps telnet tftp ws wss
  Features:         alt-svc AsynchDNS HSTS HTTPS-proxy IPv6 Largefile SSL threadsafe UnixSockets


## ---------------- ##
## Cache variables. ##
## ---------------- ##

ac_cv_build=x86_64-pc-linux-gnu
ac_cv_c_compiler_gnu=yes
ac_cv_c_const=yes
ac_cv_c_undeclared_builtin_options='none needed'
ac_cv_env_CC_set=
ac_cv_env_CC_value=
ac_cv_env_CFLAGS_set=
ac_cv_env_CFLAGS_value=
ac_cv_env_CPPFLAGS_set=set
ac_cv_env_CPPFLAGS_value=-I/home/alex/dev/OmniAmp/1.0.3/modules/http-deps/include
ac_cv_env_CPP_set=
ac_cv_env_CPP_value=
ac_cv_env_LDFLAGS_set=set
ac_cv_env_LDFLAGS_value=-L/home/alex/dev/OmniAmp/1.0.3/modules/http-deps/lib
ac_cv_env_LIBS_set=
ac_cv_env_LIBS_value=
ac_cv_env_LT_SYS_LIBRARY_PATH_set=
ac_cv_env_LT_SYS_LIBRARY_PATH_value=
ac_cv_env_build_alias_set=
ac_cv_env_build_alias_value=
ac_cv_env_host_alias_set=
ac_cv_env_host_alias_value=
ac_cv_env_target_alias_set=
ac_cv_env_target_alias_value=
ac_cv_func_SSL_set0_wbio=yes
ac_cv_func_SSL_set_quic_tls_cbs=yes
ac_cv_func_SSL_set_quic_use_legacy_codepoint=no
ac_cv_func_accept4=yes
ac_cv_func_eventfd=yes
ac_cv_func_fnmatch=yes
ac_cv_func_fseeko=yes
ac_cv_func_geteuid=yes
ac_cv_func_gethostbyname=yes
ac_cv_func_getpass_r=no
ac_cv_func_getppid=yes
ac_cv_func_getpwuid=yes
ac_cv_func_getpwuid_r=yes
ac_cv_func_getrlimit=yes
ac_cv_func_gettimeofday=yes
ac_cv_func_if_nametoindex=yes
ac_cv_func_mach_absolute_time=no
ac_cv_func_memset_explicit=no
ac_cv_func_opendir=yes
ac_cv_func_pipe2=yes
ac_cv_func_pipe=yes
ac_cv_func_poll=yes
ac_cv_func_pthread_create=yes
ac_cv_func_realpath=yes
ac_cv_func_sched_yield=yes
ac_cv_func_sendmmsg=yes
ac_cv_func_sendmsg=yes
ac_cv_func_setlocale=yes
ac_cv_func_setrlimit=yes
ac_cv_func_utime=yes
ac_cv_func_utimes=yes
ac_cv_have_decl_fseeko=yes
ac_cv_header_arpa_inet_h=yes
ac_cv_header_dirent_h=yes
ac_cv_header_dlfcn_h=yes
ac_cv_header_fcntl_h=yes
ac_cv_header_ifaddrs_h=yes
ac_cv_header_inttypes_h=yes
ac_cv_header_io_h=no
ac_cv_header_libgen_h=yes
ac_cv_header_linux_tcp_h=yes
ac_cv_header_locale_h=yes
ac_cv_header_net_if_h=yes
ac_cv_header_netdb_h=yes
ac_cv_header_netinet_in6_h=no
ac_cv_header_netinet_in_h=yes
ac_cv_header_netinet_ip_h=yes
ac_cv_header_netinet_tcp_h=yes
ac_cv_header_netinet_udp_h=yes
ac_cv_header_openssl_crypto_h=yes
ac_cv_header_openssl_err_h=yes
ac_cv_header_openssl_pem_h=yes
ac_cv_header_openssl_rsa_h=yes
ac_cv_header_openssl_ssl_h=yes
ac_cv_header_poll_h=yes
ac_cv_header_proto_bsdsocket_h=no
ac_cv_header_pthread_h=yes
ac_cv_header_pwd_h=yes
ac_cv_header_stdatomic_h=yes
ac_cv_header_stdbool_h=yes
ac_cv_header_stdint_h=yes
ac_cv_header_stdio_h=yes
ac_cv_header_stdlib_h=yes
ac_cv_header_string_h=yes
ac_cv_header_strings_h=yes
ac_cv_header_stropts_h=no
ac_cv_header_sys_eventfd_h=yes
ac_cv_header_sys_filio_h=no
ac_cv_header_sys_ioctl_h=yes
ac_cv_header_sys_param_h=yes
ac_cv_header_sys_poll_h=yes
ac_cv_header_sys_resource_h=yes
ac_cv_header_sys_select_h=yes
ac_cv_header_sys_sockio_h=no
ac_cv_header_sys_stat_h=yes
ac_cv_header_sys_types_h=yes
ac_cv_header_sys_un_h=yes
ac_cv_header_sys_utime_h=no
ac_cv_header_sys_xattr_h=yes
ac_cv_header_termio_h=yes
ac_cv_header_termios_h=yes
ac_cv_header_unistd_h=yes
ac_cv_header_utime_h=yes
ac_cv_host=x86_64-pc-linux-gnu
ac_cv_lib_crypto_HMAC_Update=yes
ac_cv_lib_nghttp2_nghttp2_session_get_stream_local_window_size=no
ac_cv_lib_ssl_SSL_connect=yes
ac_cv_member_struct_sockaddr_un_sun_path=yes
ac_cv_objext=o
ac_cv_path_EGREP='/usr/bin/grep -E'
ac_cv_path_FGREP='/usr/bin/grep -F'
ac_cv_path_GREP=/usr/bin/grep
ac_cv_path_PERL=/usr/bin/perl
ac_cv_path_SED=/usr/bin/sed
ac_cv_path_ac_pt_AR=/usr/bin/ar
ac_cv_path_ac_pt_PKGCONFIG=/usr/bin/pkg-config
ac_cv_path_install='/usr/bin/install -c'
ac_cv_path_lt_DD=/usr/bin/dd
ac_cv_path_mkdir=/usr/bin/mkdir
ac_cv_prog_AWK=gawk
ac_cv_prog_CPP='gcc -E'
ac_cv_prog_ac_ct_CC=gcc
ac_cv_prog_ac_ct_FILECMD=file
ac_cv_prog_ac_ct_MANIFEST_TOOL=mt
ac_cv_prog_ac_ct_OBJDUMP=objdump
ac_cv_prog_ac_ct_RANLIB=ranlib
ac_cv_prog_ac_ct_STRIP=strip
ac_cv_prog_cc_c11=
ac_cv_prog_cc_g=yes
ac_cv_prog_cc_stdc=
ac_cv_prog_make_make_set=yes
ac_cv_sizeof_curl_off_t=8
ac_cv_sizeof_curl_socket_t=4
ac_cv_sizeof_int=4
ac_cv_sizeof_long=8
ac_cv_sizeof_off_t=8
ac_cv_sizeof_size_t=8
ac_cv_sizeof_time_t=8
ac_cv_sys_file_offset_bits=no
ac_cv_sys_largefile_CC=no
ac_cv_type_bool=yes
ac_cv_type_sa_family_t=yes
ac_cv_type_size_t=yes
ac_cv_type_ssize_t=yes
ac_cv_type_struct_sockaddr_storage=yes
ac_cv_type_suseconds_t=yes
am_cv_CC_dependencies_compiler_type=gcc3
am_cv_make_support_nested_variables=yes
am_cv_prog_cc_c_o=yes
curl_cv_android=no
curl_cv_apple=no
curl_cv_def___GNUC__=13
curl_cv_func_alarm=yes
curl_cv_func_basename=yes
curl_cv_func_closesocket=no
curl_cv_func_closesocket_camel=no
curl_cv_func_fcntl=yes
curl_cv_func_fcntl_o_nonblock=yes
curl_cv_func_freeaddrinfo=yes
curl_cv_func_fsetxattr=yes
curl_cv_func_getaddrinfo=yes
curl_cv_func_getaddrinfo_threadsafe=yes
curl_cv_func_gethostbyname_r=yes
curl_cv_func_gethostname=yes
curl_cv_func_getifaddrs=yes
curl_cv_func_getpeername=yes
curl_cv_func_getsockname=yes
curl_cv_func_gmtime_r=yes
curl_cv_func_ioctl=yes
curl_cv_func_ioctl_fionbio=yes
curl_cv_func_ioctl_siocgifaddr=yes
curl_cv_func_ioctlsocket=no
curl_cv_func_ioctlsocket_camel=no
curl_cv_func_localtime_r=yes
curl_cv_func_memrchr=yes
curl_cv_func_memset_s=no
curl_cv_func_recv=yes
curl_cv_func_send=yes
curl_cv_func_sigaction=yes
curl_cv_func_siginterrupt=yes
curl_cv_func_signal=yes
curl_cv_func_sigsetjmp=yes
curl_cv_func_socket=yes
curl_cv_func_socketpair=yes
curl_cv_func_strcasecmp=yes
curl_cv_func_strcmpi=no
curl_cv_func_strerror_r=yes
curl_cv_func_stricmp=no
curl_cv_gclk_LIBS=
curl_cv_have_def___DECC=no
curl_cv_have_def___DECC_VER=no
curl_cv_have_def___GNUC__=yes
curl_cv_have_def___HP_cc=no
curl_cv_have_def___IBMC__=no
curl_cv_have_def___INTEL_COMPILER=no
curl_cv_have_def___SUNPRO_C=no
curl_cv_have_def___TINYC__=no
curl_cv_have_def___clang__=no
curl_cv_header_lber_h=no
curl_cv_header_ldap_h=no
curl_cv_header_ldap_ssl_h=no
curl_cv_ldap_LIBS=unknown
curl_cv_native_windows=no
curl_cv_recv=yes
curl_cv_save_LIBS='-lssl -lcrypto '
curl_cv_send=yes
curl_cv_struct_timeval=yes
curl_cv_winuwp=no
curl_cv_writable_argv=yes
lt_cv_ar_at_file=@
lt_cv_deplibs_check_method=pass_all
lt_cv_file_magic_cmd='$MAGIC_CMD'
lt_cv_file_magic_test_file=
lt_cv_ld_reload_flag=-r
lt_cv_nm_interface='BSD nm'
lt_cv_objdir=.libs
lt_cv_path_LD=/usr/bin/ld
lt_cv_path_NM='/usr/bin/nm -B'
lt_cv_path_mainfest_tool=no
lt_cv_prog_compiler_c_o=yes
lt_cv_prog_compiler_c_o_RC=yes
lt_cv_prog_compiler_pic='-fPIC -DPIC'
lt_cv_prog_compiler_pic_works=yes
lt_cv_prog_compiler_rtti_exceptions=no
lt_cv_prog_compiler_static_works=yes
lt_cv_prog_gnu_ld=yes
lt_cv_sharedlib_from_linklib_cmd='printf %s\n'
lt_cv_shlibpath_overrides_runpath=yes
lt_cv_sys_global_symbol_pipe='/usr/bin/sed -n -e '\''s/^.*[	 ]\([ABCDGIRSTW][ABCDGIRSTW]*\)[	 ][	 ]*\([_A-Za-z][_A-Za-z0-9]*\)$/\1 \2 \2/p'\'' | /usr/bin/sed '\''/ __gnu_lto/d'\'''
lt_cv_sys_global_symbol_to_c_name_address='/usr/bin/sed -n -e '\''s/^: \(.*\) .*$/  {"\1", (void *) 0},/p'\'' -e '\''s/^[ABCDGIRSTW][ABCDGIRSTW]* .* \(.*\)$/  {"\1", (void *) \&\1},/p'\'''
lt_cv_sys_global_symbol_to_c_name_address_lib_prefix='/usr/bin/sed -n -e '\''s/^: \(.*\) .*$/  {"\1", (void *) 0},/p'\'' -e '\''s/^[ABCDGIRSTW][ABCDGIRSTW]* .* \(lib.*\)$/  {"\1", (void *) \&\1},/p'\'' -e '\''s/^[ABCDGIRSTW][ABCDGIRSTW]* .* \(.*\)$/  {"lib\1", (void *) \&\1},/p'\'''
lt_cv_sys_global_symbol_to_cdecl='/usr/bin/sed -n -e '\''s/^T .* \(.*\)$/extern int \1();/p'\'' -e '\''s/^[ABCDGIRSTW][ABCDGIRSTW]* .* \(.*\)$/extern char \1;/p'\'''
lt_cv_sys_global_symbol_to_import=
lt_cv_sys_max_cmd_len=3145728
lt_cv_to_host_file_cmd=func_convert_file_noop
lt_cv_to_tool_file_cmd=func_convert_file_noop
lt_cv_truncate_bin='/usr/bin/dd bs=4096 count=1'

## ----------------- ##
## Output variables. ##
## ----------------- ##

ACLOCAL='${SHELL} '\''/home/alex/dev/OmniAmp/1.0.3/modules/curl/missing'\'' aclocal-1.16'
AMDEPBACKSLASH='\'
AMDEP_FALSE='#'
AMDEP_TRUE=''
AMTAR='$${TAR-tar}'
AM_BACKSLASH='\'
AM_DEFAULT_V='$(AM_DEFAULT_VERBOSITY)'
AM_DEFAULT_VERBOSITY='0'
AM_V='$(V)'
APXS=''
AR='/usr/bin/ar'
AR_FLAGS='cr'
AS='as'
AUTOCONF='${SHELL} '\''/home/alex/dev/OmniAmp/1.0.3/modules/curl/missing'\'' autoconf'
AUTOHEADER='${SHELL} '\''/home/alex/dev/OmniAmp/1.0.3/modules/curl/missing'\'' autoheader'
AUTOMAKE='${SHELL} '\''/home/alex/dev/OmniAmp/1.0.3/modules/curl/missing'\'' automake-1.16'
AWK='gawk'
BLANK_AT_MAKETIME=''
BUILD_DOCS_FALSE='#'
BUILD_DOCS_TRUE=''
BUILD_STUB_GSS_FALSE=''
BUILD_STUB_GSS_TRUE='#'
BUILD_UNITTESTS_FALSE='#'
BUILD_UNITTESTS_TRUE=''
CADDY=''
CC='gcc'
CCDEPMODE='depmode=gcc3'
CFLAGS='-Werror-implicit-function-declaration -O2 -Wno-system-headers'
CFLAG_CURL_SYMBOL_HIDING='-fvisibility=hidden'
CLANG_FALSE=''
CLANG_TIDY='clang-tidy'
CLANG_TRUE='#'
CONFIGURE_OPTIONS='" '\''--prefix=/home/alex/dev/OmniAmp/1.0.3/modules/http-deps'\'' '\''--disable-shared'\'' '\''--enable-static'\'' '\''--with-openssl=/home/alex/dev/OmniAmp/1.0.3/modules/http-deps'\'' '\''--without-libpsl'\'' '\''--without-zlib'\'' '\''--without-brotli'\'' '\''--without-zstd'\'' '\''--without-libidn2'\'' '\''--without-libssh2'\'' '\''LDFLAGS=-L/home/alex/dev/OmniAmp/1.0.3/modules/http-deps/lib'\'' '\''CPPFLAGS=-I/home/alex/dev/OmniAmp/1.0.3/modules/http-deps/include'\''"'
CPP='gcc -E'
CPPFLAGS='-isystem /home/alex/dev/OmniAmp/1.0.3/modules/http-deps/include -D_GNU_SOURCE -isystem /home/alex/dev/OmniAmp/1.0.3/modules/http-deps/include'
CROSSCOMPILING_FALSE=''
CROSSCOMPILING_TRUE='#'
CSCOPE='cscope'
CTAGS='ctags'
CURLVERSION='8.22.0'
CURL_CA_BUNDLE='/etc/ssl/certs/ca-certificates.crt'
CURL_CA_EMBED=''
CURL_CA_EMBED_SET_FALSE=''
CURL_CA_EMBED_SET_TRUE='#'
CURL_CFLAG_EXTRAS=''
CURL_CPP='gcc -E -isystem /home/alex/dev/OmniAmp/1.0.3/modules/http-deps/include -D_GNU_SOURCE -isystem /home/alex/dev/OmniAmp/1.0.3/modules/http-deps/include'
CURL_LIBCURL_VERSIONED_SYMBOLS_PREFIX=''
CURL_LIBCURL_VERSIONED_SYMBOLS_SONAME='4'
CURL_LT_SHLIB_USE_MIMPURE_TEXT_FALSE=''
CURL_LT_SHLIB_USE_MIMPURE_TEXT_TRUE='#'
CURL_LT_SHLIB_USE_NO_UNDEFINED_FALSE=''
CURL_LT_SHLIB_USE_NO_UNDEFINED_TRUE='#'
CURL_LT_SHLIB_USE_VERSIONED_SYMBOLS_FALSE=''
CURL_LT_SHLIB_USE_VERSIONED_SYMBOLS_TRUE='#'
CURL_LT_SHLIB_USE_VERSION_INFO_FALSE='#'
CURL_LT_SHLIB_USE_VERSION_INFO_TRUE=''
CURL_NETWORK_AND_TIME_LIBS=''
CURL_PACKAGE_MAINTAINER=''
CURL_WERROR_FALSE=''
CURL_WERROR_TRUE='#'
CYGPATH_W='echo'
DANTED=''
DEBUGBUILD_FALSE=''
DEBUGBUILD_TRUE='#'
DEFS='-DHAVE_CONFIG_H'
DEPDIR='.deps'
DLLTOOL='false'
DOING_CURL_SYMBOL_HIDING_FALSE='#'
DOING_CURL_SYMBOL_HIDING_TRUE=''
DOING_NATIVE_WINDOWS_FALSE=''
DOING_NATIVE_WINDOWS_TRUE='#'
DSYMUTIL=''
DUMPBIN=''
ECHO_C=''
ECHO_N='-n'
ECHO_T=''
EGREP='/usr/bin/grep -E'
ENABLE_SHARED='no'
ENABLE_STATIC='yes'
ETAGS='etags'
EXEEXT=''
FGREP='/usr/bin/grep -F'
FILECMD='file'
FISH_FUNCTIONS_DIR=''
GCOV=''
GREP='/usr/bin/grep'
H2O=''
HAVE_LIBZ=''
HAVE_LIBZ_FALSE=''
HAVE_LIBZ_TRUE='#'
HAVE_WINDRES_FALSE=''
HAVE_WINDRES_TRUE='#'
HTTPD=''
HTTPD_NGHTTPX=''
INSTALL_DATA='${INSTALL} -m 644'
INSTALL_PROGRAM='${INSTALL}'
INSTALL_SCRIPT='${INSTALL}'
INSTALL_STRIP_PROGRAM='$(install_sh) -c -s'
LCOV=''
LD='/usr/bin/ld -m elf_x86_64'
LDFLAGS='-L/home/alex/dev/OmniAmp/1.0.3/modules/http-deps/lib -L/home/alex/dev/OmniAmp/1.0.3/modules/http-deps/lib'
LIBCURL_PC_CFLAGS='-DCURL_STATICLIB'
LIBCURL_PC_CFLAGS_PRIVATE='-DCURL_STATICLIB'
LIBCURL_PC_LDFLAGS_PRIVATE='-L/home/alex/dev/OmniAmp/1.0.3/modules/http-deps/lib -L/home/alex/dev/OmniAmp/1.0.3/modules/http-deps/lib'
LIBCURL_PC_LIBS='-lssl -lcrypto '
LIBCURL_PC_LIBS_PRIVATE='-lssl -lcrypto'
LIBCURL_PC_REQUIRES='openssl'
LIBCURL_PC_REQUIRES_PRIVATE=''
LIBOBJS=''
LIBS='-lssl -lcrypto'
LIBTOOL='$(SHELL) $(top_builddir)/libtool'
LIPO=''
LN_S='ln -s'
LTLIBOBJS=''
LT_SYS_LIBRARY_PATH=''
MAINT='#'
MAINTAINER_MODE_FALSE=''
MAINTAINER_MODE_TRUE='#'
MAKEINFO='${SHELL} '\''/home/alex/dev/OmniAmp/1.0.3/modules/curl/missing'\'' makeinfo'
MANIFEST_TOOL=':'
MKDIR_P='/usr/bin/mkdir -p'
NM='/usr/bin/nm -B'
NMEDIT=''
NOT_CURL_CI_FALSE='#'
NOT_CURL_CI_TRUE=''
OBJDUMP='objdump'
OBJEXT='o'
OTOOL64=''
OTOOL=''
PACKAGE='curl'
PACKAGE_BUGREPORT='a suitable curl mailing list: https://curl.se/mail/'
PACKAGE_NAME='curl'
PACKAGE_STRING='curl -'
PACKAGE_TARNAME='curl'
PACKAGE_URL=''
PACKAGE_VERSION='-'
PATH_SEPARATOR=':'
PERL='/usr/bin/perl'
PERL_FALSE='#'
PERL_TRUE=''
PKGCONFIG='no'
RANLIB='ranlib'
RC=''
SED='/usr/bin/sed'
SET_MAKE=''
SFTPD=''
SHELL='/bin/bash'
SSHD=''
SSL_BACKENDS='OpenSSL'
STRIP='strip'
SUPPORT_FEATURES='alt-svc AsynchDNS HSTS HTTPS-proxy IPv6 Largefile SSL threadsafe UnixSockets'
SUPPORT_PROTOCOLS='DICT FILE FTP FTPS GOPHER GOPHERS HTTP HTTPS IMAP IMAPS IPFS IPNS MQTT MQTTS POP3 POP3S RTSP SMTP SMTPS TELNET TFTP WS WSS'
TEST_NGHTTPX='nghttpx'
USE_CPPFLAG_CURL_STATICLIB_FALSE='#'
USE_CPPFLAG_CURL_STATICLIB_TRUE=''
USE_FISH_COMPLETION_FALSE=''
USE_FISH_COMPLETION_TRUE='#'
USE_GSASL_FALSE=''
USE_GSASL_TRUE='#'
USE_LIBPSL_FALSE=''
USE_LIBPSL_TRUE='#'
USE_MANUAL_FALSE='#'
USE_MANUAL_TRUE=''
USE_UNICODE_FALSE=''
USE_UNICODE_TRUE='#'
USE_UNITY_FALSE=''
USE_UNITY_TRUE='#'
USE_ZSH_COMPLETION_FALSE=''
USE_ZSH_COMPLETION_TRUE='#'
VERSION='-'
VERSIONNUM='081600'
VSFTPD=''
ZLIB_LIBS=''
ZSH_FUNCTIONS_DIR=''
ac_ct_AR=''
ac_ct_CC='gcc'
ac_ct_DUMPBIN=''
am__EXEEXT_FALSE=''
am__EXEEXT_TRUE='#'
am__fastdepCC_FALSE='#'
am__fastdepCC_TRUE=''
am__include='include'
am__isrc=''
am__leading_dot='.'
am__nodep='_no'
am__quote=''
am__tar='$${TAR-tar} chof - "$$tardir"'
am__untar='$${TAR-tar} xf -'
bindir='${exec_prefix}/bin'
build='x86_64-pc-linux-gnu'
build_alias=''
build_cpu='x86_64'
build_os='linux-gnu'
build_vendor='pc'
datadir='${datarootdir}'
datarootdir='${prefix}/share'
docdir='${datarootdir}/doc/${PACKAGE_TARNAME}'
dvidir='${docdir}'
exec_prefix='${prefix}'
host='x86_64-pc-linux-gnu'
host_alias=''
host_cpu='x86_64'
host_os='linux-gnu'
host_vendor='pc'
htmldir='${docdir}'
includedir='${prefix}/include'
infodir='${datarootdir}/info'
install_sh='${SHELL} /home/alex/dev/OmniAmp/1.0.3/modules/curl/install-sh'
libdir='${exec_prefix}/lib'
libexecdir='${exec_prefix}/libexec'
libext='a'
localedir='${datarootdir}/locale'
localstatedir='${prefix}/var'
mandir='${datarootdir}/man'
mkdir_p='$(MKDIR_P)'
oldincludedir='/usr/include'
pdfdir='${docdir}'
prefix='/home/alex/dev/OmniAmp/1.0.3/modules/http-deps'
program_transform_name='s,x,x,'
psdir='${docdir}'
runstatedir='${localstatedir}/run'
sbindir='${exec_prefix}/sbin'
sharedstatedir='${prefix}/com'
sysconfdir='${prefix}/etc'
target_alias=''

## ----------- ##
## confdefs.h. ##
## ----------- ##

/* confdefs.h */
#define PACKAGE_NAME "curl"
#define PACKAGE_TARNAME "curl"
#define PACKAGE_VERSION "-"
#define PACKAGE_STRING "curl -"
#define PACKAGE_BUGREPORT "a suitable curl mailing list: https://curl.se/mail/"
#define PACKAGE_URL ""
#define HAVE_STDIO_H 1
#define HAVE_STDLIB_H 1
#define HAVE_STRING_H 1
#define HAVE_INTTYPES_H 1
#define HAVE_STDINT_H 1
#define HAVE_STRINGS_H 1
#define HAVE_SYS_STAT_H 1
#define HAVE_SYS_TYPES_H 1
#define HAVE_UNISTD_H 1
#define STDC_HEADERS 1
#define HAVE_STDATOMIC_H 1
#define HAVE_ATOMIC 1
#define PACKAGE "curl"
#define VERSION "-"
#define CURL_OS "x86_64-pc-linux-gnu"
#define HAVE_DLFCN_H 1
#define LT_OBJDIR ".libs/"
#define HAVE_LDAP_SSL 1
#define HAVE_SYS_TYPES_H 1
#define HAVE_CLOCK_GETTIME_MONOTONIC 1
#define HAVE_SYS_TYPES_H 1
#define HAVE_CLOCK_GETTIME_MONOTONIC_RAW 1
#define USE_IPV6 1
#define HAVE_SOCKADDR_IN6_SIN6_SCOPE_ID 1
#define HAVE_WRITABLE_ARGV 1
#define HAVE_LIBSSL 1
#define HAVE_OPENSSL_RSA_H 1
#define USE_OPENSSL 1
#define HAVE_OPENSSL_CRYPTO_H 1
#define USE_OPENSSL 1
#define HAVE_OPENSSL_PEM_H 1
#define USE_OPENSSL 1
#define HAVE_OPENSSL_SSL_H 1
#define USE_OPENSSL 1
#define HAVE_OPENSSL_ERR_H 1
#define USE_OPENSSL 1
#define HAVE_SSL_SET_QUIC_TLS_CBS 1
#define HAVE_DES_ECB_ENCRYPT 1
#define CURL_CA_BUNDLE "/etc/ssl/certs/ca-certificates.crt"
#define CURL_CA_PATH "/etc/ssl/certs"
#define CURL_DISABLE_LDAP 1
#define CURL_DISABLE_LDAPS 1
#define HAVE_SYS_TYPES_H 1
#define HAVE_SYS_SELECT_H 1
#define HAVE_SYS_IOCTL_H 1
#define HAVE_UNISTD_H 1
#define HAVE_ARPA_INET_H 1
#define HAVE_NET_IF_H 1
#define HAVE_NETINET_IN_H 1
#define HAVE_SYS_UN_H 1
#define HAVE_LINUX_TCP_H 1
#define HAVE_NETINET_TCP_H 1
#define HAVE_NETINET_UDP_H 1
#define HAVE_NETINET_IP_H 1
#define HAVE_NETDB_H 1
#define HAVE_SYS_PARAM_H 1
#define HAVE_TERMIOS_H 1
#define HAVE_TERMIO_H 1
#define HAVE_FCNTL_H 1
#define HAVE_PWD_H 1
#define HAVE_UTIME_H 1
#define HAVE_SYS_POLL_H 1
#define HAVE_POLL_H 1
#define HAVE_SYS_RESOURCE_H 1
#define HAVE_LIBGEN_H 1
#define HAVE_LOCALE_H 1
#define HAVE_STDBOOL_H 1
#define HAVE_SYS_EVENTFD_H 1
#define HAVE_SYS_TYPES_H 1
#define HAVE_STRUCT_TIMEVAL 1
#define SIZEOF_SIZE_T 8
#define SIZEOF_LONG 8
#define SIZEOF_INT 4
#define SIZEOF_TIME_T 8
#define SIZEOF_OFF_T 8
#define SIZEOF_CURL_OFF_T 8
#define SIZEOF_CURL_SOCKET_T 4
#define HAVE_BOOL_T 1
#define HAVE_SA_FAMILY_T 1
#define HAVE_SUSECONDS_T 1
#define HAVE_STRUCT_SOCKADDR_STORAGE 1
#define HAVE_SYS_TYPES_H 1
#define HAVE_RECV 1
#define HAVE_SYS_TYPES_H 1
#define HAVE_SEND 1
#define HAVE_SYS_TYPES_H 1
#define HAVE_UNISTD_H 1
#define HAVE_ALARM 1
#define HAVE_SYS_TYPES_H 1
#define HAVE_STRINGS_H 1
#define HAVE_SYS_TYPES_H 1
#define HAVE_LIBGEN_H 1
#define HAVE_BASENAME 1
#define HAVE_SYS_TYPES_H 1
#define HAVE_SYS_TYPES_H 1
#define HAVE_UNISTD_H 1
#define HAVE_FCNTL_H 1
#define HAVE_FCNTL 1
#define HAVE_FCNTL_O_NONBLOCK 1
#define HAVE_SYS_TYPES_H 1
#define HAVE_NETDB_H 1
#define HAVE_FREEADDRINFO 1
#define HAVE_SYS_TYPES_H 1
#define HAVE_SYS_XATTR_H 1
#define HAVE_FSETXATTR 1
#define HAVE_FSETXATTR_5 1
#define HAVE_SYS_TYPES_H 1
#define HAVE_GETADDRINFO 1
#define HAVE_GETADDRINFO_THREADSAFE 1
#define HAVE_GETHOSTBYNAME_R 1
#define HAVE_GETHOSTBYNAME_R_6 1
#define GETHOSTNAME_TYPE_ARG2 size_t
#define HAVE_GETHOSTNAME 1
#define HAVE_SYS_TYPES_H 1
#define HAVE_NETINET_IN_H 1
#define HAVE_IFADDRS_H 1
#define HAVE_GETIFADDRS 1
#define HAVE_GETPEERNAME 1
#define HAVE_GETSOCKNAME 1
#define HAVE_SYS_TYPES_H 1
#define HAVE_GMTIME_R 1
#define HAVE_SYS_TYPES_H 1
#define HAVE_UNISTD_H 1
#define HAVE_SYS_IOCTL_H 1
#define HAVE_IOCTL_FIONBIO 1
#define HAVE_IOCTL_SIOCGIFADDR 1
#define HAVE_LOCALTIME_R 1
#define HAVE_MEMRCHR 1
#define HAVE_SYS_TYPES_H 1
#define HAVE_SIGACTION 1
#define HAVE_SIGINTERRUPT 1
#define HAVE_SIGNAL 1
#define HAVE_SYS_TYPES_H 1
#define HAVE_SIGSETJMP 1
#define HAVE_SOCKET 1
#define HAVE_SOCKETPAIR 1
#define HAVE_STRERROR_R 1
#define HAVE_GLIBC_STRERROR_R 1
#define HAVE_ACCEPT4 1
#define HAVE_EVENTFD 1
#define HAVE_FNMATCH 1
#define HAVE_GETEUID 1
#define HAVE_GETPPID 1
#define HAVE_GETPWUID 1
#define HAVE_GETPWUID_R 1
#define HAVE_GETRLIMIT 1
#define HAVE_PIPE 1
#define HAVE_POLL 1
#define HAVE_SENDMMSG 1
#define HAVE_SENDMSG 1
#define HAVE_SETLOCALE 1
#define HAVE_SETRLIMIT 1
#define HAVE_UTIME 1
#define HAVE_UTIMES 1
#define HAVE_PIPE2 1
#define HAVE_GETTIMEOFDAY 1
#define HAVE_IF_NAMETOINDEX 1
#define HAVE_REALPATH 1
#define HAVE_SCHED_YIELD 1
#define HAVE_STRCASECMP 1
#define HAVE_FSEEKO 1
#define HAVE_DECL_FSEEKO 1
#define HAVE_THREADS_POSIX 1
#define USE_RESOLV_THREADED 1
#define HAVE_DIRENT_H 1
#define HAVE_OPENDIR 1
#define CURL_DISABLE_HTTPSIG 1
#define USE_UNIX_SOCKETS 1
#define HAVE_SSL_SET0_WBIO 1
#define CURL_EXTERN_SYMBOL __attribute__((__visibility__("default")))

configure: exit 0
